Regions-ID	Regionsname	Kantonszugehörigkeit
1	Aeugst am Albis	Zürich (1)
2	Affoltern am Albis	Zürich (1)
3	Bonstetten	Zürich (1)
4	Hausen am Albis	Zürich (1)
5	Hedingen	Zürich (1)
6	Kappel am Albis	Zürich (1)
7	Knonau	Zürich (1)
8	Maschwanden	Zürich (1)
9	Mettmenstetten	Zürich (1)
10	Obfelden	Zürich (1)
11	Ottenbach	Zürich (1)
12	Rifferswil	Zürich (1)
13	Stallikon	Zürich (1)
14	Wettswil am Albis	Zürich (1)
21	Adlikon	Zürich (1)
22	Benken (ZH)	Zürich (1)
23	Berg am Irchel	Zürich (1)
24	Buch am Irchel	Zürich (1)
25	Dachsen	Zürich (1)
26	Dorf	Zürich (1)
27	Feuerthalen	Zürich (1)
28	Flaach	Zürich (1)
29	Flurlingen	Zürich (1)
30	Andelfingen	Zürich (1)
31	Henggart	Zürich (1)
32	Humlikon	Zürich (1)
33	Kleinandelfingen	Zürich (1)
34	Laufen-Uhwiesen	Zürich (1)
35	Marthalen	Zürich (1)
36	Oberstammheim	Zürich (1)
37	Ossingen	Zürich (1)
38	Rheinau	Zürich (1)
39	Thalheim an der Thur	Zürich (1)
40	Trüllikon	Zürich (1)
41	Truttikon	Zürich (1)
42	Unterstammheim	Zürich (1)
43	Volken	Zürich (1)
44	Waltalingen	Zürich (1)
51	Bachenbülach	Zürich (1)
52	Bassersdorf	Zürich (1)
53	Bülach	Zürich (1)
54	Dietlikon	Zürich (1)
55	Eglisau	Zürich (1)
56	Embrach	Zürich (1)
57	Freienstein-Teufen	Zürich (1)
58	Glattfelden	Zürich (1)
59	Hochfelden	Zürich (1)
60	Höri	Zürich (1)
61	Hüntwangen	Zürich (1)
62	Kloten	Zürich (1)
63	Lufingen	Zürich (1)
64	Nürensdorf	Zürich (1)
65	Oberembrach	Zürich (1)
66	Opfikon	Zürich (1)
67	Rafz	Zürich (1)
68	Rorbas	Zürich (1)
69	Wallisellen	Zürich (1)
70	Wasterkingen	Zürich (1)
71	Wil (ZH)	Zürich (1)
72	Winkel	Zürich (1)
81	Bachs	Zürich (1)
82	Boppelsen	Zürich (1)
83	Buchs (ZH)	Zürich (1)
84	Dällikon	Zürich (1)
85	Dänikon	Zürich (1)
86	Dielsdorf	Zürich (1)
87	Hüttikon	Zürich (1)
88	Neerach	Zürich (1)
89	Niederglatt	Zürich (1)
90	Niederhasli	Zürich (1)
91	Niederweningen	Zürich (1)
92	Oberglatt	Zürich (1)
93	Oberweningen	Zürich (1)
94	Otelfingen	Zürich (1)
95	Regensberg	Zürich (1)
96	Regensdorf	Zürich (1)
97	Rümlang	Zürich (1)
98	Schleinikon	Zürich (1)
99	Schöfflisdorf	Zürich (1)
100	Stadel	Zürich (1)
101	Steinmaur	Zürich (1)
102	Weiach	Zürich (1)
111	Bäretswil	Zürich (1)
112	Bubikon	Zürich (1)
113	Dürnten	Zürich (1)
114	Fischenthal	Zürich (1)
115	Gossau (ZH)	Zürich (1)
116	Grüningen	Zürich (1)
117	Hinwil	Zürich (1)
118	Rüti (ZH)	Zürich (1)
119	Seegräben	Zürich (1)
120	Wald (ZH)	Zürich (1)
121	Wetzikon (ZH)	Zürich (1)
131	Adliswil	Zürich (1)
132	Hirzel	Zürich (1)
133	Horgen	Zürich (1)
134	Hütten	Zürich (1)
135	Kilchberg (ZH)	Zürich (1)
136	Langnau am Albis	Zürich (1)
137	Oberrieden	Zürich (1)
138	Richterswil	Zürich (1)
139	Rüschlikon	Zürich (1)
140	Schönenberg (ZH)	Zürich (1)
141	Thalwil	Zürich (1)
142	Wädenswil	Zürich (1)
151	Erlenbach (ZH)	Zürich (1)
152	Herrliberg	Zürich (1)
153	Hombrechtikon	Zürich (1)
154	Küsnacht (ZH)	Zürich (1)
155	Männedorf	Zürich (1)
156	Meilen	Zürich (1)
157	Oetwil am See	Zürich (1)
158	Stäfa	Zürich (1)
159	Uetikon am See	Zürich (1)
160	Zumikon	Zürich (1)
161	Zollikon	Zürich (1)
172	Fehraltorf	Zürich (1)
173	Hittnau	Zürich (1)
174	Illnau-Effretikon	Zürich (1)
175	Kyburg	Zürich (1)
176	Lindau	Zürich (1)
177	Pfäffikon	Zürich (1)
178	Russikon	Zürich (1)
180	Weisslingen	Zürich (1)
181	Wila	Zürich (1)
182	Wildberg	Zürich (1)
191	Dübendorf	Zürich (1)
192	Egg	Zürich (1)
193	Fällanden	Zürich (1)
194	Greifensee	Zürich (1)
195	Maur	Zürich (1)
196	Mönchaltorf	Zürich (1)
197	Schwerzenbach	Zürich (1)
198	Uster	Zürich (1)
199	Volketswil	Zürich (1)
200	Wangen-Brüttisellen	Zürich (1)
211	Altikon	Zürich (1)
213	Brütten	Zürich (1)
214	Dägerlen	Zürich (1)
215	Dättlikon	Zürich (1)
216	Dinhard	Zürich (1)
217	Elgg	Zürich (1)
218	Ellikon an der Thur	Zürich (1)
219	Elsau	Zürich (1)
220	Hagenbuch	Zürich (1)
221	Hettlingen	Zürich (1)
222	Hofstetten (ZH)	Zürich (1)
223	Neftenbach	Zürich (1)
224	Pfungen	Zürich (1)
225	Rickenbach (ZH)	Zürich (1)
226	Schlatt (ZH)	Zürich (1)
227	Seuzach	Zürich (1)
228	Turbenthal	Zürich (1)
230	Winterthur	Zürich (1)
231	Zell (ZH)	Zürich (1)
241	Aesch (ZH)	Zürich (1)
242	Birmensdorf (ZH)	Zürich (1)
243	Dietikon	Zürich (1)
244	Geroldswil	Zürich (1)
245	Oberengstringen	Zürich (1)
246	Oetwil an der Limmat	Zürich (1)
247	Schlieren	Zürich (1)
248	Uitikon	Zürich (1)
249	Unterengstringen	Zürich (1)
250	Urdorf	Zürich (1)
251	Weiningen (ZH)	Zürich (1)
261	Zürich	Zürich (1)
297	Bauma	Zürich (1)
298	Wiesendangen	Zürich (1)
301	Aarberg	Bern (2)
302	Bargen (BE)	Bern (2)
303	Grossaffoltern	Bern (2)
304	Kallnach	Bern (2)
305	Kappelen	Bern (2)
306	Lyss	Bern (2)
307	Meikirch	Bern (2)
309	Radelfingen	Bern (2)
310	Rapperswil (BE)	Bern (2)
311	Schüpfen	Bern (2)
312	Seedorf (BE)	Bern (2)
321	Aarwangen	Bern (2)
322	Auswil	Bern (2)
323	Bannwil	Bern (2)
324	Bleienbach	Bern (2)
325	Busswil bei Melchnau	Bern (2)
326	Gondiswil	Bern (2)
329	Langenthal	Bern (2)
331	Lotzwil	Bern (2)
332	Madiswil	Bern (2)
333	Melchnau	Bern (2)
334	Obersteckholz	Bern (2)
335	Oeschenbach	Bern (2)
336	Reisiswil	Bern (2)
337	Roggwil (BE)	Bern (2)
338	Rohrbach	Bern (2)
339	Rohrbachgraben	Bern (2)
340	Rütschelen	Bern (2)
341	Schwarzhäusern	Bern (2)
342	Thunstetten	Bern (2)
344	Ursenbach	Bern (2)
345	Wynau	Bern (2)
351	Bern	Bern (2)
352	Bolligen	Bern (2)
353	Bremgarten bei Bern	Bern (2)
354	Kirchlindach	Bern (2)
355	Köniz	Bern (2)
356	Muri bei Bern	Bern (2)
357	Oberbalm	Bern (2)
358	Stettlen	Bern (2)
359	Vechigen	Bern (2)
360	Wohlen bei Bern	Bern (2)
361	Zollikofen	Bern (2)
362	Ittigen	Bern (2)
363	Ostermundigen	Bern (2)
371	Biel/Bienne	Bern (2)
372	Evilard	Bern (2)
381	Arch	Bern (2)
382	Büetigen	Bern (2)
383	Büren an der Aare	Bern (2)
385	Diessbach bei Büren	Bern (2)
386	Dotzigen	Bern (2)
387	Lengnau (BE)	Bern (2)
388	Leuzigen	Bern (2)
389	Meienried	Bern (2)
390	Meinisberg	Bern (2)
391	Oberwil bei Büren	Bern (2)
392	Pieterlen	Bern (2)
393	Rüti bei Büren	Bern (2)
394	Wengi	Bern (2)
401	Aefligen	Bern (2)
402	Alchenstorf	Bern (2)
403	Bäriswil	Bern (2)
404	Burgdorf	Bern (2)
405	Ersigen	Bern (2)
406	Hasle bei Burgdorf	Bern (2)
407	Heimiswil	Bern (2)
408	Hellsau	Bern (2)
409	Hindelbank	Bern (2)
410	Höchstetten	Bern (2)
411	Kernenried	Bern (2)
412	Kirchberg (BE)	Bern (2)
413	Koppigen	Bern (2)
414	Krauchthal	Bern (2)
415	Lyssach	Bern (2)
416	Mötschwil	Bern (2)
417	Niederösch	Bern (2)
418	Oberburg	Bern (2)
419	Oberösch	Bern (2)
420	Rüdtligen-Alchenflüh	Bern (2)
421	Rumendingen	Bern (2)
422	Rüti bei Lyssach	Bern (2)
423	Willadingen	Bern (2)
424	Wynigen	Bern (2)
431	Corgémont	Bern (2)
432	Cormoret	Bern (2)
433	Cortébert	Bern (2)
434	Courtelary	Bern (2)
435	La Ferrière	Bern (2)
437	Mont-Tramelan	Bern (2)
438	Orvin	Bern (2)
441	Renan (BE)	Bern (2)
442	Romont (BE)	Bern (2)
443	Saint-Imier	Bern (2)
444	Sonceboz-Sombeval	Bern (2)
445	Sonvilier	Bern (2)
446	Tramelan	Bern (2)
448	Villeret	Bern (2)
449	Sauge	Bern (2)
450	Péry-La Heutte	Bern (2)
491	Brüttelen	Bern (2)
492	Erlach	Bern (2)
493	Finsterhennen	Bern (2)
494	Gals	Bern (2)
495	Gampelen	Bern (2)
496	Ins	Bern (2)
497	Lüscherz	Bern (2)
498	Müntschemier	Bern (2)
499	Siselen	Bern (2)
500	Treiten	Bern (2)
501	Tschugg	Bern (2)
502	Vinelz	Bern (2)
532	Bangerten	Bern (2)
533	Bätterkinden	Bern (2)
535	Deisswil bei Münchenbuchsee	Bern (2)
536	Diemerswil	Bern (2)
538	Fraubrunnen	Bern (2)
540	Jegenstorf	Bern (2)
541	Iffwil	Bern (2)
543	Mattstetten	Bern (2)
544	Moosseedorf	Bern (2)
546	Münchenbuchsee	Bern (2)
551	Urtenen-Schönbühl	Bern (2)
552	Utzenstorf	Bern (2)
553	Wiggiswil	Bern (2)
554	Wiler bei Utzenstorf	Bern (2)
556	Zielebach	Bern (2)
557	Zuzwil (BE)	Bern (2)
561	Adelboden	Bern (2)
562	Aeschi bei Spiez	Bern (2)
563	Frutigen	Bern (2)
564	Kandergrund	Bern (2)
565	Kandersteg	Bern (2)
566	Krattigen	Bern (2)
567	Reichenbach im Kandertal	Bern (2)
571	Beatenberg	Bern (2)
572	Bönigen	Bern (2)
573	Brienz (BE)	Bern (2)
574	Brienzwiler	Bern (2)
575	Därligen	Bern (2)
576	Grindelwald	Bern (2)
577	Gsteigwiler	Bern (2)
578	Gündlischwand	Bern (2)
579	Habkern	Bern (2)
580	Hofstetten bei Brienz	Bern (2)
581	Interlaken	Bern (2)
582	Iseltwald	Bern (2)
584	Lauterbrunnen	Bern (2)
585	Leissigen	Bern (2)
586	Lütschental	Bern (2)
587	Matten bei Interlaken	Bern (2)
588	Niederried bei Interlaken	Bern (2)
589	Oberried am Brienzersee	Bern (2)
590	Ringgenberg (BE)	Bern (2)
591	Saxeten	Bern (2)
592	Schwanden bei Brienz	Bern (2)
593	Unterseen	Bern (2)
594	Wilderswil	Bern (2)
602	Arni (BE)	Bern (2)
603	Biglen	Bern (2)
605	Bowil	Bern (2)
606	Brenzikofen	Bern (2)
607	Freimettigen	Bern (2)
608	Grosshöchstetten	Bern (2)
609	Häutligen	Bern (2)
610	Herbligen	Bern (2)
611	Kiesen	Bern (2)
612	Konolfingen	Bern (2)
613	Landiswil	Bern (2)
614	Linden	Bern (2)
615	Mirchel	Bern (2)
616	Münsingen	Bern (2)
617	Niederhünigen	Bern (2)
619	Oberdiessbach	Bern (2)
620	Oberthal	Bern (2)
622	Oppligen	Bern (2)
623	Rubigen	Bern (2)
624	Schlosswil	Bern (2)
625	Tägertschi	Bern (2)
626	Walkringen	Bern (2)
627	Worb	Bern (2)
628	Zäziwil	Bern (2)
629	Oberhünigen	Bern (2)
630	Allmendingen	Bern (2)
632	Wichtrach	Bern (2)
661	Clavaleyres	Bern (2)
662	Ferenbalm	Bern (2)
663	Frauenkappelen	Bern (2)
664	Golaten	Bern (2)
665	Gurbrü	Bern (2)
666	Kriechenwil	Bern (2)
667	Laupen	Bern (2)
668	Mühleberg	Bern (2)
669	Münchenwiler	Bern (2)
670	Neuenegg	Bern (2)
671	Wileroltigen	Bern (2)
681	Belprahon	Bern (2)
683	Champoz	Bern (2)
687	Corcelles (BE)	Bern (2)
690	Court	Bern (2)
691	Crémines	Bern (2)
692	Eschert	Bern (2)
694	Grandval	Bern (2)
696	Loveresse	Bern (2)
700	Moutier	Bern (2)
701	Perrefitte	Bern (2)
703	Reconvilier	Bern (2)
704	Roches (BE)	Bern (2)
706	Saicourt	Bern (2)
707	Saules (BE)	Bern (2)
708	Schelten	Bern (2)
709	Seehof	Bern (2)
711	Sorvilier	Bern (2)
713	Tavannes	Bern (2)
715	Rebévelier	Bern (2)
716	Petit-Val	Bern (2)
717	Valbirse	Bern (2)
723	La Neuveville	Bern (2)
724	Nods	Bern (2)
726	Plateau de Diesse	Bern (2)
731	Aegerten	Bern (2)
732	Bellmund	Bern (2)
733	Brügg	Bern (2)
734	Bühl	Bern (2)
735	Epsach	Bern (2)
736	Hagneck	Bern (2)
737	Hermrigen	Bern (2)
738	Jens	Bern (2)
739	Ipsach	Bern (2)
740	Ligerz	Bern (2)
741	Merzligen	Bern (2)
742	Mörigen	Bern (2)
743	Nidau	Bern (2)
744	Orpund	Bern (2)
745	Port	Bern (2)
746	Safnern	Bern (2)
747	Scheuren	Bern (2)
748	Schwadernau	Bern (2)
749	Studen (BE)	Bern (2)
750	Sutz-Lattrigen	Bern (2)
751	Täuffelen	Bern (2)
754	Walperswil	Bern (2)
755	Worben	Bern (2)
756	Twann-Tüscherz	Bern (2)
761	Därstetten	Bern (2)
762	Diemtigen	Bern (2)
763	Erlenbach im Simmental	Bern (2)
766	Oberwil im Simmental	Bern (2)
767	Reutigen	Bern (2)
768	Spiez	Bern (2)
769	Wimmis	Bern (2)
770	Stocken-Höfen	Bern (2)
782	Guttannen	Bern (2)
783	Hasliberg	Bern (2)
784	Innertkirchen	Bern (2)
785	Meiringen	Bern (2)
786	Schattenhalb	Bern (2)
791	Boltigen	Bern (2)
792	Lenk	Bern (2)
793	St. Stephan	Bern (2)
794	Zweisimmen	Bern (2)
841	Gsteig	Bern (2)
842	Lauenen	Bern (2)
843	Saanen	Bern (2)
852	Guggisberg	Bern (2)
853	Rüschegg	Bern (2)
855	Schwarzenburg	Bern (2)
861	Belp	Bern (2)
863	Burgistein	Bern (2)
865	Gelterfingen	Bern (2)
866	Gerzensee	Bern (2)
867	Gurzelen	Bern (2)
868	Jaberg	Bern (2)
869	Kaufdorf	Bern (2)
870	Kehrsatz	Bern (2)
872	Kirchdorf (BE)	Bern (2)
873	Kirchenthurnen	Bern (2)
874	Lohnstorf	Bern (2)
875	Mühledorf (BE)	Bern (2)
876	Mühlethurnen	Bern (2)
877	Niedermuhlern	Bern (2)
878	Noflen	Bern (2)
879	Riggisberg	Bern (2)
880	Rüeggisberg	Bern (2)
881	Rümligen	Bern (2)
883	Seftigen	Bern (2)
884	Toffen	Bern (2)
885	Uttigen	Bern (2)
886	Wattenwil	Bern (2)
888	Wald (BE)	Bern (2)
901	Eggiwil	Bern (2)
902	Langnau im Emmental	Bern (2)
903	Lauperswil	Bern (2)
904	Röthenbach im Emmental	Bern (2)
905	Rüderswil	Bern (2)
906	Schangnau	Bern (2)
907	Signau	Bern (2)
908	Trub	Bern (2)
909	Trubschachen	Bern (2)
921	Amsoldingen	Bern (2)
922	Blumenstein	Bern (2)
923	Buchholterberg	Bern (2)
924	Eriz	Bern (2)
925	Fahrni	Bern (2)
927	Heiligenschwendi	Bern (2)
928	Heimberg	Bern (2)
929	Hilterfingen	Bern (2)
931	Homberg	Bern (2)
932	Horrenbach-Buchen	Bern (2)
934	Oberhofen am Thunersee	Bern (2)
935	Oberlangenegg	Bern (2)
936	Pohlern	Bern (2)
937	Schwendibach	Bern (2)
938	Sigriswil	Bern (2)
939	Steffisburg	Bern (2)
940	Teuffenthal (BE)	Bern (2)
941	Thierachern	Bern (2)
942	Thun	Bern (2)
943	Uebeschi	Bern (2)
944	Uetendorf	Bern (2)
945	Unterlangenegg	Bern (2)
946	Wachseldorn	Bern (2)
947	Zwieselberg	Bern (2)
948	Forst-Längenbühl	Bern (2)
951	Affoltern im Emmental	Bern (2)
952	Dürrenroth	Bern (2)
953	Eriswil	Bern (2)
954	Huttwil	Bern (2)
955	Lützelflüh	Bern (2)
956	Rüegsau	Bern (2)
957	Sumiswald	Bern (2)
958	Trachselwald	Bern (2)
959	Walterswil (BE)	Bern (2)
960	Wyssachen	Bern (2)
971	Attiswil	Bern (2)
972	Berken	Bern (2)
973	Bettenhausen	Bern (2)
975	Farnern	Bern (2)
976	Graben	Bern (2)
977	Heimenhausen	Bern (2)
978	Hermiswil	Bern (2)
979	Herzogenbuchsee	Bern (2)
980	Inkwil	Bern (2)
981	Niederbipp	Bern (2)
982	Niederönz	Bern (2)
983	Oberbipp	Bern (2)
985	Ochlenberg	Bern (2)
987	Rumisberg	Bern (2)
988	Seeberg	Bern (2)
989	Thörigen	Bern (2)
990	Walliswil bei Niederbipp	Bern (2)
991	Walliswil bei Wangen	Bern (2)
992	Wangen an der Aare	Bern (2)
993	Wangenried	Bern (2)
995	Wiedlisbach	Bern (2)
996	Wolfisberg	Bern (2)
1001	Doppleschwand	Luzern (3)
1002	Entlebuch	Luzern (3)
1004	Flühli	Luzern (3)
1005	Hasle (LU)	Luzern (3)
1007	Romoos	Luzern (3)
1008	Schüpfheim	Luzern (3)
1009	Werthenstein	Luzern (3)
1010	Escholzmatt-Marbach	Luzern (3)
1021	Aesch (LU)	Luzern (3)
1022	Altwis	Luzern (3)
1023	Ballwil	Luzern (3)
1024	Emmen	Luzern (3)
1025	Ermensee	Luzern (3)
1026	Eschenbach (LU)	Luzern (3)
1030	Hitzkirch	Luzern (3)
1031	Hochdorf	Luzern (3)
1032	Hohenrain	Luzern (3)
1033	Inwil	Luzern (3)
1037	Rain	Luzern (3)
1039	Römerswil	Luzern (3)
1040	Rothenburg	Luzern (3)
1041	Schongau	Luzern (3)
1051	Adligenswil	Luzern (3)
1052	Buchrain	Luzern (3)
1053	Dierikon	Luzern (3)
1054	Ebikon	Luzern (3)
1055	Gisikon	Luzern (3)
1056	Greppen	Luzern (3)
1057	Honau	Luzern (3)
1058	Horw	Luzern (3)
1059	Kriens	Luzern (3)
1061	Luzern	Luzern (3)
1062	Malters	Luzern (3)
1063	Meggen	Luzern (3)
1064	Meierskappel	Luzern (3)
1065	Root	Luzern (3)
1066	Schwarzenberg	Luzern (3)
1067	Udligenswil	Luzern (3)
1068	Vitznau	Luzern (3)
1069	Weggis	Luzern (3)
1081	Beromünster	Luzern (3)
1082	Büron	Luzern (3)
1083	Buttisholz	Luzern (3)
1084	Eich	Luzern (3)
1085	Geuensee	Luzern (3)
1086	Grosswangen	Luzern (3)
1088	Hildisrieden	Luzern (3)
1089	Knutwil	Luzern (3)
1091	Mauensee	Luzern (3)
1093	Neuenkirch	Luzern (3)
1094	Nottwil	Luzern (3)
1095	Oberkirch	Luzern (3)
1097	Rickenbach (LU)	Luzern (3)
1098	Ruswil	Luzern (3)
1099	Schenkon	Luzern (3)
1100	Schlierbach	Luzern (3)
1102	Sempach	Luzern (3)
1103	Sursee	Luzern (3)
1104	Triengen	Luzern (3)
1107	Wolhusen	Luzern (3)
1121	Alberswil	Luzern (3)
1122	Altbüron	Luzern (3)
1123	Altishofen	Luzern (3)
1125	Dagmersellen	Luzern (3)
1126	Ebersecken	Luzern (3)
1127	Egolzwil	Luzern (3)
1128	Ettiswil	Luzern (3)
1129	Fischbach	Luzern (3)
1130	Gettnau	Luzern (3)
1131	Grossdietwil	Luzern (3)
1132	Hergiswil bei Willisau	Luzern (3)
1135	Luthern	Luzern (3)
1136	Menznau	Luzern (3)
1137	Nebikon	Luzern (3)
1139	Pfaffnau	Luzern (3)
1140	Reiden	Luzern (3)
1142	Roggliswil	Luzern (3)
1143	Schötz	Luzern (3)
1145	Ufhusen	Luzern (3)
1146	Wauwil	Luzern (3)
1147	Wikon	Luzern (3)
1150	Zell (LU)	Luzern (3)
1151	Willisau	Luzern (3)
1201	Altdorf (UR)	Uri (4)
1202	Andermatt	Uri (4)
1203	Attinghausen	Uri (4)
1204	Bauen	Uri (4)
1205	Bürglen (UR)	Uri (4)
1206	Erstfeld	Uri (4)
1207	Flüelen	Uri (4)
1208	Göschenen	Uri (4)
1209	Gurtnellen	Uri (4)
1210	Hospental	Uri (4)
1211	Isenthal	Uri (4)
1212	Realp	Uri (4)
1213	Schattdorf	Uri (4)
1214	Seedorf (UR)	Uri (4)
1215	Seelisberg	Uri (4)
1216	Silenen	Uri (4)
1217	Sisikon	Uri (4)
1218	Spiringen	Uri (4)
1219	Unterschächen	Uri (4)
1220	Wassen	Uri (4)
1301	Einsiedeln	Schwyz (5)
1311	Gersau	Schwyz (5)
1321	Feusisberg	Schwyz (5)
1322	Freienbach	Schwyz (5)
1323	Wollerau	Schwyz (5)
1331	Küssnacht (SZ)	Schwyz (5)
1341	Altendorf	Schwyz (5)
1342	Galgenen	Schwyz (5)
1343	Innerthal	Schwyz (5)
1344	Lachen	Schwyz (5)
1345	Reichenburg	Schwyz (5)
1346	Schübelbach	Schwyz (5)
1347	Tuggen	Schwyz (5)
1348	Vorderthal	Schwyz (5)
1349	Wangen (SZ)	Schwyz (5)
1361	Alpthal	Schwyz (5)
1362	Arth	Schwyz (5)
1363	Illgau	Schwyz (5)
1364	Ingenbohl	Schwyz (5)
1365	Lauerz	Schwyz (5)
1366	Morschach	Schwyz (5)
1367	Muotathal	Schwyz (5)
1368	Oberiberg	Schwyz (5)
1369	Riemenstalden	Schwyz (5)
1370	Rothenthurm	Schwyz (5)
1371	Sattel	Schwyz (5)
1372	Schwyz	Schwyz (5)
1373	Steinen	Schwyz (5)
1374	Steinerberg	Schwyz (5)
1375	Unteriberg	Schwyz (5)
1401	Alpnach	Obwalden (6)
1402	Engelberg	Obwalden (6)
1403	Giswil	Obwalden (6)
1404	Kerns	Obwalden (6)
1405	Lungern	Obwalden (6)
1406	Sachseln	Obwalden (6)
1407	Sarnen	Obwalden (6)
1501	Beckenried	Nidwalden (7)
1502	Buochs	Nidwalden (7)
1503	Dallenwil	Nidwalden (7)
1504	Emmetten	Nidwalden (7)
1505	Ennetbürgen	Nidwalden (7)
1506	Ennetmoos	Nidwalden (7)
1507	Hergiswil (NW)	Nidwalden (7)
1508	Oberdorf (NW)	Nidwalden (7)
1509	Stans	Nidwalden (7)
1510	Stansstad	Nidwalden (7)
1511	Wolfenschiessen	Nidwalden (7)
1630	Glarus Nord	Glarus (8)
1631	Glarus Süd	Glarus (8)
1632	Glarus	Glarus (8)
1701	Baar	Zug (9)
1702	Cham	Zug (9)
1703	Hünenberg	Zug (9)
1704	Menzingen	Zug (9)
1705	Neuheim	Zug (9)
1706	Oberägeri	Zug (9)
1707	Risch	Zug (9)
1708	Steinhausen	Zug (9)
1709	Unterägeri	Zug (9)
1710	Walchwil	Zug (9)
1711	Zug	Zug (9)
2004	Bussy (FR)	Freiburg (10)
2005	Châbles	Freiburg (10)
2008	Châtillon (FR)	Freiburg (10)
2009	Cheiry	Freiburg (10)
2010	Cheyres	Freiburg (10)
2011	Cugy (FR)	Freiburg (10)
2013	Domdidier	Freiburg (10)
2014	Dompierre (FR)	Freiburg (10)
2015	Estavayer-le-Lac	Freiburg (10)
2016	Fétigny	Freiburg (10)
2022	Gletterens	Freiburg (10)
2024	Léchelles	Freiburg (10)
2025	Lully (FR)	Freiburg (10)
2027	Ménières	Freiburg (10)
2029	Montagny (FR)	Freiburg (10)
2033	Morens (FR)	Freiburg (10)
2034	Murist	Freiburg (10)
2035	Nuvilly	Freiburg (10)
2038	Prévondavaux	Freiburg (10)
2039	Rueyres-les-Prés	Freiburg (10)
2040	Russy	Freiburg (10)
2041	Saint-Aubin (FR)	Freiburg (10)
2043	Sévaz	Freiburg (10)
2044	Surpierre	Freiburg (10)
2045	Vallon	Freiburg (10)
2047	Villeneuve (FR)	Freiburg (10)
2049	Vuissens	Freiburg (10)
2050	Les Montets	Freiburg (10)
2051	Delley-Portalban	Freiburg (10)
2052	Vernay	Freiburg (10)
2061	Auboranges	Freiburg (10)
2063	Billens-Hennens	Freiburg (10)
2066	Chapelle (Glâne)	Freiburg (10)
2067	Le Châtelard	Freiburg (10)
2068	Châtonnaye	Freiburg (10)
2072	Ecublens (FR)	Freiburg (10)
2079	Grangettes	Freiburg (10)
2086	Massonnens	Freiburg (10)
2087	Mézières (FR)	Freiburg (10)
2089	Montet (Glâne)	Freiburg (10)
2096	Romont (FR)	Freiburg (10)
2097	Rue	Freiburg (10)
2099	Siviriez	Freiburg (10)
2102	Ursy	Freiburg (10)
2111	Villaz-Saint-Pierre	Freiburg (10)
2113	Vuisternens-devant-Romont	Freiburg (10)
2114	Villorsonnens	Freiburg (10)
2115	Torny	Freiburg (10)
2116	La Folliaz	Freiburg (10)
2121	Haut-Intyamon	Freiburg (10)
2122	Pont-en-Ogoz	Freiburg (10)
2123	Botterens	Freiburg (10)
2124	Broc	Freiburg (10)
2125	Bulle	Freiburg (10)
2128	Châtel-sur-Montsalvens	Freiburg (10)
2129	Corbières	Freiburg (10)
2130	Crésuz	Freiburg (10)
2131	Echarlens	Freiburg (10)
2134	Grandvillard	Freiburg (10)
2135	Gruyères	Freiburg (10)
2137	Hauteville	Freiburg (10)
2138	Jaun	Freiburg (10)
2140	Marsens	Freiburg (10)
2143	Morlon	Freiburg (10)
2145	Le Pâquier (FR)	Freiburg (10)
2147	Pont-la-Ville	Freiburg (10)
2148	Riaz	Freiburg (10)
2149	La Roche	Freiburg (10)
2152	Sâles	Freiburg (10)
2153	Sorens	Freiburg (10)
2155	Vaulruz	Freiburg (10)
2160	Vuadens	Freiburg (10)
2162	Bas-Intyamon	Freiburg (10)
2163	Val-de-Charmey	Freiburg (10)
2171	Arconciel	Freiburg (10)
2172	Autafond	Freiburg (10)
2173	Autigny	Freiburg (10)
2174	Avry	Freiburg (10)
2175	Belfaux	Freiburg (10)
2177	Chénens	Freiburg (10)
2179	Chésopelloz	Freiburg (10)
2183	Corminboeuf	Freiburg (10)
2184	Corpataux-Magnedens	Freiburg (10)
2185	Corserey	Freiburg (10)
2186	Cottens (FR)	Freiburg (10)
2189	Ependes (FR)	Freiburg (10)
2192	Farvagny	Freiburg (10)
2194	Ferpicloz	Freiburg (10)
2196	Fribourg	Freiburg (10)
2197	Givisiez	Freiburg (10)
2198	Granges-Paccot	Freiburg (10)
2200	Grolley	Freiburg (10)
2206	Marly	Freiburg (10)
2208	Matran	Freiburg (10)
2211	Neyruz (FR)	Freiburg (10)
2213	Noréaz	Freiburg (10)
2216	Pierrafortscha	Freiburg (10)
2217	Ponthaux	Freiburg (10)
2220	Le Mouret	Freiburg (10)
2221	Prez-vers-Noréaz	Freiburg (10)
2222	Rossens (FR)	Freiburg (10)
2223	Le Glèbe	Freiburg (10)
2225	Senèdes	Freiburg (10)
2226	Treyvaux	Freiburg (10)
2228	Villars-sur-Glâne	Freiburg (10)
2230	Villarsel-sur-Marly	Freiburg (10)
2231	Vuisternens-en-Ogoz	Freiburg (10)
2233	Hauterive (FR)	Freiburg (10)
2234	La Brillaz	Freiburg (10)
2235	La Sonnaz	Freiburg (10)
2243	Barberêche	Freiburg (10)
2250	Courgevaux	Freiburg (10)
2251	Courlevon	Freiburg (10)
2254	Courtepin	Freiburg (10)
2257	Cressier (FR)	Freiburg (10)
2258	Fräschels	Freiburg (10)
2259	Galmiz	Freiburg (10)
2260	Gempenach	Freiburg (10)
2261	Greng	Freiburg (10)
2262	Gurmels	Freiburg (10)
2264	Jeuss	Freiburg (10)
2265	Kerzers	Freiburg (10)
2266	Kleinbösingen	Freiburg (10)
2270	Lurtigen	Freiburg (10)
2271	Meyriez	Freiburg (10)
2272	Misery-Courtion	Freiburg (10)
2274	Muntelier	Freiburg (10)
2275	Murten	Freiburg (10)
2276	Ried bei Kerzers	Freiburg (10)
2277	Salvenach	Freiburg (10)
2278	Ulmiz	Freiburg (10)
2279	Villarepos	Freiburg (10)
2280	Bas-Vully	Freiburg (10)
2281	Haut-Vully	Freiburg (10)
2283	Wallenried	Freiburg (10)
2291	Alterswil	Freiburg (10)
2292	Brünisried	Freiburg (10)
2293	Düdingen	Freiburg (10)
2294	Giffers	Freiburg (10)
2295	Bösingen	Freiburg (10)
2296	Heitenried	Freiburg (10)
2298	Oberschrot	Freiburg (10)
2299	Plaffeien	Freiburg (10)
2300	Plasselb	Freiburg (10)
2301	Rechthalten	Freiburg (10)
2302	St. Antoni	Freiburg (10)
2303	St. Silvester	Freiburg (10)
2304	St. Ursen	Freiburg (10)
2305	Schmitten (FR)	Freiburg (10)
2306	Tafers	Freiburg (10)
2307	Tentlingen	Freiburg (10)
2308	Ueberstorf	Freiburg (10)
2309	Wünnewil-Flamatt	Freiburg (10)
2310	Zumholz	Freiburg (10)
2321	Attalens	Freiburg (10)
2323	Bossonnens	Freiburg (10)
2325	Châtel-Saint-Denis	Freiburg (10)
2328	Granges (Veveyse)	Freiburg (10)
2333	Remaufens	Freiburg (10)
2335	Saint-Martin (FR)	Freiburg (10)
2336	Semsales	Freiburg (10)
2337	Le Flon	Freiburg (10)
2338	La Verrerie	Freiburg (10)
2401	Egerkingen	Solothurn (11)
2402	Härkingen	Solothurn (11)
2403	Kestenholz	Solothurn (11)
2404	Neuendorf	Solothurn (11)
2405	Niederbuchsiten	Solothurn (11)
2406	Oberbuchsiten	Solothurn (11)
2407	Oensingen	Solothurn (11)
2408	Wolfwil	Solothurn (11)
2421	Aedermannsdorf	Solothurn (11)
2422	Balsthal	Solothurn (11)
2423	Gänsbrunnen	Solothurn (11)
2424	Herbetswil	Solothurn (11)
2425	Holderbank (SO)	Solothurn (11)
2426	Laupersdorf	Solothurn (11)
2427	Matzendorf	Solothurn (11)
2428	Mümliswil-Ramiswil	Solothurn (11)
2429	Welschenrohr	Solothurn (11)
2445	Biezwil	Solothurn (11)
2455	Lüterkofen-Ichertswil	Solothurn (11)
2456	Lüterswil-Gächliwil	Solothurn (11)
2457	Messen	Solothurn (11)
2461	Schnottwil	Solothurn (11)
2463	Unterramsern	Solothurn (11)
2464	Lüsslingen-Nennigkofen	Solothurn (11)
2465	Buchegg	Solothurn (11)
2471	Bättwil	Solothurn (11)
2472	Büren (SO)	Solothurn (11)
2473	Dornach	Solothurn (11)
2474	Gempen	Solothurn (11)
2475	Hochwald	Solothurn (11)
2476	Hofstetten-Flüh	Solothurn (11)
2477	Metzerlen-Mariastein	Solothurn (11)
2478	Nuglar-St. Pantaleon	Solothurn (11)
2479	Rodersdorf	Solothurn (11)
2480	Seewen	Solothurn (11)
2481	Witterswil	Solothurn (11)
2491	Hauenstein-Ifenthal	Solothurn (11)
2492	Kienberg	Solothurn (11)
2493	Lostorf	Solothurn (11)
2495	Niedergösgen	Solothurn (11)
2497	Obergösgen	Solothurn (11)
2498	Rohr (SO)	Solothurn (11)
2499	Stüsslingen	Solothurn (11)
2500	Trimbach	Solothurn (11)
2501	Winznau	Solothurn (11)
2502	Wisen (SO)	Solothurn (11)
2503	Erlinsbach (SO)	Solothurn (11)
2511	Aeschi (SO)	Solothurn (11)
2513	Biberist	Solothurn (11)
2514	Bolken	Solothurn (11)
2516	Deitingen	Solothurn (11)
2517	Derendingen	Solothurn (11)
2518	Etziken	Solothurn (11)
2519	Gerlafingen	Solothurn (11)
2520	Halten	Solothurn (11)
2523	Horriwil	Solothurn (11)
2524	Hüniken	Solothurn (11)
2525	Kriegstetten	Solothurn (11)
2526	Lohn-Ammannsegg	Solothurn (11)
2527	Luterbach	Solothurn (11)
2528	Obergerlafingen	Solothurn (11)
2529	Oekingen	Solothurn (11)
2530	Recherswil	Solothurn (11)
2532	Subingen	Solothurn (11)
2534	Zuchwil	Solothurn (11)
2535	Drei Höfe	Solothurn (11)
2541	Balm bei Günsberg	Solothurn (11)
2542	Bellach	Solothurn (11)
2543	Bettlach	Solothurn (11)
2544	Feldbrunnen-St. Niklaus	Solothurn (11)
2545	Flumenthal	Solothurn (11)
2546	Grenchen	Solothurn (11)
2547	Günsberg	Solothurn (11)
2548	Hubersdorf	Solothurn (11)
2549	Kammersrohr	Solothurn (11)
2550	Langendorf	Solothurn (11)
2551	Lommiswil	Solothurn (11)
2553	Oberdorf (SO)	Solothurn (11)
2554	Riedholz	Solothurn (11)
2555	Rüttenen	Solothurn (11)
2556	Selzach	Solothurn (11)
2571	Boningen	Solothurn (11)
2572	Däniken	Solothurn (11)
2573	Dulliken	Solothurn (11)
2574	Eppenberg-Wöschnau	Solothurn (11)
2575	Fulenbach	Solothurn (11)
2576	Gretzenbach	Solothurn (11)
2578	Gunzgen	Solothurn (11)
2579	Hägendorf	Solothurn (11)
2580	Kappel (SO)	Solothurn (11)
2581	Olten	Solothurn (11)
2582	Rickenbach (SO)	Solothurn (11)
2583	Schönenwerd	Solothurn (11)
2584	Starrkirch-Wil	Solothurn (11)
2585	Walterswil (SO)	Solothurn (11)
2586	Wangen bei Olten	Solothurn (11)
2601	Solothurn	Solothurn (11)
2611	Bärschwil	Solothurn (11)
2612	Beinwil (SO)	Solothurn (11)
2613	Breitenbach	Solothurn (11)
2614	Büsserach	Solothurn (11)
2615	Erschwil	Solothurn (11)
2616	Fehren	Solothurn (11)
2617	Grindel	Solothurn (11)
2618	Himmelried	Solothurn (11)
2619	Kleinlützel	Solothurn (11)
2620	Meltingen	Solothurn (11)
2621	Nunningen	Solothurn (11)
2622	Zullwil	Solothurn (11)
2701	Basel	Basel-Stadt (12)
2702	Bettingen	Basel-Stadt (12)
2703	Riehen	Basel-Stadt (12)
2761	Aesch (BL)	Basel-Landschaft (13)
2762	Allschwil	Basel-Landschaft (13)
2763	Arlesheim	Basel-Landschaft (13)
2764	Biel-Benken	Basel-Landschaft (13)
2765	Binningen	Basel-Landschaft (13)
2766	Birsfelden	Basel-Landschaft (13)
2767	Bottmingen	Basel-Landschaft (13)
2768	Ettingen	Basel-Landschaft (13)
2769	Münchenstein	Basel-Landschaft (13)
2770	Muttenz	Basel-Landschaft (13)
2771	Oberwil (BL)	Basel-Landschaft (13)
2772	Pfeffingen	Basel-Landschaft (13)
2773	Reinach (BL)	Basel-Landschaft (13)
2774	Schönenbuch	Basel-Landschaft (13)
2775	Therwil	Basel-Landschaft (13)
2781	Blauen	Basel-Landschaft (13)
2782	Brislach	Basel-Landschaft (13)
2783	Burg im Leimental	Basel-Landschaft (13)
2784	Dittingen	Basel-Landschaft (13)
2785	Duggingen	Basel-Landschaft (13)
2786	Grellingen	Basel-Landschaft (13)
2787	Laufen	Basel-Landschaft (13)
2788	Liesberg	Basel-Landschaft (13)
2789	Nenzlingen	Basel-Landschaft (13)
2790	Roggenburg	Basel-Landschaft (13)
2791	Röschenz	Basel-Landschaft (13)
2792	Wahlen	Basel-Landschaft (13)
2793	Zwingen	Basel-Landschaft (13)
2821	Arisdorf	Basel-Landschaft (13)
2822	Augst	Basel-Landschaft (13)
2823	Bubendorf	Basel-Landschaft (13)
2824	Frenkendorf	Basel-Landschaft (13)
2825	Füllinsdorf	Basel-Landschaft (13)
2826	Giebenach	Basel-Landschaft (13)
2827	Hersberg	Basel-Landschaft (13)
2828	Lausen	Basel-Landschaft (13)
2829	Liestal	Basel-Landschaft (13)
2830	Lupsingen	Basel-Landschaft (13)
2831	Pratteln	Basel-Landschaft (13)
2832	Ramlinsburg	Basel-Landschaft (13)
2833	Seltisberg	Basel-Landschaft (13)
2834	Ziefen	Basel-Landschaft (13)
2841	Anwil	Basel-Landschaft (13)
2842	Böckten	Basel-Landschaft (13)
2843	Buckten	Basel-Landschaft (13)
2844	Buus	Basel-Landschaft (13)
2845	Diepflingen	Basel-Landschaft (13)
2846	Gelterkinden	Basel-Landschaft (13)
2847	Häfelfingen	Basel-Landschaft (13)
2848	Hemmiken	Basel-Landschaft (13)
2849	Itingen	Basel-Landschaft (13)
2850	Känerkinden	Basel-Landschaft (13)
2851	Kilchberg (BL)	Basel-Landschaft (13)
2852	Läufelfingen	Basel-Landschaft (13)
2853	Maisprach	Basel-Landschaft (13)
2854	Nusshof	Basel-Landschaft (13)
2855	Oltingen	Basel-Landschaft (13)
2856	Ormalingen	Basel-Landschaft (13)
2857	Rickenbach (BL)	Basel-Landschaft (13)
2858	Rothenfluh	Basel-Landschaft (13)
2859	Rümlingen	Basel-Landschaft (13)
2860	Rünenberg	Basel-Landschaft (13)
2861	Sissach	Basel-Landschaft (13)
2862	Tecknau	Basel-Landschaft (13)
2863	Tenniken	Basel-Landschaft (13)
2864	Thürnen	Basel-Landschaft (13)
2865	Wenslingen	Basel-Landschaft (13)
2866	Wintersingen	Basel-Landschaft (13)
2867	Wittinsburg	Basel-Landschaft (13)
2868	Zeglingen	Basel-Landschaft (13)
2869	Zunzgen	Basel-Landschaft (13)
2881	Arboldswil	Basel-Landschaft (13)
2882	Bennwil	Basel-Landschaft (13)
2883	Bretzwil	Basel-Landschaft (13)
2884	Diegten	Basel-Landschaft (13)
2885	Eptingen	Basel-Landschaft (13)
2886	Hölstein	Basel-Landschaft (13)
2887	Lampenberg	Basel-Landschaft (13)
2888	Langenbruck	Basel-Landschaft (13)
2889	Lauwil	Basel-Landschaft (13)
2890	Liedertswil	Basel-Landschaft (13)
2891	Niederdorf	Basel-Landschaft (13)
2892	Oberdorf (BL)	Basel-Landschaft (13)
2893	Reigoldswil	Basel-Landschaft (13)
2894	Titterten	Basel-Landschaft (13)
2895	Waldenburg	Basel-Landschaft (13)
2901	Gächlingen	Schaffhausen (14)
2903	Löhningen	Schaffhausen (14)
2904	Neunkirch	Schaffhausen (14)
2914	Büttenhardt	Schaffhausen (14)
2915	Dörflingen	Schaffhausen (14)
2917	Lohn (SH)	Schaffhausen (14)
2919	Stetten (SH)	Schaffhausen (14)
2920	Thayngen	Schaffhausen (14)
2931	Bargen (SH)	Schaffhausen (14)
2932	Beringen	Schaffhausen (14)
2933	Buchberg	Schaffhausen (14)
2936	Merishausen	Schaffhausen (14)
2937	Neuhausen am Rheinfall	Schaffhausen (14)
2938	Rüdlingen	Schaffhausen (14)
2939	Schaffhausen	Schaffhausen (14)
2951	Beggingen	Schaffhausen (14)
2952	Schleitheim	Schaffhausen (14)
2953	Siblingen	Schaffhausen (14)
2961	Buch (SH)	Schaffhausen (14)
2962	Hemishofen	Schaffhausen (14)
2963	Ramsen	Schaffhausen (14)
2964	Stein am Rhein	Schaffhausen (14)
2971	Hallau	Schaffhausen (14)
2972	Oberhallau	Schaffhausen (14)
2973	Trasadingen	Schaffhausen (14)
2974	Wilchingen	Schaffhausen (14)
3001	Herisau	Appenzell A.Rh. (15)
3002	Hundwil	Appenzell A.Rh. (15)
3003	Schönengrund	Appenzell A.Rh. (15)
3004	Schwellbrunn	Appenzell A.Rh. (15)
3005	Stein (AR)	Appenzell A.Rh. (15)
3006	Urnäsch	Appenzell A.Rh. (15)
3007	Waldstatt	Appenzell A.Rh. (15)
3021	Bühler	Appenzell A.Rh. (15)
3022	Gais	Appenzell A.Rh. (15)
3023	Speicher	Appenzell A.Rh. (15)
3024	Teufen (AR)	Appenzell A.Rh. (15)
3025	Trogen	Appenzell A.Rh. (15)
3031	Grub (AR)	Appenzell A.Rh. (15)
3032	Heiden	Appenzell A.Rh. (15)
3033	Lutzenberg	Appenzell A.Rh. (15)
3034	Rehetobel	Appenzell A.Rh. (15)
3035	Reute (AR)	Appenzell A.Rh. (15)
3036	Wald (AR)	Appenzell A.Rh. (15)
3037	Walzenhausen	Appenzell A.Rh. (15)
3038	Wolfhalden	Appenzell A.Rh. (15)
3101	Appenzell	Appenzell I.Rh. (16)
3102	Gonten	Appenzell I.Rh. (16)
3103	Rüte	Appenzell I.Rh. (16)
3104	Schlatt-Haslen	Appenzell I.Rh. (16)
3105	Schwende	Appenzell I.Rh. (16)
3111	Oberegg	Appenzell I.Rh. (16)
3201	Häggenschwil	Sankt Gallen (17)
3202	Muolen	Sankt Gallen (17)
3203	St. Gallen	Sankt Gallen (17)
3204	Wittenbach	Sankt Gallen (17)
3211	Berg (SG)	Sankt Gallen (17)
3212	Eggersriet	Sankt Gallen (17)
3213	Goldach	Sankt Gallen (17)
3214	Mörschwil	Sankt Gallen (17)
3215	Rorschach	Sankt Gallen (17)
3216	Rorschacherberg	Sankt Gallen (17)
3217	Steinach	Sankt Gallen (17)
3218	Tübach	Sankt Gallen (17)
3219	Untereggen	Sankt Gallen (17)
3231	Au (SG)	Sankt Gallen (17)
3232	Balgach	Sankt Gallen (17)
3233	Berneck	Sankt Gallen (17)
3234	Diepoldsau	Sankt Gallen (17)
3235	Rheineck	Sankt Gallen (17)
3236	St. Margrethen	Sankt Gallen (17)
3237	Thal	Sankt Gallen (17)
3238	Widnau	Sankt Gallen (17)
3251	Altstätten	Sankt Gallen (17)
3252	Eichberg	Sankt Gallen (17)
3253	Marbach (SG)	Sankt Gallen (17)
3254	Oberriet (SG)	Sankt Gallen (17)
3255	Rebstein	Sankt Gallen (17)
3256	Rüthi (SG)	Sankt Gallen (17)
3271	Buchs (SG)	Sankt Gallen (17)
3272	Gams	Sankt Gallen (17)
3273	Grabs	Sankt Gallen (17)
3274	Sennwald	Sankt Gallen (17)
3275	Sevelen	Sankt Gallen (17)
3276	Wartau	Sankt Gallen (17)
3291	Bad Ragaz	Sankt Gallen (17)
3292	Flums	Sankt Gallen (17)
3293	Mels	Sankt Gallen (17)
3294	Pfäfers	Sankt Gallen (17)
3295	Quarten	Sankt Gallen (17)
3296	Sargans	Sankt Gallen (17)
3297	Vilters-Wangs	Sankt Gallen (17)
3298	Walenstadt	Sankt Gallen (17)
3311	Amden	Sankt Gallen (17)
3312	Benken (SG)	Sankt Gallen (17)
3313	Kaltbrunn	Sankt Gallen (17)
3315	Schänis	Sankt Gallen (17)
3316	Weesen	Sankt Gallen (17)
3338	Schmerikon	Sankt Gallen (17)
3339	Uznach	Sankt Gallen (17)
3340	Rapperswil-Jona	Sankt Gallen (17)
3341	Gommiswald	Sankt Gallen (17)
3342	Eschenbach (SG)	Sankt Gallen (17)
3352	Ebnat-Kappel	Sankt Gallen (17)
3359	Wildhaus-Alt St. Johann	Sankt Gallen (17)
3360	Nesslau	Sankt Gallen (17)
3372	Hemberg	Sankt Gallen (17)
3374	Lichtensteig	Sankt Gallen (17)
3375	Oberhelfenschwil	Sankt Gallen (17)
3378	Neckertal	Sankt Gallen (17)
3379	Wattwil	Sankt Gallen (17)
3392	Kirchberg (SG)	Sankt Gallen (17)
3393	Lütisburg	Sankt Gallen (17)
3394	Mosnang	Sankt Gallen (17)
3395	Bütschwil-Ganterschwil	Sankt Gallen (17)
3401	Degersheim	Sankt Gallen (17)
3402	Flawil	Sankt Gallen (17)
3405	Jonschwil	Sankt Gallen (17)
3407	Oberuzwil	Sankt Gallen (17)
3408	Uzwil	Sankt Gallen (17)
3422	Niederbüren	Sankt Gallen (17)
3423	Niederhelfenschwil	Sankt Gallen (17)
3424	Oberbüren	Sankt Gallen (17)
3426	Zuzwil (SG)	Sankt Gallen (17)
3427	Wil (SG)	Sankt Gallen (17)
3441	Andwil (SG)	Sankt Gallen (17)
3442	Gaiserwald	Sankt Gallen (17)
3443	Gossau (SG)	Sankt Gallen (17)
3444	Waldkirch	Sankt Gallen (17)
3503	Mutten	Graubünden (18)
3506	Vaz/Obervaz	Graubünden (18)
3513	Lantsch/Lenz	Graubünden (18)
3514	Schmitten (GR)	Graubünden (18)
3521	Bergün/Bravuogn	Graubünden (18)
3522	Filisur	Graubünden (18)
3531	Bivio	Graubünden (18)
3532	Cunter	Graubünden (18)
3533	Marmorera	Graubünden (18)
3534	Mulegns	Graubünden (18)
3536	Riom-Parsonz	Graubünden (18)
3538	Salouf	Graubünden (18)
3539	Savognin	Graubünden (18)
3540	Sur	Graubünden (18)
3541	Tinizong-Rona	Graubünden (18)
3542	Albula/Alvra	Graubünden (18)
3551	Brusio	Graubünden (18)
3561	Poschiavo	Graubünden (18)
3572	Falera	Graubünden (18)
3575	Laax	Graubünden (18)
3581	Sagogn	Graubünden (18)
3582	Schluein	Graubünden (18)
3603	Vals	Graubünden (18)
3611	Andiast	Graubünden (18)
3612	Obersaxen	Graubünden (18)
3616	Waltensburg/Vuorz	Graubünden (18)
3617	Mundaun	Graubünden (18)
3618	Lumnezia	Graubünden (18)
3619	Ilanz/Glion	Graubünden (18)
3633	Fürstenau	Graubünden (18)
3637	Rothenbrunnen	Graubünden (18)
3638	Scharans	Graubünden (18)
3640	Sils im Domleschg	Graubünden (18)
3661	Cazis	Graubünden (18)
3662	Flerden	Graubünden (18)
3663	Masein	Graubünden (18)
3668	Thusis	Graubünden (18)
3669	Tschappina	Graubünden (18)
3670	Urmein	Graubünden (18)
3672	Safiental	Graubünden (18)
3673	Domleschg	Graubünden (18)
3681	Avers	Graubünden (18)
3691	Hinterrhein	Graubünden (18)
3693	Nufenen	Graubünden (18)
3694	Splügen	Graubünden (18)
3695	Sufers	Graubünden (18)
3701	Andeer	Graubünden (18)
3703	Casti-Wergenstein	Graubünden (18)
3705	Donat	Graubünden (18)
3707	Lohn (GR)	Graubünden (18)
3708	Mathon	Graubünden (18)
3711	Rongellen	Graubünden (18)
3712	Zillis-Reischen	Graubünden (18)
3713	Ferrera	Graubünden (18)
3721	Bonaduz	Graubünden (18)
3722	Domat/Ems	Graubünden (18)
3723	Rhäzüns	Graubünden (18)
3731	Felsberg	Graubünden (18)
3732	Flims	Graubünden (18)
3733	Tamins	Graubünden (18)
3734	Trin	Graubünden (18)
3746	Zernez	Graubünden (18)
3752	Samnaun	Graubünden (18)
3762	Scuol	Graubünden (18)
3764	Valsot	Graubünden (18)
3781	Bever	Graubünden (18)
3782	Celerina/Schlarigna	Graubünden (18)
3783	Madulain	Graubünden (18)
3784	Pontresina	Graubünden (18)
3785	La Punt-Chamues-ch	Graubünden (18)
3786	Samedan	Graubünden (18)
3787	St. Moritz	Graubünden (18)
3788	S-chanf	Graubünden (18)
3789	Sils im Engadin/Segl	Graubünden (18)
3790	Silvaplana	Graubünden (18)
3791	Zuoz	Graubünden (18)
3792	Bregaglia	Graubünden (18)
3804	Buseno	Graubünden (18)
3805	Castaneda	Graubünden (18)
3808	Rossa	Graubünden (18)
3810	Santa Maria in Calanca	Graubünden (18)
3821	Lostallo	Graubünden (18)
3822	Mesocco	Graubünden (18)
3823	Soazza	Graubünden (18)
3831	Cama	Graubünden (18)
3832	Grono	Graubünden (18)
3833	Leggia	Graubünden (18)
3834	Roveredo (GR)	Graubünden (18)
3835	San Vittore	Graubünden (18)
3836	Verdabbio	Graubünden (18)
3837	Calanca	Graubünden (18)
3847	Val Müstair	Graubünden (18)
3851	Davos	Graubünden (18)
3861	Fideris	Graubünden (18)
3862	Furna	Graubünden (18)
3863	Jenaz	Graubünden (18)
3871	Klosters-Serneus	Graubünden (18)
3881	Conters im Prättigau	Graubünden (18)
3882	Küblis	Graubünden (18)
3883	Saas	Graubünden (18)
3891	Luzein	Graubünden (18)
3893	St. Antönien	Graubünden (18)
3901	Chur	Graubünden (18)
3911	Churwalden	Graubünden (18)
3921	Arosa	Graubünden (18)
3926	Maladers	Graubünden (18)
3932	Tschiertschen-Praden	Graubünden (18)
3941	Haldenstein	Graubünden (18)
3945	Trimmis	Graubünden (18)
3946	Untervaz	Graubünden (18)
3947	Zizers	Graubünden (18)
3951	Fläsch	Graubünden (18)
3952	Jenins	Graubünden (18)
3953	Maienfeld	Graubünden (18)
3954	Malans	Graubünden (18)
3955	Landquart	Graubünden (18)
3961	Grüsch	Graubünden (18)
3962	Schiers	Graubünden (18)
3972	Seewis im Prättigau	Graubünden (18)
3981	Breil/Brigels	Graubünden (18)
3982	Disentis/Mustér	Graubünden (18)
3983	Medel (Lucmagn)	Graubünden (18)
3985	Sumvitg	Graubünden (18)
3986	Tujetsch	Graubünden (18)
3987	Trun	Graubünden (18)
4001	Aarau	Aargau (19)
4002	Biberstein	Aargau (19)
4003	Buchs (AG)	Aargau (19)
4004	Densbüren	Aargau (19)
4005	Erlinsbach (AG)	Aargau (19)
4006	Gränichen	Aargau (19)
4007	Hirschthal	Aargau (19)
4008	Küttigen	Aargau (19)
4009	Muhen	Aargau (19)
4010	Oberentfelden	Aargau (19)
4012	Suhr	Aargau (19)
4013	Unterentfelden	Aargau (19)
4021	Baden	Aargau (19)
4022	Bellikon	Aargau (19)
4023	Bergdietikon	Aargau (19)
4024	Birmenstorf (AG)	Aargau (19)
4026	Ennetbaden	Aargau (19)
4027	Fislisbach	Aargau (19)
4028	Freienwil	Aargau (19)
4029	Gebenstorf	Aargau (19)
4030	Killwangen	Aargau (19)
4031	Künten	Aargau (19)
4032	Mägenwil	Aargau (19)
4033	Mellingen	Aargau (19)
4034	Neuenhof	Aargau (19)
4035	Niederrohrdorf	Aargau (19)
4037	Oberrohrdorf	Aargau (19)
4038	Obersiggenthal	Aargau (19)
4039	Remetschwil	Aargau (19)
4040	Spreitenbach	Aargau (19)
4041	Stetten (AG)	Aargau (19)
4042	Turgi	Aargau (19)
4044	Untersiggenthal	Aargau (19)
4045	Wettingen	Aargau (19)
4046	Wohlenschwil	Aargau (19)
4047	Würenlingen	Aargau (19)
4048	Würenlos	Aargau (19)
4049	Ehrendingen	Aargau (19)
4061	Arni (AG)	Aargau (19)
4062	Berikon	Aargau (19)
4063	Bremgarten (AG)	Aargau (19)
4064	Büttikon	Aargau (19)
4065	Dottikon	Aargau (19)
4066	Eggenwil	Aargau (19)
4067	Fischbach-Göslikon	Aargau (19)
4068	Hägglingen	Aargau (19)
4071	Jonen	Aargau (19)
4072	Niederwil (AG)	Aargau (19)
4073	Oberlunkhofen	Aargau (19)
4074	Oberwil-Lieli	Aargau (19)
4075	Rudolfstetten-Friedlisberg	Aargau (19)
4076	Sarmenstorf	Aargau (19)
4077	Tägerig	Aargau (19)
4078	Uezwil	Aargau (19)
4079	Unterlunkhofen	Aargau (19)
4080	Villmergen	Aargau (19)
4081	Widen	Aargau (19)
4082	Wohlen (AG)	Aargau (19)
4083	Zufikon	Aargau (19)
4084	Islisberg	Aargau (19)
4091	Auenstein	Aargau (19)
4092	Birr	Aargau (19)
4093	Birrhard	Aargau (19)
4094	Bözen	Aargau (19)
4095	Brugg	Aargau (19)
4096	Effingen	Aargau (19)
4097	Elfingen	Aargau (19)
4099	Habsburg	Aargau (19)
4100	Hausen (AG)	Aargau (19)
4104	Lupfig	Aargau (19)
4105	Mandach	Aargau (19)
4106	Mönthal	Aargau (19)
4107	Mülligen	Aargau (19)
4110	Remigen	Aargau (19)
4111	Riniken	Aargau (19)
4112	Rüfenach	Aargau (19)
4113	Scherz	Aargau (19)
4114	Schinznach-Bad	Aargau (19)
4117	Thalheim (AG)	Aargau (19)
4120	Veltheim (AG)	Aargau (19)
4121	Villigen	Aargau (19)
4122	Villnachern	Aargau (19)
4123	Windisch	Aargau (19)
4124	Bözberg	Aargau (19)
4125	Schinznach	Aargau (19)
4131	Beinwil am See	Aargau (19)
4132	Birrwil	Aargau (19)
4133	Burg (AG)	Aargau (19)
4134	Dürrenäsch	Aargau (19)
4135	Gontenschwil	Aargau (19)
4136	Holziken	Aargau (19)
4137	Leimbach (AG)	Aargau (19)
4138	Leutwil	Aargau (19)
4139	Menziken	Aargau (19)
4140	Oberkulm	Aargau (19)
4141	Reinach (AG)	Aargau (19)
4142	Schlossrued	Aargau (19)
4143	Schmiedrued	Aargau (19)
4144	Schöftland	Aargau (19)
4145	Teufenthal (AG)	Aargau (19)
4146	Unterkulm	Aargau (19)
4147	Zetzwil	Aargau (19)
4161	Eiken	Aargau (19)
4163	Frick	Aargau (19)
4164	Gansingen	Aargau (19)
4165	Gipf-Oberfrick	Aargau (19)
4166	Herznach	Aargau (19)
4167	Hornussen	Aargau (19)
4169	Kaisten	Aargau (19)
4170	Laufenburg	Aargau (19)
4172	Münchwilen (AG)	Aargau (19)
4173	Oberhof	Aargau (19)
4175	Oeschgen	Aargau (19)
4176	Schwaderloch	Aargau (19)
4177	Sisseln	Aargau (19)
4179	Ueken	Aargau (19)
4181	Wittnau	Aargau (19)
4182	Wölflinswil	Aargau (19)
4183	Zeihen	Aargau (19)
4184	Mettauertal	Aargau (19)
4191	Ammerswil	Aargau (19)
4192	Boniswil	Aargau (19)
4193	Brunegg	Aargau (19)
4194	Dintikon	Aargau (19)
4195	Egliswil	Aargau (19)
4196	Fahrwangen	Aargau (19)
4197	Hallwil	Aargau (19)
4198	Hendschiken	Aargau (19)
4199	Holderbank (AG)	Aargau (19)
4200	Hunzenschwil	Aargau (19)
4201	Lenzburg	Aargau (19)
4202	Meisterschwanden	Aargau (19)
4203	Möriken-Wildegg	Aargau (19)
4204	Niederlenz	Aargau (19)
4205	Othmarsingen	Aargau (19)
4206	Rupperswil	Aargau (19)
4207	Schafisheim	Aargau (19)
4208	Seengen	Aargau (19)
4209	Seon	Aargau (19)
4210	Staufen	Aargau (19)
4221	Abtwil	Aargau (19)
4222	Aristau	Aargau (19)
4223	Auw	Aargau (19)
4224	Beinwil (Freiamt)	Aargau (19)
4226	Besenbüren	Aargau (19)
4227	Bettwil	Aargau (19)
4228	Boswil	Aargau (19)
4229	Bünzen	Aargau (19)
4230	Buttwil	Aargau (19)
4231	Dietwil	Aargau (19)
4232	Geltwil	Aargau (19)
4233	Kallern	Aargau (19)
4234	Merenschwand	Aargau (19)
4235	Mühlau	Aargau (19)
4236	Muri (AG)	Aargau (19)
4237	Oberrüti	Aargau (19)
4238	Rottenschwil	Aargau (19)
4239	Sins	Aargau (19)
4240	Waltenschwil	Aargau (19)
4251	Hellikon	Aargau (19)
4252	Kaiseraugst	Aargau (19)
4253	Magden	Aargau (19)
4254	Möhlin	Aargau (19)
4255	Mumpf	Aargau (19)
4256	Obermumpf	Aargau (19)
4257	Olsberg	Aargau (19)
4258	Rheinfelden	Aargau (19)
4259	Schupfart	Aargau (19)
4260	Stein (AG)	Aargau (19)
4261	Wallbach	Aargau (19)
4262	Wegenstetten	Aargau (19)
4263	Zeiningen	Aargau (19)
4264	Zuzgen	Aargau (19)
4271	Aarburg	Aargau (19)
4272	Attelwil	Aargau (19)
4273	Bottenwil	Aargau (19)
4274	Brittnau	Aargau (19)
4275	Kirchleerau	Aargau (19)
4276	Kölliken	Aargau (19)
4277	Moosleerau	Aargau (19)
4279	Murgenthal	Aargau (19)
4280	Oftringen	Aargau (19)
4281	Reitnau	Aargau (19)
4282	Rothrist	Aargau (19)
4283	Safenwil	Aargau (19)
4284	Staffelbach	Aargau (19)
4285	Strengelbach	Aargau (19)
4286	Uerkheim	Aargau (19)
4287	Vordemwald	Aargau (19)
4288	Wiliberg	Aargau (19)
4289	Zofingen	Aargau (19)
4301	Baldingen	Aargau (19)
4302	Böbikon	Aargau (19)
4303	Böttstein	Aargau (19)
4304	Döttingen	Aargau (19)
4305	Endingen	Aargau (19)
4306	Fisibach	Aargau (19)
4307	Full-Reuenthal	Aargau (19)
4308	Kaiserstuhl	Aargau (19)
4309	Klingnau	Aargau (19)
4310	Koblenz	Aargau (19)
4311	Leibstadt	Aargau (19)
4312	Lengnau (AG)	Aargau (19)
4313	Leuggern	Aargau (19)
4314	Mellikon	Aargau (19)
4315	Rekingen (AG)	Aargau (19)
4316	Rietheim	Aargau (19)
4317	Rümikon	Aargau (19)
4318	Schneisingen	Aargau (19)
4319	Siglistorf	Aargau (19)
4320	Tegerfelden	Aargau (19)
4322	Wislikofen	Aargau (19)
4323	Bad Zurzach	Aargau (19)
4401	Arbon	Thurgau (20)
4406	Dozwil	Thurgau (20)
4411	Egnach	Thurgau (20)
4416	Hefenhofen	Thurgau (20)
4421	Horn	Thurgau (20)
4426	Kesswil	Thurgau (20)
4431	Roggwil (TG)	Thurgau (20)
4436	Romanshorn	Thurgau (20)
4441	Salmsach	Thurgau (20)
4446	Sommeri	Thurgau (20)
4451	Uttwil	Thurgau (20)
4461	Amriswil	Thurgau (20)
4471	Bischofszell	Thurgau (20)
4476	Erlen	Thurgau (20)
4486	Hauptwil-Gottshaus	Thurgau (20)
4495	Hohentannen	Thurgau (20)
4501	Kradolf-Schönenberg	Thurgau (20)
4506	Sulgen	Thurgau (20)
4511	Zihlschlacht-Sitterdorf	Thurgau (20)
4536	Basadingen-Schlattingen	Thurgau (20)
4545	Diessenhofen	Thurgau (20)
4546	Schlatt (TG)	Thurgau (20)
4551	Aadorf	Thurgau (20)
4561	Felben-Wellhausen	Thurgau (20)
4566	Frauenfeld	Thurgau (20)
4571	Gachnang	Thurgau (20)
4590	Hüttlingen	Thurgau (20)
4591	Matzingen	Thurgau (20)
4601	Neunforn	Thurgau (20)
4606	Stettfurt	Thurgau (20)
4611	Thundorf	Thurgau (20)
4616	Uesslingen-Buch	Thurgau (20)
4621	Warth-Weiningen	Thurgau (20)
4641	Altnau	Thurgau (20)
4643	Bottighofen	Thurgau (20)
4646	Ermatingen	Thurgau (20)
4651	Gottlieben	Thurgau (20)
4656	Güttingen	Thurgau (20)
4666	Kemmental	Thurgau (20)
4671	Kreuzlingen	Thurgau (20)
4681	Langrickenbach	Thurgau (20)
4683	Lengwil	Thurgau (20)
4691	Münsterlingen	Thurgau (20)
4696	Tägerwilen	Thurgau (20)
4701	Wäldi	Thurgau (20)
4711	Affeltrangen	Thurgau (20)
4716	Bettwiesen	Thurgau (20)
4721	Bichelsee-Balterswil	Thurgau (20)
4723	Braunau	Thurgau (20)
4724	Eschlikon	Thurgau (20)
4726	Fischingen	Thurgau (20)
4741	Lommis	Thurgau (20)
4746	Münchwilen (TG)	Thurgau (20)
4751	Rickenbach (TG)	Thurgau (20)
4756	Schönholzerswilen	Thurgau (20)
4761	Sirnach	Thurgau (20)
4776	Tobel-Tägerschen	Thurgau (20)
4781	Wängi	Thurgau (20)
4786	Wilen (TG)	Thurgau (20)
4791	Wuppenau	Thurgau (20)
4801	Berlingen	Thurgau (20)
4806	Eschenz	Thurgau (20)
4811	Herdern	Thurgau (20)
4816	Homburg	Thurgau (20)
4821	Hüttwilen	Thurgau (20)
4826	Mammern	Thurgau (20)
4831	Müllheim	Thurgau (20)
4841	Pfyn	Thurgau (20)
4846	Raperswilen	Thurgau (20)
4851	Salenstein	Thurgau (20)
4864	Steckborn	Thurgau (20)
4871	Wagenhausen	Thurgau (20)
4881	Amlikon-Bissegg	Thurgau (20)
4891	Berg (TG)	Thurgau (20)
4901	Birwinken	Thurgau (20)
4911	Bürglen (TG)	Thurgau (20)
4921	Bussnang	Thurgau (20)
4941	Märstetten	Thurgau (20)
4946	Weinfelden	Thurgau (20)
4951	Wigoltingen	Thurgau (20)
5001	Arbedo-Castione	Tessin (21)
5002	Bellinzona	Tessin (21)
5003	Cadenazzo	Tessin (21)
5004	Camorino	Tessin (21)
5005	Giubiasco	Tessin (21)
5006	Gnosca	Tessin (21)
5007	Gorduno	Tessin (21)
5008	Gudo	Tessin (21)
5009	Isone	Tessin (21)
5010	Lumino	Tessin (21)
5012	Moleno	Tessin (21)
5013	Monte Carasso	Tessin (21)
5014	Pianezzo	Tessin (21)
5015	Preonzo	Tessin (21)
5017	Sant'Antonino	Tessin (21)
5018	Sant'Antonio	Tessin (21)
5019	Sementina	Tessin (21)
5048	Acquarossa	Tessin (21)
5049	Blenio	Tessin (21)
5050	Serravalle	Tessin (21)
5061	Airolo	Tessin (21)
5063	Bedretto	Tessin (21)
5064	Bodio	Tessin (21)
5071	Dalpe	Tessin (21)
5072	Faido	Tessin (21)
5073	Giornico	Tessin (21)
5076	Personico	Tessin (21)
5077	Pollegio	Tessin (21)
5078	Prato (Leventina)	Tessin (21)
5079	Quinto	Tessin (21)
5081	Sobrio	Tessin (21)
5091	Ascona	Tessin (21)
5095	Brione (Verzasca)	Tessin (21)
5096	Brione sopra Minusio	Tessin (21)
5097	Brissago	Tessin (21)
5102	Corippo	Tessin (21)
5105	Frasco	Tessin (21)
5108	Gordola	Tessin (21)
5109	Gresso	Tessin (21)
5112	Lavertezzo	Tessin (21)
5113	Locarno	Tessin (21)
5115	Losone	Tessin (21)
5117	Mergoscia	Tessin (21)
5118	Minusio	Tessin (21)
5119	Mosogno	Tessin (21)
5120	Muralto	Tessin (21)
5121	Orselina	Tessin (21)
5125	Ronco sopra Ascona	Tessin (21)
5129	Sonogno	Tessin (21)
5131	Tenero-Contra	Tessin (21)
5132	Vergeletto	Tessin (21)
5135	Vogorno	Tessin (21)
5136	Onsernone	Tessin (21)
5137	Isorno	Tessin (21)
5138	Cugnasco-Gerra	Tessin (21)
5141	Agno	Tessin (21)
5143	Aranno	Tessin (21)
5144	Arogno	Tessin (21)
5146	Astano	Tessin (21)
5148	Bedano	Tessin (21)
5149	Bedigliora	Tessin (21)
5151	Bioggio	Tessin (21)
5154	Bissone	Tessin (21)
5160	Brusino Arsizio	Tessin (21)
5161	Cademario	Tessin (21)
5162	Cadempino	Tessin (21)
5167	Canobbio	Tessin (21)
5171	Caslano	Tessin (21)
5176	Comano	Tessin (21)
5178	Croglio	Tessin (21)
5180	Cureglia	Tessin (21)
5181	Curio	Tessin (21)
5186	Grancia	Tessin (21)
5187	Gravesano	Tessin (21)
5189	Lamone	Tessin (21)
5192	Lugano	Tessin (21)
5193	Magliaso	Tessin (21)
5194	Manno	Tessin (21)
5195	Maroggia	Tessin (21)
5196	Massagno	Tessin (21)
5197	Melano	Tessin (21)
5198	Melide	Tessin (21)
5199	Mezzovico-Vira	Tessin (21)
5200	Miglieglia	Tessin (21)
5202	Monteggio	Tessin (21)
5203	Morcote	Tessin (21)
5205	Muzzano	Tessin (21)
5206	Neggio	Tessin (21)
5207	Novaggio	Tessin (21)
5208	Origlio	Tessin (21)
5210	Paradiso	Tessin (21)
5212	Ponte Capriasca	Tessin (21)
5213	Ponte Tresa	Tessin (21)
5214	Porza	Tessin (21)
5216	Pura	Tessin (21)
5219	Rovio	Tessin (21)
5221	Savosa	Tessin (21)
5222	Sessa	Tessin (21)
5225	Sorengo	Tessin (21)
5226	Capriasca	Tessin (21)
5227	Torricella-Taverne	Tessin (21)
5230	Vernate	Tessin (21)
5231	Vezia	Tessin (21)
5233	Vico Morcote	Tessin (21)
5236	Collina d'Oro	Tessin (21)
5237	Alto Malcantone	Tessin (21)
5238	Monteceneri	Tessin (21)
5242	Balerna	Tessin (21)
5249	Castel San Pietro	Tessin (21)
5250	Chiasso	Tessin (21)
5251	Coldrerio	Tessin (21)
5254	Mendrisio	Tessin (21)
5257	Morbio Inferiore	Tessin (21)
5260	Novazzano	Tessin (21)
5263	Riva San Vitale	Tessin (21)
5266	Stabio	Tessin (21)
5268	Vacallo	Tessin (21)
5269	Breggia	Tessin (21)
5281	Biasca	Tessin (21)
5282	Claro	Tessin (21)
5283	Cresciano	Tessin (21)
5284	Iragna	Tessin (21)
5285	Lodrino	Tessin (21)
5286	Osogna	Tessin (21)
5304	Bosco/Gurin	Tessin (21)
5307	Campo (Vallemaggia)	Tessin (21)
5309	Cerentino	Tessin (21)
5310	Cevio	Tessin (21)
5315	Linescio	Tessin (21)
5317	Maggia	Tessin (21)
5323	Lavizzara	Tessin (21)
5324	Avegno Gordevio	Tessin (21)
5396	Terre di Pedemonte	Tessin (21)
5397	Centovalli	Tessin (21)
5398	Gambarogno	Tessin (21)
5401	Aigle	Waadt (22)
5402	Bex	Waadt (22)
5403	Chessel	Waadt (22)
5404	Corbeyrier	Waadt (22)
5405	Gryon	Waadt (22)
5406	Lavey-Morcles	Waadt (22)
5407	Leysin	Waadt (22)
5408	Noville	Waadt (22)
5409	Ollon	Waadt (22)
5410	Ormont-Dessous	Waadt (22)
5411	Ormont-Dessus	Waadt (22)
5412	Rennaz	Waadt (22)
5413	Roche (VD)	Waadt (22)
5414	Villeneuve (VD)	Waadt (22)
5415	Yvorne	Waadt (22)
5421	Apples	Waadt (22)
5422	Aubonne	Waadt (22)
5423	Ballens	Waadt (22)
5424	Berolle	Waadt (22)
5425	Bière	Waadt (22)
5426	Bougy-Villars	Waadt (22)
5427	Féchy	Waadt (22)
5428	Gimel	Waadt (22)
5429	Longirod	Waadt (22)
5430	Marchissy	Waadt (22)
5431	Mollens (VD)	Waadt (22)
5432	Montherod	Waadt (22)
5434	Saint-George	Waadt (22)
5435	Saint-Livres	Waadt (22)
5436	Saint-Oyens	Waadt (22)
5437	Saubraz	Waadt (22)
5451	Avenches	Waadt (22)
5456	Cudrefin	Waadt (22)
5458	Faoug	Waadt (22)
5464	Vully-les-Lacs	Waadt (22)
5471	Bettens	Waadt (22)
5472	Bournens	Waadt (22)
5473	Boussens	Waadt (22)
5474	La Chaux (Cossonay)	Waadt (22)
5475	Chavannes-le-Veyron	Waadt (22)
5476	Chevilly	Waadt (22)
5477	Cossonay	Waadt (22)
5478	Cottens (VD)	Waadt (22)
5479	Cuarnens	Waadt (22)
5480	Daillens	Waadt (22)
5481	Dizy	Waadt (22)
5482	Eclépens	Waadt (22)
5483	Ferreyres	Waadt (22)
5484	Gollion	Waadt (22)
5485	Grancy	Waadt (22)
5486	L'Isle	Waadt (22)
5487	Lussery-Villars	Waadt (22)
5488	Mauraz	Waadt (22)
5489	Mex (VD)	Waadt (22)
5490	Moiry	Waadt (22)
5491	Mont-la-Ville	Waadt (22)
5492	Montricher	Waadt (22)
5493	Orny	Waadt (22)
5494	Pampigny	Waadt (22)
5495	Penthalaz	Waadt (22)
5496	Penthaz	Waadt (22)
5497	Pompaples	Waadt (22)
5498	La Sarraz	Waadt (22)
5499	Senarclens	Waadt (22)
5500	Sévery	Waadt (22)
5501	Sullens	Waadt (22)
5503	Vufflens-la-Ville	Waadt (22)
5511	Assens	Waadt (22)
5512	Bercher	Waadt (22)
5513	Bioley-Orjulaz	Waadt (22)
5514	Bottens	Waadt (22)
5515	Bretigny-sur-Morrens	Waadt (22)
5516	Cugy (VD)	Waadt (22)
5518	Echallens	Waadt (22)
5520	Essertines-sur-Yverdon	Waadt (22)
5521	Etagnières	Waadt (22)
5522	Fey	Waadt (22)
5523	Froideville	Waadt (22)
5527	Morrens (VD)	Waadt (22)
5529	Oulens-sous-Echallens	Waadt (22)
5530	Pailly	Waadt (22)
5531	Penthéréaz	Waadt (22)
5533	Poliez-Pittet	Waadt (22)
5534	Rueyres	Waadt (22)
5535	Saint-Barthélemy (VD)	Waadt (22)
5537	Villars-le-Terroir	Waadt (22)
5539	Vuarrens	Waadt (22)
5540	Montilliez	Waadt (22)
5541	Goumoëns	Waadt (22)
5551	Bonvillars	Waadt (22)
5552	Bullet	Waadt (22)
5553	Champagne	Waadt (22)
5554	Concise	Waadt (22)
5555	Corcelles-près-Concise	Waadt (22)
5556	Fiez	Waadt (22)
5557	Fontaines-sur-Grandson	Waadt (22)
5559	Giez	Waadt (22)
5560	Grandevent	Waadt (22)
5561	Grandson	Waadt (22)
5562	Mauborget	Waadt (22)
5563	Mutrux	Waadt (22)
5564	Novalles	Waadt (22)
5565	Onnens (VD)	Waadt (22)
5566	Provence	Waadt (22)
5568	Sainte-Croix	Waadt (22)
5571	Tévenon	Waadt (22)
5581	Belmont-sur-Lausanne	Waadt (22)
5582	Cheseaux-sur-Lausanne	Waadt (22)
5583	Crissier	Waadt (22)
5584	Epalinges	Waadt (22)
5585	Jouxtens-Mézery	Waadt (22)
5586	Lausanne	Waadt (22)
5587	Le Mont-sur-Lausanne	Waadt (22)
5588	Paudex	Waadt (22)
5589	Prilly	Waadt (22)
5590	Pully	Waadt (22)
5591	Renens (VD)	Waadt (22)
5592	Romanel-sur-Lausanne	Waadt (22)
5601	Chexbres	Waadt (22)
5604	Forel (Lavaux)	Waadt (22)
5606	Lutry	Waadt (22)
5607	Puidoux	Waadt (22)
5609	Rivaz	Waadt (22)
5610	Saint-Saphorin (Lavaux)	Waadt (22)
5611	Savigny	Waadt (22)
5613	Bourg-en-Lavaux	Waadt (22)
5621	Aclens	Waadt (22)
5622	Bremblens	Waadt (22)
5623	Buchillon	Waadt (22)
5624	Bussigny	Waadt (22)
5625	Bussy-Chardonney	Waadt (22)
5627	Chavannes-près-Renens	Waadt (22)
5628	Chigny	Waadt (22)
5629	Clarmont	Waadt (22)
5631	Denens	Waadt (22)
5632	Denges	Waadt (22)
5633	Echandens	Waadt (22)
5634	Echichens	Waadt (22)
5635	Ecublens (VD)	Waadt (22)
5636	Etoy	Waadt (22)
5637	Lavigny	Waadt (22)
5638	Lonay	Waadt (22)
5639	Lully (VD)	Waadt (22)
5640	Lussy-sur-Morges	Waadt (22)
5642	Morges	Waadt (22)
5643	Préverenges	Waadt (22)
5644	Reverolle	Waadt (22)
5645	Romanel-sur-Morges	Waadt (22)
5646	Saint-Prex	Waadt (22)
5648	Saint-Sulpice (VD)	Waadt (22)
5649	Tolochenaz	Waadt (22)
5650	Vaux-sur-Morges	Waadt (22)
5651	Villars-Sainte-Croix	Waadt (22)
5652	Villars-sous-Yens	Waadt (22)
5653	Vufflens-le-Château	Waadt (22)
5654	Vullierens	Waadt (22)
5655	Yens	Waadt (22)
5661	Boulens	Waadt (22)
5662	Brenles	Waadt (22)
5663	Bussy-sur-Moudon	Waadt (22)
5665	Chavannes-sur-Moudon	Waadt (22)
5666	Chesalles-sur-Moudon	Waadt (22)
5668	Cremin	Waadt (22)
5669	Curtilles	Waadt (22)
5671	Dompierre (VD)	Waadt (22)
5672	Forel-sur-Lucens	Waadt (22)
5673	Hermenches	Waadt (22)
5674	Lovatens	Waadt (22)
5675	Lucens	Waadt (22)
5678	Moudon	Waadt (22)
5680	Ogens	Waadt (22)
5683	Prévonloup	Waadt (22)
5684	Rossenges	Waadt (22)
5686	Sarzens	Waadt (22)
5688	Syens	Waadt (22)
5690	Villars-le-Comte	Waadt (22)
5692	Vucherens	Waadt (22)
5693	Montanaire	Waadt (22)
5701	Arnex-sur-Nyon	Waadt (22)
5702	Arzier-Le Muids	Waadt (22)
5703	Bassins	Waadt (22)
5704	Begnins	Waadt (22)
5705	Bogis-Bossey	Waadt (22)
5706	Borex	Waadt (22)
5707	Chavannes-de-Bogis	Waadt (22)
5708	Chavannes-des-Bois	Waadt (22)
5709	Chéserex	Waadt (22)
5710	Coinsins	Waadt (22)
5711	Commugny	Waadt (22)
5712	Coppet	Waadt (22)
5713	Crans-près-Céligny	Waadt (22)
5714	Crassier	Waadt (22)
5715	Duillier	Waadt (22)
5716	Eysins	Waadt (22)
5717	Founex	Waadt (22)
5718	Genolier	Waadt (22)
5719	Gingins	Waadt (22)
5720	Givrins	Waadt (22)
5721	Gland	Waadt (22)
5722	Grens	Waadt (22)
5723	Mies	Waadt (22)
5724	Nyon	Waadt (22)
5725	Prangins	Waadt (22)
5726	La Rippe	Waadt (22)
5727	Saint-Cergue	Waadt (22)
5728	Signy-Avenex	Waadt (22)
5729	Tannay	Waadt (22)
5730	Trélex	Waadt (22)
5731	Le Vaud	Waadt (22)
5732	Vich	Waadt (22)
5741	L'Abergement	Waadt (22)
5742	Agiez	Waadt (22)
5743	Arnex-sur-Orbe	Waadt (22)
5744	Ballaigues	Waadt (22)
5745	Baulmes	Waadt (22)
5746	Bavois	Waadt (22)
5747	Bofflens	Waadt (22)
5748	Bretonnières	Waadt (22)
5749	Chavornay	Waadt (22)
5750	Les Clées	Waadt (22)
5751	Corcelles-sur-Chavornay	Waadt (22)
5752	Croy	Waadt (22)
5754	Juriens	Waadt (22)
5755	Lignerolle	Waadt (22)
5756	Montcherand	Waadt (22)
5757	Orbe	Waadt (22)
5758	La Praz	Waadt (22)
5759	Premier	Waadt (22)
5760	Rances	Waadt (22)
5761	Romainmôtier-Envy	Waadt (22)
5762	Sergey	Waadt (22)
5763	Valeyres-sous-Rances	Waadt (22)
5764	Vallorbe	Waadt (22)
5765	Vaulion	Waadt (22)
5766	Vuiteboeuf	Waadt (22)
5782	Carrouge (VD)	Waadt (22)
5785	Corcelles-le-Jorat	Waadt (22)
5788	Essertes	Waadt (22)
5789	Ferlens (VD)	Waadt (22)
5790	Maracon	Waadt (22)
5791	Mézières (VD)	Waadt (22)
5792	Montpreveyres	Waadt (22)
5798	Ropraz	Waadt (22)
5799	Servion	Waadt (22)
5803	Vulliens	Waadt (22)
5804	Jorat-Menthue	Waadt (22)
5805	Oron	Waadt (22)
5812	Champtauroz	Waadt (22)
5813	Chevroux	Waadt (22)
5816	Corcelles-près-Payerne	Waadt (22)
5817	Grandcour	Waadt (22)
5819	Henniez	Waadt (22)
5821	Missy	Waadt (22)
5822	Payerne	Waadt (22)
5827	Trey	Waadt (22)
5828	Treytorrens (Payerne)	Waadt (22)
5830	Villarzel	Waadt (22)
5831	Valbroye	Waadt (22)
5841	Château-d'Oex	Waadt (22)
5842	Rossinière	Waadt (22)
5843	Rougemont	Waadt (22)
5851	Allaman	Waadt (22)
5852	Bursinel	Waadt (22)
5853	Bursins	Waadt (22)
5854	Burtigny	Waadt (22)
5855	Dully	Waadt (22)
5856	Essertines-sur-Rolle	Waadt (22)
5857	Gilly	Waadt (22)
5858	Luins	Waadt (22)
5859	Mont-sur-Rolle	Waadt (22)
5860	Perroy	Waadt (22)
5861	Rolle	Waadt (22)
5862	Tartegnin	Waadt (22)
5863	Vinzel	Waadt (22)
5871	L'Abbaye	Waadt (22)
5872	Le Chenit	Waadt (22)
5873	Le Lieu	Waadt (22)
5881	Blonay	Waadt (22)
5882	Chardonne	Waadt (22)
5883	Corseaux	Waadt (22)
5884	Corsier-sur-Vevey	Waadt (22)
5885	Jongny	Waadt (22)
5886	Montreux	Waadt (22)
5888	Saint-Légier-La Chiésaz	Waadt (22)
5889	La Tour-de-Peilz	Waadt (22)
5890	Vevey	Waadt (22)
5891	Veytaux	Waadt (22)
5902	Belmont-sur-Yverdon	Waadt (22)
5903	Bioley-Magnoux	Waadt (22)
5904	Chamblon	Waadt (22)
5905	Champvent	Waadt (22)
5907	Chavannes-le-Chêne	Waadt (22)
5908	Chêne-Pâquier	Waadt (22)
5909	Cheseaux-Noréaz	Waadt (22)
5910	Cronay	Waadt (22)
5911	Cuarny	Waadt (22)
5912	Démoret	Waadt (22)
5913	Donneloye	Waadt (22)
5914	Ependes (VD)	Waadt (22)
5915	Essert-Pittet	Waadt (22)
5919	Mathod	Waadt (22)
5921	Molondin	Waadt (22)
5922	Montagny-près-Yverdon	Waadt (22)
5923	Oppens	Waadt (22)
5924	Orges	Waadt (22)
5925	Orzens	Waadt (22)
5926	Pomy	Waadt (22)
5928	Rovray	Waadt (22)
5929	Suchy	Waadt (22)
5930	Suscévaz	Waadt (22)
5931	Treycovagnes	Waadt (22)
5932	Ursins	Waadt (22)
5933	Valeyres-sous-Montagny	Waadt (22)
5934	Valeyres-sous-Ursins	Waadt (22)
5935	Villars-Epeney	Waadt (22)
5937	Vugelles-La Mothe	Waadt (22)
5938	Yverdon-les-Bains	Waadt (22)
5939	Yvonand	Waadt (22)
6002	Brig-Glis	Wallis (23)
6004	Eggerberg	Wallis (23)
6007	Naters	Wallis (23)
6008	Ried-Brig	Wallis (23)
6009	Simplon	Wallis (23)
6010	Termen	Wallis (23)
6011	Zwischbergen	Wallis (23)
6021	Ardon	Wallis (23)
6022	Chamoson	Wallis (23)
6023	Conthey	Wallis (23)
6024	Nendaz	Wallis (23)
6025	Vétroz	Wallis (23)
6031	Bagnes	Wallis (23)
6032	Bourg-Saint-Pierre	Wallis (23)
6033	Liddes	Wallis (23)
6034	Orsières	Wallis (23)
6035	Sembrancher	Wallis (23)
6036	Vollèges	Wallis (23)
6052	Bellwald	Wallis (23)
6054	Binn	Wallis (23)
6055	Blitzingen	Wallis (23)
6056	Ernen	Wallis (23)
6057	Fiesch	Wallis (23)
6058	Fieschertal	Wallis (23)
6061	Lax	Wallis (23)
6064	Niederwald	Wallis (23)
6073	Grafschaft	Wallis (23)
6074	Münster-Geschinen	Wallis (23)
6075	Reckingen-Gluringen	Wallis (23)
6076	Obergoms	Wallis (23)
6081	Les Agettes	Wallis (23)
6082	Ayent	Wallis (23)
6083	Evolène	Wallis (23)
6084	Hérémence	Wallis (23)
6087	Saint-Martin (VS)	Wallis (23)
6089	Vex	Wallis (23)
6090	Mont-Noble	Wallis (23)
6101	Agarn	Wallis (23)
6102	Albinen	Wallis (23)
6104	Ergisch	Wallis (23)
6109	Inden	Wallis (23)
6110	Leuk	Wallis (23)
6111	Leukerbad	Wallis (23)
6112	Oberems	Wallis (23)
6113	Salgesch	Wallis (23)
6116	Varen	Wallis (23)
6117	Guttet-Feschel	Wallis (23)
6118	Gampel-Bratsch	Wallis (23)
6119	Turtmann-Unterems	Wallis (23)
6131	Bovernier	Wallis (23)
6132	Charrat	Wallis (23)
6133	Fully	Wallis (23)
6134	Isérables	Wallis (23)
6135	Leytron	Wallis (23)
6136	Martigny	Wallis (23)
6137	Martigny-Combe	Wallis (23)
6139	Riddes	Wallis (23)
6140	Saillon	Wallis (23)
6141	Saxon	Wallis (23)
6142	Trient	Wallis (23)
6151	Champéry	Wallis (23)
6152	Collombey-Muraz	Wallis (23)
6153	Monthey	Wallis (23)
6154	Port-Valais	Wallis (23)
6155	Saint-Gingolph	Wallis (23)
6156	Troistorrents	Wallis (23)
6157	Val-d'Illiez	Wallis (23)
6158	Vionnaz	Wallis (23)
6159	Vouvry	Wallis (23)
6172	Bister	Wallis (23)
6173	Bitsch	Wallis (23)
6177	Grengiols	Wallis (23)
6181	Riederalp	Wallis (23)
6191	Ausserberg	Wallis (23)
6192	Blatten	Wallis (23)
6193	Bürchen	Wallis (23)
6194	Eischoll	Wallis (23)
6195	Ferden	Wallis (23)
6197	Kippel	Wallis (23)
6198	Niedergesteln	Wallis (23)
6199	Raron	Wallis (23)
6201	Unterbäch	Wallis (23)
6202	Wiler (Lötschen)	Wallis (23)
6203	Mörel-Filet	Wallis (23)
6204	Steg-Hohtenn	Wallis (23)
6205	Bettmeralp	Wallis (23)
6211	Collonges	Wallis (23)
6212	Dorénaz	Wallis (23)
6213	Evionnaz	Wallis (23)
6214	Finhaut	Wallis (23)
6215	Massongex	Wallis (23)
6217	Saint-Maurice	Wallis (23)
6218	Salvan	Wallis (23)
6219	Vernayaz	Wallis (23)
6220	Vérossaz	Wallis (23)
6232	Chalais	Wallis (23)
6234	Chermignon	Wallis (23)
6235	Chippis	Wallis (23)
6238	Grône	Wallis (23)
6239	Icogne	Wallis (23)
6240	Lens	Wallis (23)
6241	Miège	Wallis (23)
6242	Mollens (VS)	Wallis (23)
6243	Montana	Wallis (23)
6244	Randogne	Wallis (23)
6246	Saint-Léonard	Wallis (23)
6248	Sierre	Wallis (23)
6249	Venthône	Wallis (23)
6250	Veyras	Wallis (23)
6252	Anniviers	Wallis (23)
6261	Arbaz	Wallis (23)
6263	Grimisuat	Wallis (23)
6265	Savièse	Wallis (23)
6266	Sion	Wallis (23)
6267	Veysonnaz	Wallis (23)
6281	Baltschieder	Wallis (23)
6282	Eisten	Wallis (23)
6283	Embd	Wallis (23)
6285	Grächen	Wallis (23)
6286	Lalden	Wallis (23)
6287	Randa	Wallis (23)
6288	Saas-Almagell	Wallis (23)
6289	Saas-Balen	Wallis (23)
6290	Saas-Fee	Wallis (23)
6291	Saas-Grund	Wallis (23)
6292	St. Niklaus	Wallis (23)
6293	Stalden (VS)	Wallis (23)
6294	Staldenried	Wallis (23)
6295	Täsch	Wallis (23)
6296	Törbel	Wallis (23)
6297	Visp	Wallis (23)
6298	Visperterminen	Wallis (23)
6299	Zeneggen	Wallis (23)
6300	Zermatt	Wallis (23)
6402	Bevaix	Neuenburg (24)
6404	Boudry	Neuenburg (24)
6405	Brot-Dessous	Neuenburg (24)
6407	Corcelles-Cormondrèche	Neuenburg (24)
6408	Cortaillod	Neuenburg (24)
6409	Fresens	Neuenburg (24)
6410	Gorgier	Neuenburg (24)
6411	Montalchez	Neuenburg (24)
6412	Peseux	Neuenburg (24)
6413	Rochefort	Neuenburg (24)
6414	Saint-Aubin-Sauges	Neuenburg (24)
6415	Vaumarcus	Neuenburg (24)
6416	Milvignes	Neuenburg (24)
6421	La Chaux-de-Fonds	Neuenburg (24)
6422	Les Planchettes	Neuenburg (24)
6423	La Sagne	Neuenburg (24)
6431	Les Brenets	Neuenburg (24)
6432	La Brévine	Neuenburg (24)
6433	Brot-Plamboz	Neuenburg (24)
6434	Le Cerneux-Péquignot	Neuenburg (24)
6435	La Chaux-du-Milieu	Neuenburg (24)
6436	Le Locle	Neuenburg (24)
6437	Les Ponts-de-Martel	Neuenburg (24)
6451	Cornaux	Neuenburg (24)
6452	Cressier (NE)	Neuenburg (24)
6453	Enges	Neuenburg (24)
6454	Hauterive (NE)	Neuenburg (24)
6455	Le Landeron	Neuenburg (24)
6456	Lignières	Neuenburg (24)
6458	Neuchâtel	Neuenburg (24)
6459	Saint-Blaise	Neuenburg (24)
6461	La Tène	Neuenburg (24)
6485	Valangin	Neuenburg (24)
6487	Val-de-Ruz	Neuenburg (24)
6504	La Côte-aux-Fées	Neuenburg (24)
6511	Les Verrières	Neuenburg (24)
6512	Val-de-Travers	Neuenburg (24)
6601	Aire-la-Ville	Genf (25)
6602	Anières	Genf (25)
6603	Avully	Genf (25)
6604	Avusy	Genf (25)
6605	Bardonnex	Genf (25)
6606	Bellevue	Genf (25)
6607	Bernex	Genf (25)
6608	Carouge (GE)	Genf (25)
6609	Cartigny	Genf (25)
6610	Céligny	Genf (25)
6611	Chancy	Genf (25)
6612	Chêne-Bougeries	Genf (25)
6613	Chêne-Bourg	Genf (25)
6614	Choulex	Genf (25)
6615	Collex-Bossy	Genf (25)
6616	Collonge-Bellerive	Genf (25)
6617	Cologny	Genf (25)
6618	Confignon	Genf (25)
6619	Corsier (GE)	Genf (25)
6620	Dardagny	Genf (25)
6621	Genève	Genf (25)
6622	Genthod	Genf (25)
6623	Le Grand-Saconnex	Genf (25)
6624	Gy	Genf (25)
6625	Hermance	Genf (25)
6626	Jussy	Genf (25)
6627	Laconnex	Genf (25)
6628	Lancy	Genf (25)
6629	Meinier	Genf (25)
6630	Meyrin	Genf (25)
6631	Onex	Genf (25)
6632	Perly-Certoux	Genf (25)
6633	Plan-les-Ouates	Genf (25)
6634	Pregny-Chambésy	Genf (25)
6635	Presinge	Genf (25)
6636	Puplinge	Genf (25)
6637	Russin	Genf (25)
6638	Satigny	Genf (25)
6639	Soral	Genf (25)
6640	Thônex	Genf (25)
6641	Troinex	Genf (25)
6642	Vandoeuvres	Genf (25)
6643	Vernier	Genf (25)
6644	Versoix	Genf (25)
6645	Veyrier	Genf (25)
6702	Boécourt	Jura (26)
6703	Bourrignon	Jura (26)
6704	Châtillon (JU)	Jura (26)
6705	Corban	Jura (26)
6706	Courchapoix	Jura (26)
6708	Courrendlin	Jura (26)
6709	Courroux	Jura (26)
6710	Courtételle	Jura (26)
6711	Delémont	Jura (26)
6712	Develier	Jura (26)
6713	Ederswiler	Jura (26)
6715	Mervelier	Jura (26)
6716	Mettembert	Jura (26)
6718	Movelier	Jura (26)
6719	Pleigne	Jura (26)
6720	Rebeuvelier	Jura (26)
6721	Rossemaison	Jura (26)
6722	Saulcy	Jura (26)
6724	Soyhières	Jura (26)
6728	Vellerat	Jura (26)
6729	Haute-Sorne	Jura (26)
6730	Val Terbi	Jura (26)
6741	Le Bémont (JU)	Jura (26)
6742	Les Bois	Jura (26)
6743	Les Breuleux	Jura (26)
6744	La Chaux-des-Breuleux	Jura (26)
6745	Les Enfers	Jura (26)
6748	Les Genevez (JU)	Jura (26)
6750	Lajoux (JU)	Jura (26)
6751	Montfaucon	Jura (26)
6753	Muriaux	Jura (26)
6754	Le Noirmont	Jura (26)
6757	Saignelégier	Jura (26)
6758	Saint-Brais	Jura (26)
6759	Soubey	Jura (26)
6771	Alle	Jura (26)
6773	Beurnevésin	Jura (26)
6774	Boncourt	Jura (26)
6775	Bonfol	Jura (26)
6778	Bure	Jura (26)
6781	Coeuve	Jura (26)
6782	Cornol	Jura (26)
6783	Courchavon	Jura (26)
6784	Courgenay	Jura (26)
6785	Courtedoux	Jura (26)
6787	Damphreux	Jura (26)
6789	Fahy	Jura (26)
6790	Fontenais	Jura (26)
6792	Grandfontaine	Jura (26)
6793	Lugnez	Jura (26)
6800	Porrentruy	Jura (26)
6803	Rocourt	Jura (26)
6806	Vendlincourt	Jura (26)
6807	Basse-Allaine	Jura (26)
6808	Clos du Doubs	Jura (26)
6809	Haute-Ajoie	Jura (26)
6810	La Baroche	Jura (26)
