Regions-ID	Regionsname	Einwohnerzahl am Jahresende
1	Aeugst am Albis	1517
2	Affoltern am Albis	9933
3	Bonstetten	3896
4	Hausen am Albis	3038
5	Hedingen	2994
6	Kappel am Albis	867
7	Knonau	1437
8	Maschwanden	580
9	Mettmenstetten	3665
10	Obfelden	4183
11	Ottenbach	2198
12	Rifferswil	722
13	Stallikon	2585
14	Wettswil am Albis	3840
21	Adlikon	602
22	Benken (ZH)	706
23	Berg am Irchel	581
24	Buch am Irchel	739
25	Dachsen	1537
26	Dorf	596
27	Feuerthalen	2860
28	Flaach	1136
29	Flurlingen	1254
30	Andelfingen	1651
31	Henggart	1632
32	Humlikon	418
33	Kleinandelfingen	1796
34	Laufen-Uhwiesen	1401
35	Marthalen	1764
36	Oberstammheim	1036
37	Ossingen	1282
38	Rheinau	1339
39	Thalheim an der Thur	642
40	Trüllikon	990
41	Truttikon	438
42	Unterstammheim	859
43	Volken	266
44	Waltalingen	691
51	Bachenbülach	3095
52	Bassersdorf	7373
53	Bülach	13922
54	Dietlikon	6121
55	Eglisau	2888
56	Embrach	7396
57	Freienstein-Teufen	2114
58	Glattfelden	3570
59	Hochfelden	1567
60	Höri	2287
61	Hüntwangen	785
62	Kloten	16507
63	Lufingen	1157
64	Nürensdorf	4509
65	Oberembrach	970
66	Opfikon	11846
67	Rafz	3376
68	Rorbas	2174
69	Wallisellen	11670
70	Wasterkingen	569
71	Wil (ZH)	1325
72	Winkel	3333
81	Bachs	570
82	Boppelsen	1037
83	Buchs (ZH)	4176
84	Dällikon	3239
85	Dänikon	1729
86	Dielsdorf	4695
87	Hüttikon	533
88	Neerach	2408
89	Niederglatt	3736
90	Niederhasli	7532
91	Niederweningen	2245
92	Oberglatt	5027
93	Oberweningen	1297
94	Otelfingen	1879
95	Regensberg	432
96	Regensdorf	14616
97	Rümlang	5498
98	Schleinikon	637
99	Schöfflisdorf	1097
100	Stadel	1726
101	Steinmaur	2764
102	Weiach	1009
111	Bäretswil	4148
112	Bubikon	5304
113	Dürnten	6004
114	Fischenthal	1996
115	Gossau (ZH)	8685
116	Grüningen	2817
117	Hinwil	9081
118	Rüti (ZH)	10807
119	Seegräben	1229
120	Wald (ZH)	8303
121	Wetzikon (ZH)	18097
131	Adliswil	15433
132	Hirzel	1936
133	Horgen	17286
134	Hütten	858
135	Kilchberg (ZH)	7130
136	Langnau am Albis	6574
137	Oberrieden	4623
138	Richterswil	10461
139	Rüschlikon	4736
140	Schönenberg (ZH)	1809
141	Thalwil	15771
142	Wädenswil	19122
151	Erlenbach (ZH)	4505
152	Herrliberg	5524
153	Hombrechtikon	7119
154	Küsnacht (ZH)	12375
155	Männedorf	8244
156	Meilen	11429
157	Oetwil am See	4167
158	Stäfa	11469
159	Uetikon am See	4930
160	Zumikon	4613
161	Zollikon	11542
171	Bauma	4180
172	Fehraltorf	4632
173	Hittnau	2979
174	Illnau-Effretikon	14433
175	Kyburg	391
176	Lindau	3942
177	Pfäffikon	9332
178	Russikon	3887
179	Sternenberg	350
180	Weisslingen	2854
181	Wila	1818
182	Wildberg	899
191	Dübendorf	22011
192	Egg	7279
193	Fällanden	6465
194	Greifensee	5203
195	Maur	8712
196	Mönchaltorf	3190
197	Schwerzenbach	4246
198	Uster	27893
199	Volketswil	14061
200	Wangen-Brüttisellen	6027
211	Altikon	626
212	Bertschikon	971
213	Brütten	1802
214	Dägerlen	846
215	Dättlikon	536
216	Dinhard	1300
217	Elgg	3541
218	Ellikon an der Thur	767
219	Elsau	2908
220	Hagenbuch	1092
221	Hettlingen	2423
222	Hofstetten bei Elgg	435
223	Neftenbach	4472
224	Pfungen	2472
225	Rickenbach (ZH)	2061
226	Schlatt (ZH)	611
227	Seuzach	6464
228	Turbenthal	4021
229	Wiesendangen	4050
230	Winterthur	88767
231	Zell (ZH)	4509
241	Aesch bei Birmensdorf	970
242	Birmensdorf (ZH)	5401
243	Dietikon	21060
244	Geroldswil	4527
245	Oberengstringen	5859
246	Oetwil an der Limmat	2113
247	Schlieren	12825
248	Uitikon	3462
249	Unterengstringen	2840
250	Urdorf	9243
251	Weiningen (ZH)	3755
261	Zürich	337900
301	Aarberg	3811
302	Bargen (BE)	906
303	Grossaffoltern	2791
304	Kallnach	1496
305	Kappelen	1017
306	Lyss	10641
307	Meikirch	2469
308	Niederried bei Kallnach	273
309	Radelfingen	1207
310	Rapperswil (BE)	2016
311	Schüpfen	3266
312	Seedorf (BE)	2920
321	Aarwangen	3997
322	Auswil	518
323	Bannwil	668
324	Bleienbach	703
325	Busswil bei Melchnau	190
326	Gondiswil	751
327	Gutenburg	120
328	Kleindietwil	546
329	Langenthal	14325
330	Leimiswil	461
331	Lotzwil	2331
332	Madiswil	2020
333	Melchnau	1585
334	Obersteckholz	404
335	Oeschenbach	297
336	Reisiswil	201
337	Roggwil (BE)	3618
338	Rohrbach	1383
339	Rohrbachgraben	461
340	Rütschelen	550
341	Schwarzhäusern	441
342	Thunstetten	3042
343	Untersteckholz	168
344	Ursenbach	914
345	Wynau	1643
351	Bern	122484
352	Bolligen	6000
353	Bremgarten bei Bern	3784
354	Kirchlindach	2682
355	Köniz	37196
356	Muri bei Bern	12477
357	Oberbalm	856
358	Stettlen	2817
359	Vechigen	4495
360	Wohlen bei Bern	8912
361	Zollikofen	9188
362	Ittigen	10997
363	Ostermundigen	15202
371	Biel (BE)	48840
372	Evilard	2369
381	Arch	1575
382	Büetigen	691
383	Büren an der Aare	3045
384	Busswil bei Büren	1877
385	Diessbach bei Büren	837
386	Dotzigen	1356
387	Lengnau (BE)	4487
388	Leuzigen	1159
389	Meienried	63
390	Meinisberg	1187
391	Oberwil bei Büren	754
392	Pieterlen	3259
393	Rüti bei Büren	969
394	Wengi	548
401	Aefligen	1023
402	Alchenstorf	572
403	Bäriswil	1020
404	Burgdorf	14416
405	Ersigen	1455
406	Hasle bei Burgdorf	2989
407	Heimiswil	1580
408	Hellsau	200
409	Hindelbank	1905
410	Höchstetten	252
411	Kernenried	450
412	Kirchberg (BE)	5261
413	Koppigen	1905
414	Krauchthal	2297
415	Lyssach	1361
416	Mötschwil	123
417	Niederösch	208
418	Oberburg	2770
419	Oberösch	111
420	Rüdtligen-Alchenflüh	2114
421	Rumendingen	96
422	Rüti bei Lyssach	161
423	Willadingen	177
424	Wynigen	2063
431	Corgémont	1505
432	Cormoret	538
433	Cortébert	726
434	Courtelary	1102
435	La Ferrière	513
436	La Heutte	491
437	Mont-Tramelan	129
438	Orvin	1237
439	Péry	1326
440	Plagne	396
441	Renan (BE)	778
442	Romont (BE)	191
443	Saint-Imier	4556
444	Sonceboz-Sombeval	1675
445	Sonvilier	1080
446	Tramelan	4192
447	Vauffelin	432
448	Villeret	916
491	Brüttelen	590
492	Erlach	1090
493	Finsterhennen	419
494	Gals	651
495	Gampelen	704
496	Ins	2760
497	Lüscherz	493
498	Müntschemier	1099
499	Siselen	614
500	Treiten	400
501	Tschugg	427
502	Vinelz	733
531	Ballmoos	58
532	Bangerten	162
533	Bätterkinden	2695
534	Büren zum Hof	434
535	Deisswil bei Münchenbuchsee	83
536	Diemerswil	171
537	Etzelkofen	341
538	Fraubrunnen	1582
539	Grafenried	909
540	Jegenstorf	3992
541	Iffwil	425
542	Limpach	332
543	Mattstetten	580
544	Moosseedorf	3508
545	Mülchi	252
546	Münchenbuchsee	9197
547	Münchringen	544
548	Ruppoldsried	262
549	Schalunen	390
550	Scheunen	60
551	Urtenen	5177
552	Utzenstorf	3643
553	Wiggiswil	88
554	Wiler bei Utzenstorf	782
555	Zauggenried	304
556	Zielebach	336
557	Zuzwil (BE)	462
561	Adelboden	3572
562	Aeschi bei Spiez	1905
563	Frutigen	6700
564	Kandergrund	945
565	Kandersteg	1149
566	Krattigen	851
567	Reichenbach im Kandertal	3255
571	Beatenberg	1206
572	Bönigen	2217
573	Brienz (BE)	2973
574	Brienzwiler	574
575	Därligen	368
576	Grindelwald	3876
577	Gsteigwiler	450
578	Gündlischwand	292
579	Habkern	647
580	Hofstetten bei Brienz	574
581	Interlaken	5079
582	Iseltwald	410
584	Lauterbrunnen	2745
585	Leissigen	848
586	Lütschental	261
587	Matten bei Interlaken	3629
588	Niederried bei Interlaken	348
589	Oberried am Brienzersee	505
590	Ringgenberg (BE)	2456
591	Saxeten	133
592	Schwanden bei Brienz	602
593	Unterseen	5013
594	Wilderswil	2221
601	Aeschlen	313
602	Arni (BE)	1001
603	Biglen	1823
604	Bleiken bei Oberdiessbach	380
605	Bowil	1348
606	Brenzikofen	499
607	Freimettigen	387
608	Grosshöchstetten	3199
609	Häutligen	224
610	Herbligen	506
611	Kiesen	724
612	Konolfingen	4565
613	Landiswil	671
614	Linden	1344
615	Mirchel	491
616	Münsingen	10421
617	Niederhünigen	621
618	Niederwichtrach	1324
619	Oberdiessbach	2820
620	Oberthal	839
621	Oberwichtrach	2356
622	Oppligen	585
623	Rubigen	2433
624	Schlosswil	665
625	Tägertschi	335
626	Walkringen	1879
627	Worb	10779
628	Zäziwil	1554
629	Oberhünigen	311
630	Allmendingen	518
631	Trimstein	486
661	Clavaleyres	56
662	Ferenbalm	1271
663	Frauenkappelen	1281
664	Golaten	354
665	Gurbrü	252
666	Kriechenwil	414
667	Laupen	2727
668	Mühleberg	2742
669	Münchenwiler	426
670	Neuenegg	4282
671	Wileroltigen	367
681	Belprahon	339
682	Bévilard	1676
683	Champoz	157
684	Châtelat	115
687	Corcelles (BE)	210
690	Court	1349
691	Crémines	567
692	Eschert	350
694	Grandval	385
696	Loveresse	325
697	Malleray	1900
699	Monible	35
700	Moutier	7882
701	Perrefitte	485
702	Pontenet	189
703	Reconvilier	2324
704	Roches (BE)	234
706	Saicourt	596
707	Saules (BE)	164
708	Schelten	52
709	Seehof	87
710	Sornetan	115
711	Sorvilier	279
712	Souboz	120
713	Tavannes	3363
715	Rebévelier	41
721	Diesse	426
722	Lamboing	635
723	La Neuveville	3206
724	Nods	674
725	Prêles	851
731	Aegerten	1672
732	Bellmund	1238
733	Brügg	3895
734	Bühl	386
735	Epsach	319
736	Hagneck	368
737	Hermrigen	270
738	Jens	606
739	Ipsach	3272
740	Ligerz	513
741	Merzligen	411
742	Mörigen	742
743	Nidau	6578
744	Orpund	2489
745	Port	2802
746	Safnern	1804
747	Scheuren	423
748	Schwadernau	663
749	Studen	2394
750	Sutz-Lattrigen	1174
751	Täuffelen	2470
752	Tüscherz-Alfermée	279
753	Twann	845
754	Walperswil	787
755	Worben	1896
761	Därstetten	877
762	Diemtigen	2083
763	Erlenbach im Simmental	1747
764	Niederstocken	307
765	Oberstocken	279
766	Oberwil im Simmental	895
767	Reutigen	970
768	Spiez	11869
769	Wimmis	2302
781	Gadmen	292
782	Guttannen	349
783	Hasliberg	1226
784	Innertkirchen	968
785	Meiringen	4637
786	Schattenhalb	615
791	Boltigen	1495
792	Lenk	2400
793	St. Stephan	1404
794	Zweisimmen	2870
841	Gsteig	939
842	Lauenen	798
843	Saanen	6668
851	Albligen	479
852	Guggisberg	1692
853	Rüschegg	1676
854	Wahlern	6124
861	Belp	8994
862	Belpberg	391
863	Burgistein	1041
864	Englisberg	202
865	Gelterfingen	260
866	Gerzensee	904
867	Gurzelen	725
868	Jaberg	233
869	Kaufdorf	802
870	Kehrsatz	3579
871	Kienersrüti	54
872	Kirchdorf (BE)	787
873	Kirchenthurnen	285
874	Lohnstorf	204
875	Mühledorf (BE)	196
876	Mühlethurnen	1304
877	Niedermuhlern	525
878	Noflen	242
879	Riggisberg	1910
880	Rüeggisberg	1961
881	Rümligen	446
882	Rüti bei Riggisberg	457
883	Seftigen	2047
884	Toffen	2241
885	Uttigen	1592
886	Wattenwil	2735
887	Zimmerwald	882
901	Eggiwil	2688
902	Langnau im Emmental	8791
903	Lauperswil	2697
904	Röthenbach im Emmental	1318
905	Rüderswil	2308
906	Schangnau	935
907	Signau	2835
908	Trub	1566
909	Trubschachen	1569
921	Amsoldingen	753
922	Blumenstein	1193
923	Buchholterberg	1504
924	Eriz	516
925	Fahrni	710
926	Forst	325
927	Heiligenschwendi	672
928	Heimberg	5481
929	Hilterfingen	3757
930	Höfen	406
931	Homberg	485
932	Horrenbach-Buchen	272
933	Längenbühl	341
934	Oberhofen am Thunersee	2178
935	Oberlangenegg	526
936	Pohlern	227
937	Schwendibach	263
938	Sigriswil	4344
939	Steffisburg	14140
940	Teuffenthal (BE)	181
941	Thierachern	1925
942	Thun	39981
943	Uebeschi	690
944	Uetendorf	5690
945	Unterlangenegg	940
946	Wachseldorn	264
947	Zwieselberg	237
951	Affoltern im Emmental	1209
952	Dürrenroth	1070
953	Eriswil	1484
954	Huttwil	4743
955	Lützelflüh	4001
956	Rüegsau	2936
957	Sumiswald	5293
958	Trachselwald	1091
959	Walterswil (BE)	559
960	Wyssachen	1245
971	Attiswil	1361
972	Berken	50
973	Bettenhausen	481
974	Bollodingen	216
975	Farnern	216
976	Graben	310
977	Heimenhausen	450
978	Hermiswil	107
979	Herzogenbuchsee	5374
980	Inkwil	670
981	Niederbipp	3828
982	Niederönz	1422
983	Oberbipp	1417
984	Oberönz	871
985	Ochlenberg	648
986	Röthenbach bei Herzogenbuchsee	318
987	Rumisberg	469
988	Seeberg	1443
989	Thörigen	981
990	Walliswil bei Niederbipp	228
991	Walliswil bei Wangen	580
992	Wangen an der Aare	1884
993	Wangenried	383
994	Wanzwil	229
995	Wiedlisbach	2177
996	Wolfisberg	183
1001	Doppleschwand	676
1002	Entlebuch	3388
1003	Escholzmatt	3301
1004	Flühli	1789
1005	Hasle (LU)	1750
1006	Marbach (LU)	1269
1007	Romoos	759
1008	Schüpfheim	3863
1009	Werthenstein	1926
1021	Aesch (LU)	973
1022	Altwis	363
1023	Ballwil	2188
1024	Emmen	26628
1025	Ermensee	766
1026	Eschenbach (LU)	2856
1027	Gelfingen	705
1028	Hämikon	434
1029	Herlisberg	227
1030	Hitzkirch	2200
1031	Hochdorf	7571
1032	Hohenrain	2150
1033	Inwil	1813
1034	Lieli	210
1035	Mosen	267
1036	Müswangen	462
1037	Rain	1841
1038	Retschwil	188
1039	Römerswil	1261
1040	Rothenburg	6267
1041	Schongau	743
1042	Sulz (LU)	172
1051	Adligenswil	5102
1052	Buchrain	4983
1053	Dierikon	1322
1054	Ebikon	11091
1055	Gisikon	866
1056	Greppen	765
1057	Honau	323
1058	Horw	12267
1059	Kriens	24394
1060	Littau	15699
1061	Luzern	57023
1062	Malters	6033
1063	Meggen	6057
1064	Meierskappel	1013
1065	Root	3582
1066	Schwarzenberg	1508
1067	Udligenswil	1877
1068	Vitznau	1061
1069	Weggis	3758
1081	Beromünster	2278
1082	Büron	1915
1083	Buttisholz	2718
1084	Eich	1306
1085	Geuensee	1987
1086	Grosswangen	2734
1087	Gunzwil	1907
1088	Hildisrieden	1730
1089	Knutwil	1558
1090	Kulmerau	217
1091	Mauensee	981
1092	Neudorf	1062
1093	Neuenkirch	5544
1094	Nottwil	2617
1095	Oberkirch	2638
1096	Pfeffikon	696
1097	Rickenbach (LU)	2049
1098	Ruswil	6299
1099	Schenkon	2154
1100	Schlierbach	570
1101	Schwarzenbach	229
1102	Sempach	3541
1103	Sursee	7960
1104	Triengen	2918
1105	Wilihof	250
1106	Winikon	803
1107	Wolhusen	4014
1121	Alberswil	537
1122	Altbüron	909
1123	Altishofen	1263
1124	Buchs (LU)	381
1125	Dagmersellen	3292
1126	Ebersecken	423
1127	Egolzwil	1235
1128	Ettiswil	1793
1129	Fischbach	702
1130	Gettnau	989
1131	Grossdietwil	837
1132	Hergiswil bei Willisau	1854
1133	Kottwil	399
1134	Langnau bei Reiden	1222
1135	Luthern	1529
1136	Menznau	2847
1137	Nebikon	2128
1138	Ohmstal	326
1139	Pfaffnau	2164
1140	Reiden	4011
1141	Richenthal	660
1142	Roggliswil	671
1143	Schötz	3105
1144	Uffikon	662
1145	Ufhusen	807
1146	Wauwil	1688
1147	Wikon	1353
1148	Willisau Land	4074
1149	Willisau Stadt	2995
1150	Zell (LU)	1948
1201	Altdorf (UR)	8623
1202	Andermatt	1338
1203	Attinghausen	1518
1204	Bauen	228
1205	Bürglen (UR)	3910
1206	Erstfeld	3880
1207	Flüelen	1780
1208	Göschenen	534
1209	Gurtnellen	652
1210	Hospental	229
1211	Isenthal	579
1212	Realp	169
1213	Schattdorf	4936
1214	Seedorf (UR)	1519
1215	Seelisberg	594
1216	Silenen	2118
1217	Sisikon	379
1218	Spiringen	1010
1219	Unterschächen	771
1220	Wassen	479
1301	Einsiedeln	12470
1311	Gersau	1941
1321	Feusisberg	4025
1322	Freienbach	13089
1323	Wollerau	6202
1331	Küssnacht am Rigi	10944
1341	Altendorf	4618
1342	Galgenen	4279
1343	Innerthal	176
1344	Lachen	6353
1345	Reichenburg	2779
1346	Schübelbach	7032
1347	Tuggen	2683
1348	Vorderthal	1013
1349	Wangen (SZ)	4570
1361	Alpthal	428
1362	Arth	9963
1363	Illgau	751
1364	Ingenbohl	7567
1365	Lauerz	877
1366	Morschach	859
1367	Muotathal	3572
1368	Oberiberg	715
1369	Riemenstalden	65
1370	Rothenthurm	2086
1371	Sattel	1400
1372	Schwyz	13899
1373	Steinen	2817
1374	Steinerberg	861
1375	Unteriberg	2198
1401	Alpnach	4959
1402	Engelberg	3383
1403	Giswil	3459
1404	Kerns	5141
1405	Lungern	1986
1406	Sachseln	4255
1407	Sarnen	9231
1501	Beckenried	2874
1502	Buochs	4889
1503	Dallenwil	1698
1504	Emmetten	1175
1505	Ennetbürgen	4023
1506	Ennetmoos	1911
1507	Hergiswil (NW)	5007
1508	Oberdorf (NW)	2970
1509	Stans	6920
1510	Stansstad	4488
1511	Wolfenschiessen	2045
1601	Betschwanden	183
1602	Bilten	1940
1603	Braunwald	410
1604	Diesbach (GL)	252
1605	Elm	758
1606	Engi	668
1607	Ennenda	2812
1608	Filzbach	533
1609	Glarus	5705
1610	Haslen	629
1611	Hätzingen	346
1612	Leuggelbach	190
1613	Linthal	1206
1614	Luchsingen	586
1615	Matt	392
1616	Mitlödi	1060
1617	Mollis	3020
1618	Mühlehorn	458
1619	Näfels	3935
1620	Netstal	2820
1621	Nidfurn	266
1622	Niederurnen	3735
1623	Oberurnen	1831
1624	Obstalden	434
1625	Riedern	643
1626	Rüti (GL)	428
1627	Schwanden (GL)	2585
1628	Schwändi	409
1629	Sool	312
1701	Baar	19166
1702	Cham	13145
1703	Hünenberg	7107
1704	Menzingen	4440
1705	Neuheim	1963
1706	Oberägeri	4708
1707	Risch	7218
1708	Steinhausen	8765
1709	Unterägeri	6966
1710	Walchwil	3200
1711	Zug	22710
2001	Aumont	415
2002	Autavaux	206
2003	Bollion	125
2004	Bussy (FR)	245
2005	Châbles	495
2007	Chapelle (Broye)	68
2008	Châtillon (FR)	275
2009	Cheiry	273
2010	Cheyres	694
2011	Cugy (FR)	900
2012	Delley	429
2013	Domdidier	2190
2014	Dompierre (FR)	591
2015	Estavayer-le-Lac	4192
2016	Fétigny	597
2017	Font	277
2018	Forel (FR)	340
2020	Frasses	154
2022	Gletterens	526
2023	Granges-de-Vesin	141
2024	Léchelles	515
2025	Lully (FR)	377
2026	Mannens-Grandsivaz	496
2027	Ménières	272
2029	Montagny (FR)	1316
2031	Montbrelloz	276
2032	Montet (Broye)	344
2033	Morens (FR)	125
2034	Murist	438
2035	Nuvilly	300
2036	Portalban	250
2037	Praratoud	62
2038	Prévondavaux	58
2039	Rueyres-les-Prés	243
2040	Russy	201
2041	Saint-Aubin (FR)	1280
2042	Seiry	199
2043	Sévaz	152
2044	Surpierre	231
2045	Vallon	269
2046	Vesin	240
2047	Villeneuve (FR)	269
2049	Vuissens	182
2061	Auboranges	184
2062	Berlens	249
2063	Billens-Hennens	521
2064	Bionnens	66
2066	Chapelle (Glâne)	206
2067	Le Châtelard	342
2068	Châtonnaye	565
2069	Chavannes-les-Forts	351
2070	Chavannes-sous-Orsonnens	251
2071	Les Ecasseys	50
2072	Ecublens (FR)	267
2074	Esmonts	156
2075	Estévenens	131
2077	Gillarens	170
2079	Grangettes	163
2081	La Joux (FR)	363
2082	Lieffrens	59
2083	Lussy (FR)	371
2085	La Magne	48
2086	Massonnens	402
2087	Mézières (FR)	676
2088	Middes	341
2089	Montet (Glâne)	178
2091	Mossel	128
2092	La Neirigue	48
2093	Orsonnens	298
2094	Prez-vers-Siviriez	273
2095	Promasens	243
2096	Romont (FR)	3737
2097	Rue	530
2099	Siviriez	947
2100	Sommentier	234
2101	Torny-le-Grand	363
2102	Ursy	745
2103	Vauderens	490
2105	Villaraboud	257
2107	Villargiroud	368
2108	Villariaz	355
2109	Villarimboud	460
2110	Villarsiviriaux	197
2111	Villaz-Saint-Pierre	894
2112	Vuarmarens	346
2113	Vuisternens-devant-Romont	542
2121	Albeuve	572
2122	Avry-devant-Pont	434
2123	Botterens	291
2124	Broc	2074
2125	Bulle	10970
2126	Cerniat (FR)	337
2127	Charmey	1567
2128	Châtel-sur-Montsalvens	197
2129	Corbières	352
2130	Crésuz	246
2131	Echarlens	590
2132	Enney	452
2133	Estavannens	297
2134	Grandvillard	602
2135	Gruyères	1512
2136	Gumefens	629
2137	Hauteville	468
2138	Jaun	737
2139	Lessoc	192
2140	Marsens	1005
2141	Maules	226
2142	Montbovon	267
2143	Morlon	491
2144	Neirivue	325
2145	Le Pâquier (FR)	942
2146	Le Bry	285
2147	Pont-la-Ville	464
2148	Riaz	1664
2149	La Roche	1298
2150	Romanens	249
2151	Rueyres-Treyfayes	130
2152	Sâles (Gruyère)	568
2153	Sorens	806
2154	La Tour-de-Trême	3332
2155	Vaulruz	854
2156	Villarbeney	119
2158	Villars-sous-Mont	174
2159	Villarvolard	219
2160	Vuadens	1643
2161	Vuippens	254
2171	Arconciel	655
2172	Autafond	73
2173	Autigny	607
2174	Avry-sur-Matran	1252
2175	Belfaux	2215
2176	Bonnefontaine	520
2177	Chénens	558
2179	Chésopelloz	106
2180	La Corbaz	293
2181	Corjolens	77
2182	Cormagens	118
2183	Corminboeuf	1639
2184	Corpataux-Magnedens	820
2185	Corserey	274
2186	Cottens (FR)	912
2188	Ecuvillens	720
2189	Ependes (FR)	1047
2190	Essert (FR)	251
2191	Estavayer-le-Gibloux	154
2192	Farvagny	1777
2194	Ferpicloz	179
2196	Fribourg	31691
2197	Givisiez	1901
2198	Granges-Paccot	1990
2200	Grolley	1606
2202	Lentigny	644
2203	Lossy-Formangueires	425
2204	Lovens	164
2206	Marly	6744
2208	Matran	1288
2210	Montévraz	493
2211	Neyruz (FR)	1708
2213	Noréaz	446
2214	Oberried (FR)	140
2215	Onnens (FR)	466
2216	Pierrafortscha	140
2217	Ponthaux	480
2219	Posieux	922
2220	Praroman	1129
2221	Prez-vers-Noréaz	820
2222	Rossens (FR)	1167
2223	Rueyres-Saint-Laurent	266
2225	Senèdes	107
2226	Treyvaux	1277
2227	Villarlod	259
2228	Villars-sur-Glâne	9010
2229	Villarsel-le-Gibloux	239
2230	Villarsel-sur-Marly	58
2231	Vuisternens-en-Ogoz	740
2232	Zénauva	131
2241	Agriswil	137
2243	Barberêche	550
2244	Büchslen	161
2247	Cordast	780
2250	Courgevaux	922
2251	Courlevon	258
2253	Courtaman	1037
2254	Courtepin	1577
2257	Cressier (FR)	746
2258	Fräschels	488
2259	Galmiz	554
2260	Gempenach	280
2261	Greng	172
2262	Gurmels	1520
2263	Guschelmuth	311
2264	Jeuss	352
2265	Kerzers	3813
2266	Kleinbösingen	521
2269	Liebistorf	626
2270	Lurtigen	182
2271	Meyriez	556
2272	Misery-Courtion	1239
2274	Muntelier	733
2275	Murten	5606
2276	Ried bei Kerzers	709
2277	Salvenach	422
2278	Ulmiz	333
2279	Villarepos	482
2280	Bas-Vully	1505
2281	Haut-Vully	1070
2282	Wallenbuch	124
2283	Wallenried	319
2291	Alterswil	1877
2292	Brünisried	569
2293	Düdingen	6711
2294	Giffers	1318
2295	Bösingen	3139
2296	Heitenried	1123
2298	Oberschrot	1039
2299	Plaffeien	2001
2300	Plasselb	999
2301	Rechthalten	1046
2302	St. Antoni	1957
2303	St. Silvester	961
2304	St. Ursen	1166
2305	Schmitten (FR)	3301
2306	Tafers	2500
2307	Tentlingen	1101
2308	Ueberstorf	2138
2309	Wünnewil-Flamatt	5005
2310	Zumholz	447
2321	Attalens	2242
2322	Besencens	148
2323	Bossonnens	1059
2324	Bouloz	271
2325	Châtel-Saint-Denis	4210
2326	Le Crêt	396
2327	Fiaugères	182
2328	Granges (Veveyse)	671
2329	Grattavache	231
2330	Pont (Veveyse)	167
2331	Porsel	414
2332	Progens	249
2333	Remaufens	755
2335	Saint-Martin (FR)	514
2336	Semsales	1022
2401	Egerkingen	2751
2402	Härkingen	1198
2403	Kestenholz	1627
2404	Neuendorf	1825
2405	Niederbuchsiten	911
2406	Oberbuchsiten	1799
2407	Oensingen	4399
2408	Wolfwil	1980
2421	Aedermannsdorf	541
2422	Balsthal	5589
2423	Gänsbrunnen	89
2424	Herbetswil	588
2425	Holderbank (SO)	623
2426	Laupersdorf	1675
2427	Matzendorf	1307
2428	Mümliswil-Ramiswil	2582
2429	Welschenrohr	1186
2441	Aetigkofen	178
2442	Aetingen	278
2443	Balm bei Messen	113
2444	Bibern (SO)	221
2445	Biezwil	290
2446	Brügglen	194
2447	Brunnenthal	193
2449	Gossliwil	189
2450	Hessigkofen	252
2452	Küttigkofen	250
2453	Kyburg-Buchegg	320
2454	Lüsslingen	448
2455	Lüterkofen-Ichertswil	668
2456	Lüterswil-Gächliwil	349
2457	Messen	973
2458	Mühledorf (SO)	346
2459	Nennigkofen	494
2460	Oberramsern	96
2461	Schnottwil	947
2462	Tscheppach	191
2463	Unterramsern	173
2471	Bättwil	962
2472	Büren (SO)	856
2473	Dornach	5821
2474	Gempen	698
2475	Hochwald	1127
2476	Hofstetten-Flüh	2764
2477	Metzerlen	809
2478	Nuglar-St. Pantaleon	1335
2479	Rodersdorf	1294
2480	Seewen	986
2481	Witterswil	1311
2491	Hauenstein-Ifenthal	269
2492	Kienberg	527
2493	Lostorf	3500
2494	Niedererlinsbach	2181
2495	Niedergösgen	3796
2496	Obererlinsbach	644
2497	Obergösgen	1977
2498	Rohr (SO)	117
2499	Stüsslingen	949
2500	Trimbach	6180
2501	Winznau	1707
2502	Wisen (SO)	416
2511	Aeschi (SO)	1026
2513	Biberist	7509
2514	Bolken	495
2516	Deitingen	2015
2517	Derendingen	5812
2518	Etziken	793
2519	Gerlafingen	4733
2520	Halten	814
2521	Heinrichswil-Winistorf	540
2522	Hersiwil	176
2523	Horriwil	799
2524	Hüniken	70
2525	Kriegstetten	1110
2526	Lohn-Ammannsegg	2362
2527	Luterbach	3107
2528	Obergerlafingen	1067
2529	Oekingen	682
2530	Recherswil	1618
2531	Steinhof	138
2532	Subingen	2680
2534	Zuchwil	8815
2541	Balm bei Günsberg	205
2542	Bellach	5088
2543	Bettlach	4660
2544	Feldbrunnen-St. Niklaus	780
2545	Flumenthal	1019
2546	Grenchen	15973
2547	Günsberg	1173
2548	Hubersdorf	686
2549	Kammersrohr	42
2550	Langendorf	3374
2551	Lommiswil	1429
2552	Niederwil (SO)	347
2553	Oberdorf (SO)	1610
2554	Riedholz	1511
2555	Rüttenen	1412
2556	Selzach	2838
2571	Boningen	645
2572	Däniken	2649
2573	Dulliken	4650
2574	Eppenberg-Wöschnau	325
2575	Fulenbach	1510
2576	Gretzenbach	2403
2578	Gunzgen	1425
2579	Hägendorf	4281
2580	Kappel (SO)	2514
2581	Olten	16434
2582	Rickenbach (SO)	900
2583	Schönenwerd	4717
2584	Starrkirch-Wil	1270
2585	Walterswil (SO)	687
2586	Wangen bei Olten	4462
2601	Solothurn	15074
2611	Bärschwil	886
2612	Beinwil (SO)	306
2613	Breitenbach	3198
2614	Büsserach	1882
2615	Erschwil	920
2616	Fehren	527
2617	Grindel	512
2618	Himmelried	960
2619	Kleinlützel	1243
2620	Meltingen	606
2621	Nunningen	1843
2622	Zullwil	619
2701	Basel	166009
2702	Bettingen	1178
2703	Riehen	20480
2761	Aesch (BL)	9801
2762	Allschwil	18207
2763	Arlesheim	8605
2764	Biel-Benken	2719
2765	Binningen	13953
2766	Birsfelden	10243
2767	Bottmingen	5471
2768	Ettingen	4828
2769	Münchenstein	11573
2770	Muttenz	16642
2771	Oberwil (BL)	9433
2772	Pfeffingen	2088
2773	Reinach (BL)	18441
2774	Schönenbuch	1268
2775	Therwil	8497
2781	Blauen	665
2782	Brislach	1401
2783	Burg im Leimental	234
2784	Dittingen	714
2785	Duggingen	1182
2786	Grellingen	1636
2787	Laufen	4911
2788	Liesberg	1158
2789	Nenzlingen	349
2790	Roggenburg	252
2791	Röschenz	1634
2792	Wahlen	1247
2793	Zwingen	2018
2821	Arisdorf	1372
2822	Augst	948
2823	Bubendorf	4307
2824	Frenkendorf	5850
2825	Füllinsdorf	4145
2826	Giebenach	790
2827	Hersberg	264
2828	Lausen	4670
2829	Liestal	12695
2830	Lupsingen	1262
2831	Pratteln	14910
2832	Ramlinsburg	640
2833	Seltisberg	1228
2834	Ziefen	1411
2841	Anwil	486
2842	Böckten	693
2843	Buckten	653
2844	Buus	929
2845	Diepflingen	498
2846	Gelterkinden	5452
2847	Häfelfingen	273
2848	Hemmiken	293
2849	Itingen	1630
2850	Känerkinden	491
2851	Kilchberg (BL)	106
2852	Läufelfingen	1243
2853	Maisprach	888
2854	Nusshof	202
2855	Oltingen	401
2856	Ormalingen	1835
2857	Rickenbach (BL)	535
2858	Rothenfluh	679
2859	Rümlingen	322
2860	Rünenberg	737
2861	Sissach	5382
2862	Tecknau	871
2863	Tenniken	935
2864	Thürnen	1133
2865	Wenslingen	661
2866	Wintersingen	611
2867	Wittinsburg	342
2868	Zeglingen	450
2869	Zunzgen	2473
2881	Arboldswil	502
2882	Bennwil	618
2883	Bretzwil	727
2884	Diegten	1380
2885	Eptingen	567
2886	Hölstein	2110
2887	Lampenberg	475
2888	Langenbruck	945
2889	Lauwil	324
2890	Liedertswil	145
2891	Niederdorf	1787
2892	Oberdorf (BL)	2331
2893	Reigoldswil	1506
2894	Titterten	408
2895	Waldenburg	1345
2901	Gächlingen	800
2902	Guntmadingen	273
2903	Löhningen	1143
2904	Neunkirch	1762
2905	Osterfingen	354
2911	Altdorf (SH)	202
2912	Barzheim	184
2913	Bibern (SH)	268
2914	Büttenhardt	344
2915	Dörflingen	793
2916	Hofen	130
2917	Lohn (SH)	651
2918	Opfertshofen (SH)	145
2919	Stetten (SH)	881
2920	Thayngen	3904
2931	Bargen (SH)	253
2932	Beringen	3047
2933	Buchberg	801
2934	Hemmental	525
2936	Merishausen	643
2937	Neuhausen am Rheinfall	10062
2938	Rüdlingen	622
2939	Schaffhausen	33274
2951	Beggingen	517
2952	Schleitheim	1781
2953	Siblingen	717
2961	Buch (SH)	275
2962	Hemishofen	397
2963	Ramsen	1298
2964	Stein am Rhein	3004
2971	Hallau	2004
2972	Oberhallau	416
2973	Trasadingen	544
2974	Wilchingen	1291
3001	Herisau	15799
3002	Hundwil	1041
3003	Schönengrund	457
3004	Schwellbrunn	1520
3005	Stein (AR)	1370
3006	Urnäsch	2330
3007	Waldstatt	1707
3021	Bühler	1637
3022	Gais	2815
3023	Speicher	3958
3024	Teufen (AR)	5564
3025	Trogen	1865
3031	Grub (AR)	1023
3032	Heiden	4063
3033	Lutzenberg	1261
3034	Rehetobel	1685
3035	Reute (AR)	685
3036	Wald (AR)	901
3037	Walzenhausen	2099
3038	Wolfhalden	1735
3101	Appenzell	5610
3102	Gonten	1402
3103	Rüte	2992
3104	Schlatt-Haslen	1201
3105	Schwende	1989
3111	Oberegg	1827
3201	Häggenschwil	1134
3202	Muolen	1095
3203	St. Gallen	69836
3204	Wittenbach	8457
3211	Berg (SG)	847
3212	Eggersriet	2125
3213	Goldach	8599
3214	Mörschwil	3133
3215	Rorschach	8668
3216	Rorschacherberg	6405
3217	Steinach	2959
3218	Tübach	1077
3219	Untereggen	905
3231	Au (SG)	6477
3232	Balgach	3996
3233	Berneck	3355
3234	Diepoldsau	5019
3235	Rheineck	3243
3236	St. Margrethen	5309
3237	Thal	5934
3238	Widnau	7581
3251	Altstätten	10283
3252	Eichberg	1300
3253	Marbach (SG)	1728
3254	Oberriet (SG)	7527
3255	Rebstein	4056
3256	Rüthi (SG)	1973
3271	Buchs (SG)	10272
3272	Gams	2888
3273	Grabs	6284
3274	Sennwald	4500
3275	Sevelen	4251
3276	Wartau	4842
3291	Bad Ragaz	4862
3292	Flums	4892
3293	Mels	7770
3294	Pfäfers	1685
3295	Quarten	2733
3296	Sargans	4790
3297	Vilters-Wangs	3862
3298	Walenstadt	4569
3311	Amden	1541
3312	Benken (SG)	2219
3313	Kaltbrunn	3688
3314	Rieden	677
3315	Schänis	3464
3316	Weesen	1361
3331	Ernetschwil	1303
3332	Eschenbach (SG)	5077
3333	Goldingen	1058
3334	Gommiswald	2665
3335	Jona	16733
3336	Rapperswil (SG)	7218
3337	St. Gallenkappel	1681
3338	Schmerikon	3177
3339	Uznach	5347
3351	Alt St. Johann	1462
3352	Ebnat-Kappel	4997
3354	Krummenau	1535
3355	Nesslau	2006
3356	Stein (SG)	414
3357	Wildhaus	1257
3371	Brunnadern	846
3372	Hemberg	937
3373	Krinau	283
3374	Lichtensteig	1913
3375	Oberhelfenschwil	1387
3376	St. Peterzell	1226
3377	Wattwil	8330
3391	Bütschwil	3537
3392	Kirchberg (SG)	7934
3393	Lütisburg	1349
3394	Mosnang	2939
3401	Degersheim	3911
3402	Flawil	9454
3403	Ganterschwil	1145
3405	Jonschwil	3128
3406	Mogelsberg	2240
3407	Oberuzwil	5520
3408	Uzwil	11955
3421	Bronschhofen	4281
3422	Niederbüren	1439
3423	Niederhelfenschwil	2630
3424	Oberbüren	3925
3425	Wil (SG)	16198
3426	Zuzwil (SG)	3826
3441	Andwil (SG)	1575
3442	Gaiserwald	7612
3443	Gossau (SG)	16788
3444	Waldkirch	2990
3501	Alvaschein	167
3502	Mon	92
3503	Mutten	89
3504	Stierva	142
3505	Tiefencastel	240
3506	Vaz/Obervaz	2632
3511	Alvaneu	432
3512	Brienz/Brinzauls	118
3513	Lantsch/Lenz	526
3514	Schmitten (GR)	263
3515	Surava	232
3521	Bergün/Bravuogn	507
3522	Filisur	492
3523	Wiesen (GR)	341
3531	Bivio	225
3532	Cunter	211
3533	Marmorera	57
3534	Mulegns	36
3536	Riom-Parsonz	364
3538	Salouf	217
3539	Savognin	913
3540	Sur	97
3541	Tinizong-Rona	389
3551	Brusio	1304
3561	Poschiavo	3571
3571	Castrisch	426
3572	Falera	522
3573	Flond	188
3574	Ilanz	2323
3575	Laax	1207
3576	Ladir	116
3577	Luven	185
3578	Pitasch	123
3579	Riein	77
3580	Ruschein	377
3581	Sagogn	646
3582	Schluein	528
3583	Schnaus	104
3584	Sevgein	214
3586	Valendas	318
3587	Versam	283
3591	Camuns	63
3592	Cumbel	274
3593	Duvin	86
3594	Degen	279
3595	Lumbrein	445
3596	Morissen	246
3598	St. Martin	37
3599	Surcasti	79
3600	Surcuolm	138
3601	Tersnaus	76
3602	Uors-Peiden	91
3603	Vals	989
3604	Vignogn	203
3605	Vella	482
3606	Vrin	284
3611	Andiast	247
3612	Obersaxen	825
3613	Pigniu	54
3614	Rueun	458
3615	Siat	197
3616	Waltensburg/Vuorz	413
3631	Almens	221
3632	Feldis/Veulden	133
3633	Fürstenau	293
3634	Paspels	429
3635	Pratval	246
3636	Rodels	275
3637	Rothenbrunnen	324
3638	Scharans	744
3639	Scheid	142
3640	Sils im Domleschg	906
3641	Trans	71
3642	Tumegl/Tomils	329
3651	Safien	347
3652	Tenna	93
3661	Cazis	1403
3662	Flerden	170
3663	Masein	394
3664	Portein	26
3665	Präz	193
3666	Sarn	164
3667	Tartar	166
3668	Thusis	2608
3669	Tschappina	167
3670	Urmein	99
3681	Avers	184
3691	Hinterrhein	102
3692	Medels im Rheinwald	49
3693	Nufenen	145
3694	Splügen	406
3695	Sufers	127
3701	Andeer	718
3702	Ausserferrera	48
3703	Casti-Wergenstein	56
3704	Clugin	39
3705	Donath	148
3706	Innerferrera	53
3707	Lohn (GR)	54
3708	Mathon	58
3709	Patzen-Fardün	74
3710	Pignia	122
3711	Rongellen	45
3712	Zillis-Reischen	353
3721	Bonaduz	2463
3722	Domat/Ems	6513
3723	Rhäzüns	1230
3731	Felsberg	2034
3732	Flims	2427
3733	Tamins	1179
3734	Trin	1098
3741	Ardez	445
3742	Guarda	151
3743	Lavin	201
3744	Susch	217
3745	Tarasp	293
3746	Zernez	1020
3751	Ramosch	470
3752	Samnaun	782
3753	Tschlin	430
3761	Ftan	480
3762	Scuol	2115
3763	Sent	886
3771	Bondo	191
3773	Castasegna	202
3774	Soglio	196
3775	Stampa	578
3776	Vicosoprano	500
3781	Bever	623
3782	Celerina/Schlarigna	1238
3783	Madulain	182
3784	Pontresina	1828
3785	La Punt-Chamues-ch	683
3786	Samedan	2736
3787	St. Moritz	5045
3788	S-chanf	623
3789	Sils im Engadin/Segl	704
3790	Silvaplana	928
3791	Zuoz	1274
3801	Arvigo	94
3803	Braggio	70
3804	Buseno	113
3805	Castaneda	237
3806	Cauco	43
3808	Rossa	126
3810	Santa Maria in Calanca	116
3811	Selma	45
3821	Lostallo	661
3822	Mesocco	1224
3823	Soazza	385
3831	Cama	471
3832	Grono	895
3833	Leggia	129
3834	Roveredo (GR)	2089
3835	San Vittore	682
3836	Verdabbio	165
3841	Fuldera	131
3842	Lü	69
3843	Müstair	841
3844	Sta. Maria Val Müstair	350
3845	Tschierv	181
3846	Valchava	219
3851	Davos	12013
3861	Fideris	581
3862	Furna	222
3863	Jenaz	1181
3871	Klosters-Serneus	3805
3881	Conters im Prättigau	199
3882	Küblis	871
3883	Saas	745
3891	Luzein	1164
3892	St. Antönien Ascharina	132
3893	St. Antönien	235
3901	Chur	31310
3911	Churwalden	1274
3912	Malix	657
3913	Parpan	297
3914	Praden	114
3915	Tschiertschen	231
3921	Arosa	2334
3922	Calfreisen	43
3923	Castiel	122
3924	Langwies	321
3925	Lüen	93
3926	Maladers	513
3927	Molinis	139
3928	Pagig	81
3929	Peist	228
3930	St. Peter	151
3941	Haldenstein	847
3942	Igis	7312
3943	Mastrils	530
3944	Says	171
3945	Trimmis	2739
3946	Untervaz	2124
3947	Zizers	3001
3951	Fläsch	559
3952	Jenins	760
3953	Maienfeld	2329
3954	Malans	1963
3961	Grüsch	1230
3962	Schiers	2452
3971	Fanas	392
3972	Seewis im Prättigau	1362
3973	Valzeina	152
3981	Breil/Brigels	1294
3982	Disentis/Mustér	2212
3983	Medel (Lucmagn)	500
3984	Schlans	101
3985	Sumvitg	1463
3986	Tujetsch	1584
3987	Trun	1326
4001	Aarau	15282
4002	Biberstein	1069
4003	Buchs (AG)	6150
4004	Densbüren	737
4005	Erlinsbach	3288
4006	Gränichen	6093
4007	Hirschthal	1204
4008	Küttigen	4916
4009	Muhen	3064
4010	Oberentfelden	6637
4011	Rohr (AG)	2707
4012	Suhr	8228
4013	Unterentfelden	3184
4021	Baden	15945
4022	Bellikon	1322
4023	Bergdietikon	2249
4024	Birmenstorf (AG)	2280
4026	Ennetbaden	2986
4027	Fislisbach	4934
4028	Freienwil	759
4029	Gebenstorf	4169
4030	Killwangen	1396
4031	Künten	1503
4032	Mägenwil	1546
4033	Mellingen	4182
4034	Neuenhof	7580
4035	Niederrohrdorf	2453
4036	Oberehrendingen	1768
4037	Oberrohrdorf	3402
4038	Obersiggenthal	7465
4039	Remetschwil	1762
4040	Spreitenbach	9045
4041	Stetten (AG)	1574
4042	Turgi	2361
4043	Unterehrendingen	1532
4044	Untersiggenthal	6007
4045	Wettingen	17739
4046	Wohlenschwil	1248
4047	Würenlingen	3654
4048	Würenlos	4762
4061	Arni (AG)	1299
4062	Berikon	4389
4063	Bremgarten (AG)	5218
4064	Büttikon	662
4065	Dottikon	3001
4066	Eggenwil	664
4067	Fischbach-Göslikon	1252
4068	Hägglingen	2005
4069	Hermetschwil-Staffeln	1061
4070	Hilfikon	218
4071	Jonen	1556
4072	Niederwil (AG)	2199
4073	Oberlunkhofen	1439
4074	Oberwil-Lieli	1747
4075	Rudolfstetten-Friedlisberg	3744
4076	Sarmenstorf	2115
4077	Tägerig	1206
4078	Uezwil	364
4079	Unterlunkhofen	1229
4080	Villmergen	5033
4081	Widen	3567
4082	Wohlen (AG)	13223
4083	Zufikon	3547
4084	Islisberg	396
4091	Auenstein	1382
4092	Birr	3453
4093	Birrhard	663
4094	Bözen	646
4095	Brugg	9162
4096	Effingen	601
4097	Elfingen	240
4098	Gallenkirch	130
4099	Habsburg	370
4100	Hausen bei Brugg	2538
4101	Hottwil	243
4103	Linn	109
4104	Lupfig	1792
4105	Mandach	315
4106	Mönthal	435
4107	Mülligen	789
4108	Oberbözberg	546
4109	Oberflachs	436
4110	Remigen	1063
4111	Riniken	1369
4112	Rüfenach	724
4113	Scherz	561
4114	Schinznach Bad	1233
4115	Schinznach Dorf	1624
4116	Stilli	352
4117	Thalheim (AG)	758
4118	Umiken	1041
4119	Unterbözberg	749
4120	Veltheim (AG)	1377
4121	Villigen	1424
4122	Villnachern	1224
4123	Windisch	6509
4131	Beinwil am See	2603
4132	Birrwil	970
4133	Burg (AG)	995
4134	Dürrenäsch	1098
4135	Gontenschwil	2076
4136	Holziken	1179
4137	Leimbach (AG)	407
4138	Leutwil	668
4139	Menziken	5409
4140	Oberkulm	2230
4141	Reinach (AG)	7311
4142	Schlossrued	906
4143	Schmiedrued	1223
4144	Schöftland	3220
4145	Teufenthal (AG)	1604
4146	Unterkulm	2719
4147	Zetzwil	1202
4161	Eiken	1745
4162	Etzgen	349
4163	Frick	3935
4164	Gansingen	932
4165	Gipf-Oberfrick	2862
4166	Herznach	1070
4167	Hornussen	821
4168	Ittenthal	224
4169	Kaisten	2079
4170	Laufenburg	1979
4171	Mettau	293
4172	Münchwilen (AG)	591
4173	Oberhof	512
4174	Oberhofen (AG)	310
4175	Oeschgen	802
4176	Schwaderloch	668
4177	Sisseln	1277
4178	Sulz (AG)	1146
4179	Ueken	689
4180	Wil (AG)	674
4181	Wittnau	1136
4182	Wölflinswil	811
4183	Zeihen	861
4191	Ammerswil	612
4192	Boniswil	1346
4193	Brunegg	465
4194	Dintikon	1316
4195	Egliswil	1203
4196	Fahrwangen	1644
4197	Hallwil	736
4198	Hendschiken	889
4199	Holderbank (AG)	795
4200	Hunzenschwil	2607
4201	Lenzburg	7427
4202	Meisterschwanden	2047
4203	Möriken-Wildegg	3430
4204	Niederlenz	3839
4205	Othmarsingen	2162
4206	Rupperswil	3678
4207	Schafisheim	2638
4208	Seengen	2627
4209	Seon	4651
4210	Staufen	2178
4221	Abtwil	672
4222	Aristau	1189
4223	Auw	1217
4224	Beinwil (Freiamt)	956
4225	Benzenschwil	518
4226	Besenbüren	510
4227	Bettwil	561
4228	Boswil	2303
4229	Bünzen	868
4230	Buttwil	1118
4231	Dietwil	1012
4232	Geltwil	142
4233	Kallern	276
4234	Merenschwand	2179
4235	Mühlau	992
4236	Muri (AG)	6204
4237	Oberrüti	1108
4238	Rottenschwil	804
4239	Sins	3287
4240	Waltenschwil	2029
4251	Hellikon	752
4252	Kaiseraugst	3892
4253	Magden	3065
4254	Möhlin	8292
4255	Mumpf	1074
4256	Obermumpf	998
4257	Olsberg	350
4258	Rheinfelden	10566
4259	Schupfart	684
4260	Stein (AG)	2355
4261	Wallbach	1530
4262	Wegenstetten	991
4263	Zeiningen	1821
4264	Zuzgen	737
4271	Aarburg	6281
4272	Attelwil	299
4273	Bottenwil	799
4274	Brittnau	3523
4275	Kirchleerau	731
4276	Kölliken	3891
4277	Moosleerau	810
4278	Mühlethal	787
4279	Murgenthal	2722
4280	Oftringen	10220
4281	Reitnau	1143
4282	Rothrist	6800
4283	Safenwil	3110
4284	Staffelbach	1007
4285	Strengelbach	4142
4286	Uerkheim	1270
4287	Vordemwald	1765
4288	Wiliberg	157
4289	Zofingen	8601
4301	Baldingen	253
4302	Böbikon	181
4303	Böttstein	3641
4304	Döttingen	3224
4305	Endingen	1812
4306	Fisibach	361
4307	Full-Reuenthal	826
4308	Kaiserstuhl	437
4309	Klingnau	2747
4310	Koblenz	1573
4311	Leibstadt	1283
4312	Lengnau (AG)	2254
4313	Leuggern	2145
4314	Mellikon	252
4315	Rekingen (AG)	1003
4316	Rietheim	608
4317	Rümikon	223
4318	Schneisingen	1243
4319	Siglistorf	528
4320	Tegerfelden	968
4321	Unterendingen	376
4322	Wislikofen	341
4323	Zurzach	3867
4401	Arbon	13144
4406	Dozwil	509
4411	Egnach	4025
4416	Hefenhofen	1130
4421	Horn	2376
4426	Kesswil	890
4431	Roggwil (TG)	2448
4436	Romanshorn	8913
4441	Salmsach	1316
4446	Sommeri	498
4451	Uttwil	1474
4461	Amriswil	11227
4471	Bischofszell	5518
4476	Erlen	3086
4486	Hauptwil-Gottshaus	1848
4495	Hohentannen	593
4501	Kradolf-Schönenberg	3068
4506	Sulgen	3468
4511	Zihlschlacht-Sitterdorf	1936
4536	Basadingen-Schlattingen	1490
4545	Diessenhofen	3201
4546	Schlatt (TG)	1491
4551	Aadorf	7186
4561	Felben-Wellhausen	2132
4566	Frauenfeld	21620
4571	Gachnang	2960
4590	Hüttlingen	848
4591	Matzingen	2381
4601	Neunforn	939
4606	Stettfurt	997
4611	Thundorf	1215
4616	Uesslingen-Buch	1056
4621	Warth-Weiningen	1124
4641	Altnau	1810
4643	Bottighofen	1745
4646	Ermatingen	2392
4651	Gottlieben	315
4656	Güttingen	1320
4666	Kemmental	2097
4671	Kreuzlingen	16714
4681	Langrickenbach	1042
4683	Lengwil	1168
4691	Münsterlingen	2367
4696	Tägerwilen	3268
4701	Wäldi	914
4711	Affeltrangen	2168
4716	Bettwiesen	1039
4721	Bichelsee-Balterswil	2313
4723	Braunau	639
4724	Eschlikon	3211
4726	Fischingen	2574
4741	Lommis	986
4746	Münchwilen (TG)	4483
4751	Rickenbach (TG)	2454
4756	Schönholzerswilen	745
4761	Sirnach	6308
4776	Tobel-Tägerschen	1326
4781	Wängi	3977
4786	Wilen (TG)	1781
4791	Wuppenau	1003
4801	Berlingen	761
4806	Eschenz	1555
4811	Herdern	886
4816	Homburg	1445
4821	Hüttwilen	1351
4826	Mammern	584
4831	Müllheim	2379
4841	Pfyn	1772
4846	Raperswilen	460
4851	Salenstein	1103
4864	Steckborn	3219
4871	Wagenhausen	1535
4881	Amlikon-Bissegg	1195
4891	Berg (TG)	2783
4901	Birwinken	1221
4911	Bürglen (TG)	3189
4921	Bussnang	2038
4941	Märstetten	2170
4946	Weinfelden	9366
4951	Wigoltingen	2028
5001	Arbedo-Castione	3884
5002	Bellinzona	16757
5003	Cadenazzo	1758
5004	Camorino	2240
5005	Giubiasco	7525
5006	Gnosca	524
5007	Gorduno	646
5008	Gudo	688
5009	Isone	378
5010	Lumino	1161
5011	Medeglia	355
5012	Moleno	110
5013	Monte Carasso	2167
5014	Pianezzo	512
5015	Preonzo	508
5016	Robasacco	114
5017	Sant'Antonino	2073
5018	Sant'Antonio	193
5019	Sementina	2611
5031	Aquila	502
5032	Campo (Blenio)	74
5033	Castro	82
5034	Corzoneso	420
5035	Dongio	449
5036	Ghirone	50
5037	Largario	29
5038	Leontica	286
5039	Lottigna	88
5040	Ludiano	287
5041	Malvaglia	1234
5042	Marolta	54
5043	Olivone	863
5044	Ponto Valentino	235
5045	Prugiasco	146
5046	Semione	345
5047	Torre	293
5061	Airolo	1726
5062	Anzonico	117
5063	Bedretto	75
5064	Bodio	1108
5065	Calonico	58
5066	Calpiogna	47
5067	Campello	51
5068	Cavagnago	89
5069	Chiggiogna	412
5070	Chironico	427
5071	Dalpe	177
5072	Faido	1551
5073	Giornico	948
5074	Mairengo	286
5075	Osco	125
5076	Personico	362
5077	Pollegio	743
5078	Prato (Leventina)	438
5079	Quinto	1104
5080	Rossura	60
5081	Sobrio	79
5091	Ascona	4977
5092	Auressio	75
5093	Berzona	56
5094	Borgnone	168
5095	Brione (Verzasca)	225
5096	Brione sopra Minusio	503
5097	Brissago	1781
5098	Caviano	144
5099	Cavigliano	684
5101	Contone	738
5102	Corippo	23
5104	Cugnasco	1153
5105	Frasco	112
5106	Gerra (Gambarogno)	286
5107	Gerra (Verzasca)	1094
5108	Gordola	3844
5109	Gresso	42
5110	Indemini	54
5111	Intragna	886
5112	Lavertezzo	1123
5113	Locarno	14465
5114	Loco	241
5115	Losone	6047
5116	Magadino	1557
5117	Mergoscia	185
5118	Minusio	6495
5119	Mosogno	69
5120	Muralto	2697
5121	Orselina	772
5122	Palagnedra	109
5123	Piazzogna	372
5125	Ronco sopra Ascona	684
5127	San Nazzaro	615
5128	Sant'Abbondio	147
5129	Sonogno	96
5130	Tegna	674
5131	Tenero-Contra	2271
5132	Vergeletto	90
5133	Verscio	931
5134	Vira (Gambarogno)	640
5135	Vogorno	307
5136	Onsernone	318
5141	Agno	3576
5142	Agra	424
5143	Aranno	271
5144	Arogno	954
5145	Arosio	417
5146	Astano	293
5147	Barbengo	1579
5148	Bedano	1172
5149	Bedigliora	513
5150	Bidogno	345
5151	Bioggio	1559
5153	Bironico	516
5154	Bissone	773
5155	Bogno	104
5156	Bosco Luganese	352
5158	Breganzona	4835
5159	Breno	284
5160	Brusino Arsizio	461
5161	Cademario	610
5162	Cadempino	1328
5163	Cadro	1615
5164	Cagiallo	557
5165	Camignolo	603
5167	Canobbio	1853
5168	Carabbia	535
5169	Carabietta	106
5170	Carona	690
5171	Caslano	3544
5173	Certara	79
5174	Cimadera	102
5175	Cimo	216
5176	Comano	1645
5177	Corticiasca	121
5178	Croglio	849
5179	Cureggia	134
5180	Cureglia	1287
5181	Curio	535
5182	Davesco-Soragno	1323
5183	Fescoggia	103
5184	Gandria	215
5185	Gentilino	1403
5186	Grancia	377
5187	Gravesano	1074
5188	Iseo	78
5189	Lamone	1621
5190	Lopagno	454
5191	Lugaggia	717
5192	Lugano	25872
5193	Magliaso	1384
5194	Manno	1087
5195	Maroggia	571
5196	Massagno	5645
5197	Melano	1095
5198	Melide	1513
5199	Mezzovico-Vira	914
5200	Miglieglia	234
5201	Montagnola	2120
5202	Monteggio	798
5203	Morcote	717
5204	Mugena	164
5205	Muzzano	779
5206	Neggio	339
5207	Novaggio	737
5208	Origlio	1177
5209	Pambio-Noranco	629
5210	Paradiso	3292
5211	Pazzallo	1181
5212	Ponte Capriasca	1538
5213	Ponte Tresa	799
5214	Porza	1427
5215	Pregassona	7323
5216	Pura	1055
5217	Rivera	1441
5218	Roveredo-Capriasca	141
5219	Rovio	707
5220	Sala Capriasca	1187
5221	Savosa	2043
5222	Sessa	635
5223	Sigirino	394
5224	Sonvico	1626
5225	Sorengo	1666
5226	Tesserete	1409
5227	Torricella-Taverne	2781
5228	Vaglio	508
5229	Valcolla	559
5230	Vernate	384
5231	Vezia	1620
5232	Vezio	226
5233	Vico Morcote	274
5234	Viganello	6303
5235	Villa Luganese	480
5241	Arzo	1062
5242	Balerna	3500
5243	Besazio	539
5244	Bruzella	204
5245	Cabbio	181
5246	Caneggio	369
5247	Capolago	706
5248	Casima	63
5249	Castel San Pietro	1672
5250	Chiasso	7875
5251	Coldrerio	2626
5252	Genestrerio	857
5253	Ligornetto	1442
5254	Mendrisio	6043
5255	Meride	324
5256	Monte	102
5257	Morbio Inferiore	4186
5258	Morbio Superiore	730
5259	Muggio	223
5260	Novazzano	2409
5262	Rancate	1381
5263	Riva San Vitale	2305
5264	Sagno	247
5265	Salorino	510
5266	Stabio	3739
5267	Tremona	409
5268	Vacallo	2829
5281	Biasca	5853
5282	Claro	2152
5283	Cresciano	600
5284	Iragna	495
5285	Lodrino	1517
5286	Osogna	966
5301	Aurigeno	383
5302	Avegno	512
5303	Bignasco	305
5304	Bosco/Gurin	86
5305	Broglio	87
5306	Brontallo	59
5307	Campo (Vallemaggia)	58
5308	Cavergno	508
5309	Cerentino	61
5310	Cevio	504
5311	Coglio	96
5312	Fusio	47
5313	Giumaglio	218
5314	Gordevio	798
5315	Linescio	43
5316	Lodano	188
5317	Maggia	777
5318	Menzonio	91
5319	Moghegno	351
5320	Peccia	197
5321	Prato-Sornico	111
5322	Someo	269
5401	Aigle	7590
5402	Bex	5611
5403	Chessel	316
5404	Corbeyrier	326
5405	Gryon	1045
5406	Lavey-Morcles	795
5407	Leysin	2784
5408	Noville	633
5409	Ollon	6213
5410	Ormont-Dessous	956
5411	Ormont-Dessus	1365
5412	Rennaz	557
5413	Roche (VD)	876
5414	Villeneuve (VD)	4044
5415	Yvorne	963
5421	Apples	1131
5422	Aubonne	2563
5423	Ballens	344
5424	Berolle	211
5425	Bière	1356
5426	Bougy-Villars	372
5427	Féchy	636
5428	Gimel	1358
5429	Longirod	350
5430	Marchissy	328
5431	Mollens (VD)	277
5432	Montherod	435
5433	Pizy	70
5434	Saint-George	637
5435	Saint-Livres	521
5436	Saint-Oyens	246
5437	Saubraz	203
5451	Avenches	2511
5452	Bellerive (VD)	538
5453	Chabrey	201
5454	Champmartin	29
5455	Constantine	273
5456	Cudrefin	836
5457	Donatyre	129
5458	Faoug	567
5459	Montmagny	165
5460	Mur (VD)	170
5461	Oleyres	234
5462	Vallamand	332
5463	Villars-le-Grand	286
5471	Bettens	301
5472	Bournens	252
5473	Boussens	740
5474	La Chaux (Cossonay)	350
5475	Chavannes-le-Veyron	126
5476	Chevilly	212
5477	Cossonay	2487
5478	Cottens (VD)	339
5479	Cuarnens	397
5480	Daillens	597
5481	Dizy	161
5482	Eclépens	915
5483	Ferreyres	224
5484	Gollion	558
5485	Grancy	328
5486	L'Isle	871
5487	Lussery-Villars	328
5488	Mauraz	44
5489	Mex (VD)	537
5490	Moiry	207
5491	Mont-la-Ville	325
5492	Montricher	706
5493	Orny	320
5494	Pampigny	829
5495	Penthalaz	2268
5496	Penthaz	1274
5497	Pompaples	708
5498	La Sarraz	1693
5499	Senarclens	346
5500	Sévery	190
5501	Sullens	820
5503	Vufflens-la-Ville	999
5511	Assens	770
5512	Bercher	867
5513	Bioley-Orjulaz	284
5514	Bottens	903
5515	Bretigny-sur-Morrens	567
5516	Cugy (VD)	1970
5517	Dommartin	250
5518	Echallens	4270
5519	Eclagnens	71
5520	Essertines-sur-Yverdon	666
5521	Etagnières	784
5522	Fey	434
5523	Froideville	1469
5524	Goumoens-la-Ville	601
5525	Goumoens-le-Jux	33
5526	Malapalud	61
5527	Morrens (VD)	886
5528	Naz	92
5529	Oulens-sous-Echallens	413
5530	Pailly	377
5531	Penthéréaz	344
5532	Poliez-le-Grand	536
5533	Poliez-Pittet	546
5534	Rueyres	196
5535	Saint-Barthélemy (VD)	616
5536	Sugnens	228
5537	Villars-le-Terroir	659
5538	Villars-Tiercelin	345
5539	Vuarrens	547
5551	Bonvillars	357
5552	Bullet	545
5553	Champagne	653
5554	Concise	701
5555	Corcelles-près-Concise	270
5556	Fiez	348
5557	Fontaines-sur-Grandson	132
5558	Fontanezier	70
5559	Giez	348
5560	Grandevent	144
5561	Grandson	2633
5562	Mauborget	83
5563	Mutrux	124
5564	Novalles	100
5565	Onnens (VD)	399
5566	Provence	352
5567	Romairon	39
5568	Sainte-Croix	4147
5569	Vaugondry	37
5570	Villars-Burquin	482
5581	Belmont-sur-Lausanne	2370
5582	Cheseaux-sur-Lausanne	2901
5583	Crissier	6168
5584	Epalinges	7502
5585	Jouxtens-Mézery	1166
5586	Lausanne	114889
5587	Le Mont-sur-Lausanne	5118
5588	Paudex	1381
5589	Prilly	10488
5590	Pully	16005
5591	Renens (VD)	17128
5592	Romanel-sur-Lausanne	3073
5601	Chexbres	1976
5602	Cully	1748
5603	Epesses	313
5604	Forel (Lavaux)	1711
5605	Grandvaux	1934
5606	Lutry	8251
5607	Puidoux	2324
5608	Riex	292
5609	Rivaz	321
5610	Saint-Saphorin (Lavaux)	358
5611	Savigny	3061
5612	Villette (Lavaux)	569
5621	Aclens	364
5622	Bremblens	357
5623	Buchillon	608
5624	Bussigny-près-Lausanne	7273
5625	Bussy-Chardonney	321
5627	Chavannes-près-Renens	5594
5628	Chigny	256
5629	Clarmont	143
5630	Colombier (VD)	460
5631	Denens	582
5632	Denges	1082
5633	Echandens	2065
5634	Echichens	1014
5635	Ecublens (VD)	9711
5636	Etoy	2220
5637	Lavigny	692
5638	Lonay	1912
5639	Lully (VD)	663
5640	Lussy-sur-Morges	565
5641	Monnaz	278
5642	Morges	13754
5643	Préverenges	4056
5644	Reverolle	311
5645	Romanel-sur-Morges	442
5646	Saint-Prex	4084
5647	Saint-Saphorin-sur-Morges	365
5648	Saint-Sulpice (VD)	2931
5649	Tolochenaz	1672
5650	Vaux-sur-Morges	150
5651	Villars-Sainte-Croix	595
5652	Villars-sous-Yens	562
5653	Vufflens-le-Château	636
5654	Vullierens	399
5655	Yens	946
5661	Boulens	219
5662	Brenles	165
5663	Bussy-sur-Moudon	189
5664	Chapelle-sur-Moudon	326
5665	Chavannes-sur-Moudon	200
5666	Chesalles-sur-Moudon	161
5667	Correvon	108
5668	Cremin	51
5669	Curtilles	288
5670	Denezy	121
5671	Dompierre (VD)	251
5672	Forel-sur-Lucens	140
5673	Hermenches	279
5674	Lovatens	146
5675	Lucens	2126
5676	Martherenges	68
5677	Montaubion-Chardonney	76
5678	Moudon	4287
5679	Neyruz-sur-Moudon	120
5680	Ogens	230
5681	Oulens-sur-Lucens	58
5682	Peyres-Possens	124
5683	Prévonloup	116
5684	Rossenges	51
5685	Saint-Cierges	409
5686	Sarzens	60
5687	Sottens	209
5688	Syens	114
5689	Thierrens	590
5690	Villars-le-Comte	124
5691	Villars-Mendraz	189
5692	Vucherens	444
5701	Arnex-sur-Nyon	120
5702	Arzier	1831
5703	Bassins	820
5704	Begnins	1302
5705	Bogis-Bossey	838
5706	Borex	877
5707	Chavannes-de-Bogis	1107
5708	Chavannes-des-Bois	437
5709	Chéserex	1056
5710	Coinsins	351
5711	Commugny	2587
5712	Coppet	2366
5713	Crans-près-Céligny	1981
5714	Crassier	747
5715	Duillier	885
5716	Eysins	839
5717	Founex	2648
5718	Genolier	1511
5719	Gingins	1062
5720	Givrins	801
5721	Gland	9700
5722	Grens	316
5723	Mies	1495
5724	Nyon	15964
5725	Prangins	3119
5726	La Rippe	980
5727	Saint-Cergue	1620
5728	Signy-Avenex	394
5729	Tannay	1234
5730	Trélex	1131
5731	Le Vaud	944
5732	Vich	717
5741	L'Abergement	242
5742	Agiez	221
5743	Arnex-sur-Orbe	530
5744	Ballaigues	878
5745	Baulmes	965
5746	Bavois	720
5747	Bofflens	162
5748	Bretonnières	206
5749	Chavornay	2806
5750	Les Clées	158
5751	Corcelles-sur-Chavornay	306
5752	Croy	280
5754	Juriens	241
5755	Lignerolle	335
5756	Montcherand	405
5757	Orbe	4772
5758	La Praz	124
5759	Premier	206
5760	Rances	415
5761	Romainmôtier-Envy	413
5762	Sergey	110
5763	Valeyres-sous-Rances	503
5764	Vallorbe	3083
5765	Vaulion	446
5766	Vuiteboeuf	415
5781	Bussigny-sur-Oron	67
5782	Carrouge (VD)	787
5783	Châtillens	410
5784	Chesalles-sur-Oron	150
5785	Corcelles-le-Jorat	412
5786	Les Cullayes	622
5787	Ecoteaux	334
5788	Essertes	247
5789	Ferlens (VD)	266
5790	Maracon	343
5791	Mézières (VD)	965
5792	Montpreveyres	362
5793	Oron-la-Ville	1200
5794	Oron-le-Châtel	229
5795	Palézieux	1055
5796	Peney-le-Jorat	303
5797	La Rogivue	71
5798	Ropraz	344
5799	Servion	976
5800	Les Tavernes	114
5801	Les Thioleyres	171
5802	Vuibroye	111
5803	Vulliens	433
5811	Cerniaz (VD)	63
5812	Champtauroz	108
5813	Chevroux	391
5814	Combremont-le-Grand	304
5815	Combremont-le-Petit	370
5816	Corcelles-près-Payerne	1638
5817	Grandcour	752
5818	Granges-près-Marnand	1147
5819	Henniez	244
5820	Marnand	139
5821	Missy	283
5822	Payerne	7292
5823	Rossens (VD)	50
5824	Sassel	148
5825	Sédeilles	143
5826	Seigneux	273
5827	Trey	226
5828	Treytorrens (Payerne)	119
5829	Villars-Bramard	120
5830	Villarzel	191
5841	Château-d'Oex	3038
5842	Rossinière	487
5843	Rougemont	934
5851	Allaman	386
5852	Bursinel	335
5853	Bursins	529
5854	Burtigny	305
5855	Dully	434
5856	Essertines-sur-Rolle	476
5857	Gilly	772
5858	Luins	311
5859	Mont-sur-Rolle	1757
5860	Perroy	1126
5861	Rolle	4131
5862	Tartegnin	186
5863	Vinzel	285
5871	L'Abbaye	1257
5872	Le Chenit	4153
5873	Le Lieu	797
5881	Blonay	4774
5882	Chardonne	2615
5883	Corseaux	2078
5884	Corsier-sur-Vevey	3105
5885	Jongny	1289
5886	Montreux	21969
5888	Saint-Légier-La Chiésaz	3969
5889	La Tour-de-Peilz	10118
5890	Vevey	15420
5891	Veytaux	836
5901	Arrissoules	37
5902	Belmont-sur-Yverdon	246
5903	Bioley-Magnoux	174
5904	Chamblon	487
5905	Champvent	300
5906	Chanéaz	89
5907	Chavannes-le-Chêne	236
5908	Chêne-Pâquier	105
5909	Cheseaux-Noréaz	532
5910	Cronay	309
5911	Cuarny	179
5912	Démoret	132
5913	Donneloye	321
5914	Ependes (VD)	318
5915	Essert-Pittet	124
5916	Essert-sous-Champvent	113
5917	Gossens	118
5918	Gressy	141
5919	Mathod	460
5920	Mézery-près-Donneloye	63
5921	Molondin	189
5922	Montagny-près-Yverdon	601
5923	Oppens	164
5924	Orges	204
5925	Orzens	195
5926	Pomy	519
5927	Prahins	127
5928	Rovray	92
5929	Suchy	342
5930	Suscévaz	173
5931	Treycovagnes	467
5932	Ursins	163
5933	Valeyres-sous-Montagny	531
5934	Valeyres-sous-Ursins	182
5935	Villars-Epeney	49
5936	Villars-sous-Champvent	48
5937	Vugelles-La Mothe	104
5938	Yverdon-les-Bains	23144
5939	Yvonand	2216
6001	Birgisch	224
6002	Brig-Glis	11846
6004	Eggerberg	394
6006	Mund	591
6007	Naters	7602
6008	Ried-Brig	1700
6009	Simplon	368
6010	Termen	799
6011	Zwischbergen	152
6021	Ardon	2325
6022	Chamoson	2526
6023	Conthey	6353
6024	Nendaz	5372
6025	Vétroz	3927
6031	Bagnes	6208
6032	Bourg-Saint-Pierre	208
6033	Liddes	702
6034	Orsières	2756
6035	Sembrancher	816
6036	Vollèges	1411
6051	Ausserbinn	43
6052	Bellwald	474
6054	Binn	170
6055	Blitzingen	113
6056	Ernen	412
6057	Fiesch	1011
6058	Fieschertal	268
6059	Geschinen	69
6060	Gluringen	158
6061	Lax	309
6062	Mühlebach	78
6063	Münster (VS)	461
6064	Niederwald	80
6065	Obergesteln	231
6066	Oberwald	268
6067	Reckingen (VS)	401
6070	Steinhaus	39
6071	Ulrichen	247
6073	Grafschaft	203
6081	Les Agettes	283
6082	Ayent	3156
6083	Evolène	1559
6084	Hérémence	1315
6085	Mase	216
6086	Nax	407
6087	Saint-Martin (VS)	978
6088	Vernamiège	164
6089	Vex	1318
6101	Agarn	757
6102	Albinen	271
6103	Bratsch	490
6104	Ergisch	156
6105	Erschmatt	321
6107	Gampel	1384
6109	Inden	102
6110	Leuk	3334
6111	Leukerbad	1536
6112	Oberems	137
6113	Salgesch	1268
6114	Turtmann	1021
6115	Unterems	150
6116	Varen	661
6117	Guttet-Feschel	460
6131	Bovernier	754
6132	Charrat	1125
6133	Fully	5789
6134	Isérables	944
6135	Leytron	2124
6136	Martigny	13841
6137	Martigny-Combe	1632
6139	Riddes	2119
6140	Saillon	1543
6141	Saxon	3382
6142	Trient	143
6151	Champéry	1127
6152	Collombey-Muraz	5572
6153	Monthey	14102
6154	Port-Valais	2588
6155	Saint-Gingolph	726
6156	Troistorrents	3658
6157	Val-d'Illiez	1372
6158	Vionnaz	1602
6159	Vouvry	3023
6171	Betten	434
6172	Bister	26
6173	Bitsch	796
6174	Filet	152
6175	Goppisberg	77
6176	Greich	158
6177	Grengiols	489
6178	Martisberg	29
6179	Mörel	531
6180	Ried-Mörel	321
6191	Ausserberg	657
6192	Blatten	317
6193	Bürchen	707
6194	Eischoll	532
6195	Ferden	319
6196	Hohtenn	232
6197	Kippel	371
6198	Niedergesteln	608
6199	Raron	1774
6200	Steg	1392
6201	Unterbäch	449
6202	Wiler (Lötschen)	519
6211	Collonges	500
6212	Dorénaz	629
6213	Evionnaz	1001
6214	Finhaut	346
6215	Massongex	1512
6216	Mex (VS)	117
6217	Saint-Maurice	3562
6218	Salvan	1077
6219	Vernayaz	1614
6220	Vérossaz	497
6231	Ayer	631
6232	Chalais	2585
6233	Chandolin	88
6234	Chermignon	2788
6235	Chippis	1516
6237	Grimentz	444
6238	Grône	1938
6239	Icogne	455
6240	Lens	3483
6241	Miège	900
6242	Mollens (VS)	717
6243	Montana	2369
6244	Randogne	2996
6245	Saint-Jean	223
6246	Saint-Léonard	1917
6247	Saint-Luc	343
6248	Sierre	14114
6249	Venthône	998
6250	Veyras	1504
6251	Vissoie	478
6261	Arbaz	842
6263	Grimisuat	2294
6264	Salins	865
6265	Savièse	5380
6266	Sion	27145
6267	Veysonnaz	481
6281	Baltschieder	1077
6282	Eisten	260
6283	Embd	364
6285	Grächen	1390
6286	Lalden	678
6287	Randa	428
6288	Saas Almagell	420
6289	Saas Balen	412
6290	Saas Fee	1604
6291	Saas Grund	1203
6292	St. Niklaus	2432
6293	Stalden (VS)	1216
6294	Staldenried	606
6295	Täsch	838
6296	Törbel	538
6297	Visp	6527
6298	Visperterminen	1437
6299	Zeneggen	253
6300	Zermatt	5323
6401	Auvernier	1559
6402	Bevaix	3570
6403	Bôle	1780
6404	Boudry	5122
6405	Brot-Dessous	108
6406	Colombier (NE)	4858
6407	Corcelles-Cormondrèche	3924
6408	Cortaillod	4372
6409	Fresens	189
6410	Gorgier	1726
6411	Montalchez	188
6412	Peseux	5483
6413	Rochefort	983
6414	Saint-Aubin-Sauges	2411
6415	Vaumarcus	203
6421	La Chaux-de-Fonds	36747
6422	Les Planchettes	231
6423	La Sagne	943
6431	Les Brenets	1166
6432	La Brévine	664
6433	Brot-Plamboz	262
6434	Le Cerneux-Péquignot	328
6435	La Chaux-du-Milieu	422
6436	Le Locle	10349
6437	Les Ponts-de-Martel	1256
6451	Cornaux	1482
6452	Cressier (NE)	1917
6453	Enges	293
6454	Hauterive	2608
6455	Le Landeron	4229
6456	Lignières	893
6457	Marin-Epagnier	3648
6458	Neuchâtel	31639
6459	Saint-Blaise	3112
6460	Thielle-Wavre	574
6471	Boudevilliers	655
6472	Cernier	1949
6473	Chézard-Saint-Martin	1615
6474	Coffrane	632
6475	Dombresson	1461
6476	Engollon	71
6477	Fenin-Vilars-Saules	732
6478	Fontainemelon	1607
6479	Fontaines (NE)	914
6480	Les Geneveys-sur-Coffrane	1399
6481	Les Hauts-Geneveys	879
6482	Montmollin	495
6483	Le Pâquier (NE)	228
6484	Savagnier	914
6485	Valangin	403
6486	Villiers	400
6501	Les Bayards	355
6502	Boveresse	366
6503	Buttes	622
6504	La Côte-aux-Fées	510
6505	Couvet	2778
6506	Fleurier	3666
6507	Môtiers (NE)	861
6508	Noiraigue	467
6509	Saint-Sulpice (NE)	605
6510	Travers	1199
6511	Les Verrières	709
6601	Aire-la-Ville	711
6602	Anières	1992
6603	Avully	1740
6604	Avusy	1179
6605	Bardonnex	2074
6606	Bellevue	1863
6607	Bernex	8712
6608	Carouge (GE)	17160
6609	Cartigny	762
6610	Céligny	631
6611	Chancy	911
6612	Chêne-Bougeries	9709
6613	Chêne-Bourg	7156
6614	Choulex	940
6615	Collex-Bossy	1299
6616	Collonge-Bellerive	6388
6617	Cologny	4765
6618	Confignon	3008
6619	Corsier (GE)	1717
6620	Dardagny	1291
6621	Genève	174999
6622	Genthod	2144
6623	Le Grand-Saconnex	8269
6624	Gy	367
6625	Hermance	824
6626	Jussy	1006
6627	Laconnex	535
6628	Lancy	25479
6629	Meinier	1691
6630	Meyrin	18890
6631	Onex	16419
6632	Perly-Certoux	2761
6633	Plan-les-Ouates	6821
6634	Pregny-Chambésy	3033
6635	Presinge	555
6636	Puplinge	2049
6637	Russin	395
6638	Satigny	2757
6639	Soral	595
6640	Thônex	12398
6641	Troinex	1993
6642	Vandoeuvres	2323
6643	Vernier	28727
6644	Versoix	10796
6645	Veyrier	8986
6701	Bassecourt	3357
6702	Boécourt	854
6703	Bourrignon	306
6704	Châtillon (JU)	385
6705	Corban	483
6706	Courchapoix	417
6707	Courfaivre	1565
6708	Courrendlin	2477
6709	Courroux	2758
6710	Courtételle	2178
6711	Delémont	11315
6712	Develier	1304
6713	Ederswiler	126
6714	Glovelier	1123
6715	Mervelier	602
6716	Mettembert	123
6717	Montsevelier	524
6718	Movelier	388
6719	Pleigne	409
6720	Rebeuvelier	327
6721	Rossemaison	517
6722	Saulcy	272
6723	Soulce	253
6724	Soyhières	483
6725	Undervelier	333
6726	Vermes	320
6727	Vicques	1624
6728	Vellerat	66
6741	Le Bémont (JU)	352
6742	Les Bois	1006
6743	Les Breuleux	1354
6744	La Chaux-des-Breuleux	99
6745	Les Enfers	131
6746	Epauvillers	148
6747	Epiquerez	87
6748	Les Genevez (JU)	510
6749	Goumois	119
6750	Lajoux (JU)	619
6751	Montfaucon	511
6752	Montfavergier	45
6753	Muriaux	457
6754	Le Noirmont	1554
6755	Le Peuchapatte	43
6756	Les Pommerats	257
6757	Saignelégier	2070
6758	Saint-Brais	212
6759	Soubey	143
6771	Alle	1596
6772	Asuel	225
6773	Beurnevésin	166
6774	Boncourt	1349
6775	Bonfol	716
6776	Bressaucourt	387
6777	Buix	478
6778	Bure	708
6779	Charmoille	343
6780	Chevenez	698
6781	Coeuve	653
6782	Cornol	812
6783	Courchavon	301
6784	Courgenay	2114
6785	Courtedoux	764
6786	Courtemaîche	633
6787	Damphreux	171
6788	Damvant	142
6789	Fahy	394
6790	Fontenais	1291
6791	Fregiécourt	135
6792	Grandfontaine	350
6793	Lugnez	228
6794	Miécourt	451
6795	Montenol	85
6796	Montignez	257
6797	Montmelon	108
6798	Ocourt	133
6799	Pleujouse	87
6800	Porrentruy	6657
6801	Réclère	190
6802	Roche-d'Or	36
6803	Rocourt	155
6804	Saint-Ursanne	733
6805	Seleute	77
6806	Vendlincourt	565
