Regions-ID	Regionsname	Anteil der Steuerbelastung* am Bruttoarbeitseinkommen in %
1	Aeugst am Albis	4.0404375
2	Affoltern am Albis	4.4515625
3	Bonstetten	4.1525625
4	Hausen am Albis	4.246
5	Hedingen	4.208625
6	Kappel am Albis	4.3020625
7	Knonau	4.47025
8	Maschwanden	4.47025
9	Mettmenstetten	3.984375
10	Obfelden	4.4141875
11	Ottenbach	4.358125
12	Rifferswil	4.3020625
13	Stallikon	3.7975
14	Wettswil am Albis	3.610625
21	Adlikon	4.2646875
22	Benken (ZH)	4.4141875
23	Berg am Irchel	4.32075
24	Buch am Irchel	4.3955
25	Dachsen	4.2646875
26	Dorf	4.358125
27	Feuerthalen	4.432875
28	Flaach	4.3020625
29	Flurlingen	4.32075
30	Andelfingen	4.133875
31	Henggart	4.246
32	Humlikon	4.432875
33	Kleinandelfingen	4.246
34	Laufen-Uhwiesen	4.3020625
35	Marthalen	4.358125
36	Oberstammheim	4.47025
37	Ossingen	4.47025
38	Rheinau	4.47025
39	Thalheim an der Thur	4.32075
40	Trüllikon	4.283375
41	Truttikon	4.3020625
42	Unterstammheim	4.47025
43	Volken	4.47025
44	Waltalingen	4.47025
51	Bachenbülach	4.0030625
52	Bassersdorf	3.9656875
53	Bülach	4.358125
54	Dietlikon	3.9283125
55	Eglisau	4.47025
56	Embrach	4.32075
57	Freienstein-Teufen	4.283375
58	Glattfelden	4.3394375
59	Hochfelden	4.2273125
60	Höri	4.3394375
61	Hüntwangen	4.283375
62	Kloten	4.17125
63	Lufingen	3.8535625
64	Nürensdorf	3.834875
65	Oberembrach	4.3394375
66	Opfikon	4.0778125
67	Rafz	4.3768125
68	Rorbas	4.283375
69	Wallisellen	3.909625
70	Wasterkingen	4.4141875
71	Wil (ZH)	4.283375
72	Winkel	3.5545625
81	Bachs	4.47025
82	Boppelsen	3.834875
83	Buchs (ZH)	4.2646875
84	Dällikon	4.1899375
85	Dänikon	4.2273125
86	Dielsdorf	4.1525625
87	Hüttikon	4.283375
88	Neerach	3.4798125
89	Niederglatt	4.246
90	Niederhasli	4.4141875
91	Niederweningen	4.208625
92	Oberglatt	4.432875
93	Oberweningen	4.246
94	Otelfingen	4.1899375
95	Regensberg	4.133875
96	Regensdorf	4.1151875
97	Rümlang	4.1899375
98	Schleinikon	4.3955
99	Schöfflisdorf	4.2273125
100	Stadel	4.283375
101	Steinmaur	4.246
102	Weiach	3.760125
111	Bäretswil	4.3955
112	Bubikon	4.2273125
113	Dürnten	4.4141875
114	Fischenthal	4.47025
115	Gossau (ZH)	4.4141875
116	Grüningen	4.283375
117	Hinwil	4.2273125
118	Rüti (ZH)	4.432875
119	Seegräben	4.358125
120	Wald (ZH)	4.47025
121	Wetzikon (ZH)	4.358125
131	Adliswil	4.208625
132	Hirzel	4.3020625
133	Horgen	3.7975
134	Hütten	4.47025
135	Kilchberg (ZH)	3.5919375
136	Langnau am Albis	3.984375
137	Oberrieden	3.7040625
138	Richterswil	4.0965
139	Rüschlikon	3.6293125
140	Schönenberg (ZH)	4.283375
141	Thalwil	3.610625
142	Wädenswil	4.208625
151	Erlenbach (ZH)	3.648
152	Herrliberg	3.57325
153	Hombrechtikon	4.3768125
154	Küsnacht (ZH)	3.4798125
155	Männedorf	3.834875
156	Meilen	3.6293125
157	Oetwil am See	4.47025
158	Stäfa	3.6293125
159	Uetikon am See	3.834875
160	Zumikon	3.461125
161	Zollikon	3.535875
171	Bauma	4.47025
172	Fehraltorf	4.2273125
173	Hittnau	4.47025
174	Illnau-Effretikon	4.32075
175	Kyburg	4.47025
176	Lindau	4.2646875
177	Pfäffikon	4.3020625
178	Russikon	4.32075
179	Sternenberg	4.47025
180	Weisslingen	4.246
181	Wila	4.47025
182	Wildberg	4.47025
191	Dübendorf	4.2273125
192	Egg	3.947
193	Fällanden	3.8535625
194	Greifensee	4.059125
195	Maur	3.6293125
196	Mönchaltorf	4.3394375
197	Schwerzenbach	3.7975
198	Uster	4.208625
199	Volketswil	3.8535625
200	Wangen-Brüttisellen	4.0965
211	Altikon	4.283375
212	Bertschikon	4.3020625
213	Brütten	3.834875
214	Dägerlen	4.3955
215	Dättlikon	4.32075
216	Dinhard	4.1151875
217	Elgg	4.4141875
218	Ellikon an der Thur	4.3020625
219	Elsau	4.358125
220	Hagenbuch	4.283375
221	Hettlingen	4.0965
222	Hofstetten (ZH)	4.47025
223	Neftenbach	3.984375
224	Pfungen	4.2273125
225	Rickenbach (ZH)	4.2646875
226	Schlatt (ZH)	4.47025
227	Seuzach	3.984375
228	Turbenthal	4.47025
229	Wiesendangen	3.9656875
230	Winterthur	4.47025
231	Zell (ZH)	4.47025
241	Aesch (ZH)	3.72275
242	Birmensdorf (ZH)	4.1899375
243	Dietikon	4.4515625
244	Geroldswil	3.909625
245	Oberengstringen	4.2646875
246	Oetwil an der Limmat	3.8161875
247	Schlieren	4.3768125
248	Uitikon	3.4985
249	Unterengstringen	3.909625
250	Urdorf	4.3020625
251	Weiningen (ZH)	4.02175
261	Zürich	4.392625
301	Aarberg	6.6466524375
302	Bargen (BE)	6.86586375
303	Grossaffoltern	6.8713785
304	Kallnach	6.7707343125
305	Kappelen	6.6466524375
306	Lyss	6.816231
307	Meikirch	6.595641
308	Niederried bei Kallnach	6.8810293125
309	Radelfingen	6.86586375
310	Rapperswil (BE)	6.8320859063
311	Schüpfen	6.8286391875
312	Seedorf (BE)	6.9030883125
321	Aarwangen	6.250969125
322	Auswil	6.747296625
323	Bannwil	6.816231
324	Bleienbach	6.603913125
325	Busswil bei Melchnau	6.40262475
326	Gondiswil	7.00924725
328	Kleindietwil	6.40262475
329	Langenthal	6.38056575
330	Leimiswil	6.747296625
331	Lotzwil	6.4977541875
332	Madiswil	6.40262475
333	Melchnau	6.73350975
334	Obersteckholz	6.8286391875
335	Oeschenbach	7.293256875
336	Reisiswil	7.078181625
337	Roggwil (BE)	6.4081395
338	Rohrbach	6.73350975
339	Rohrbachgraben	7.147116
340	Rütschelen	6.6631966875
341	Schwarzhäusern	6.388837875
342	Thunstetten	6.664575375
344	Ursenbach	6.796929375
345	Wynau	6.70042125
351	Bern	6.595641
352	Bolligen	6.40262475
353	Bremgarten bei Bern	6.45777225
354	Kirchlindach	6.264756
355	Köniz	6.5625525
356	Muri bei Bern	5.804274375
357	Oberbalm	7.05888
358	Stettlen	6.5032689375
359	Vechigen	6.8479408125
360	Wohlen bei Bern	6.6114959063
361	Zollikofen	6.4040034375
362	Ittigen	6.113100375
363	Ostermundigen	6.747296625
371	Biel/Bienne	6.64527375
372	Evilard	6.31438875
381	Arch	7.045093125
382	Büetigen	6.5625525
383	Büren an der Aare	6.8038228125
384	Busswil bei Büren	7.045093125
385	Diessbach bei Büren	7.1140275
386	Dotzigen	7.169175
387	Lengnau (BE)	6.6625073438
388	Leuzigen	7.14160125
389	Meienried	6.5053369688
390	Meinisberg	7.169175
391	Oberwil bei Büren	6.9554784375
392	Pieterlen	6.824503125
393	Rüti bei Büren	7.4986813125
394	Wengi	7.149873375
401	Aefligen	6.2489010938
402	Alchenstorf	6.8637957188
403	Bäriswil	6.631486875
404	Burgdorf	6.719722875
405	Ersigen	6.7314417188
406	Hasle bei Burgdorf	6.92101125
407	Heimiswil	7.072666875
408	Hellsau	6.7259269688
409	Hindelbank	6.493618125
410	Höchstetten	6.8500088438
411	Kernenried	6.3867698438
412	Kirchberg (BE)	6.4419173438
413	Koppigen	6.8500088438
414	Krauchthal	6.8865440625
415	Lyssach	6.1386060938
416	Mötschwil	6.769355625
417	Niederösch	6.8003760938
418	Oberburg	7.089211125
419	Oberösch	6.8003760938
420	Rüdtligen-Alchenflüh	6.3178354688
421	Rumendingen	5.8828595625
422	Rüti bei Lyssach	6.6962851875
423	Willadingen	6.2247740625
424	Wynigen	6.8479408125
431	Corgémont	6.940312875
432	Cormoret	7.28498475
433	Cortébert	7.4228535
434	Courtelary	7.4228535
435	La Ferrière	7.5179829375
436	La Heutte	6.8258818125
437	Mont-Tramelan	6.934798125
438	Orvin	7.1154061875
439	Péry	6.6466524375
440	Plagne	7.2532749375
441	Renan (BE)	7.453184625
442	Romont (BE)	6.8672424375
443	Saint-Imier	6.901709625
444	Sonceboz-Sombeval	7.00924725
445	Sonvilier	7.568994375
446	Tramelan	7.210535625
447	Vauffelin	7.4738649375
448	Villeret	7.1946807188
491	Brüttelen	7.2036421875
492	Erlach	6.7100720625
493	Finsterhennen	7.155388125
494	Gals	6.6383803125
495	Gampelen	6.5005115625
496	Ins	6.7211015625
497	Lüscherz	6.526706625
498	Müntschemier	6.8589703125
499	Siselen	7.14160125
500	Treiten	6.1006921875
501	Tschugg	6.6962851875
502	Vinelz	6.526706625
532	Bangerten	6.5563484063
533	Bätterkinden	6.769355625
534	Büren zum Hof	6.95409975
535	Deisswil bei Münchenbuchsee	5.7022515
536	Diemerswil	6.7631515313
537	Etzelkofen	6.2937084375
538	Fraubrunnen	6.67836225
539	Grafenried	6.67836225
540	Jegenstorf	6.284057625
541	Iffwil	6.449500125
542	Limpach	6.940312875
543	Mattstetten	6.311631375
544	Moosseedorf	6.3909059063
545	Mülchi	7.1125109438
546	Münchenbuchsee	6.5839221563
547	Münchringen	6.642516375
548	Ruppoldsried	7.2090190688
549	Schalunen	6.857591625
550	Scheunen	6.405382125
551	Urtenen-Schönbühl	6.5184345
552	Utzenstorf	6.5625525
553	Wiggiswil	5.688464625
554	Wiler bei Utzenstorf	6.5625525
555	Zauggenried	6.7762490625
556	Zielebach	6.631486875
557	Zuzwil (BE)	6.642516375
561	Adelboden	7.216050375
562	Aeschi bei Spiez	6.97615875
563	Frutigen	7.05888
564	Kandergrund	6.879650625
565	Kandersteg	7.017519375
566	Krattigen	7.0037325
567	Reichenbach im Kandertal	6.92101125
571	Beatenberg	7.5572755313
572	Bönigen	6.9858095625
573	Brienz (BE)	7.03130625
574	Brienzwiler	7.210535625
575	Därligen	6.890680125
576	Grindelwald	6.940312875
577	Gsteigwiler	7.0961045625
578	Gündlischwand	7.1236783125
579	Habkern	7.2243225
580	Hofstetten bei Brienz	7.072666875
581	Interlaken	6.9444489375
582	Iseltwald	6.9858095625
584	Lauterbrunnen	7.458699375
585	Leissigen	7.028548875
586	Lütschental	6.8479408125
587	Matten bei Interlaken	6.9858095625
588	Niederried bei Interlaken	7.2477601875
589	Oberried am Brienzersee	7.210535625
590	Ringgenberg (BE)	6.9858095625
591	Saxeten	6.8341539375
592	Schwanden bei Brienz	7.017519375
593	Unterseen	6.926526
594	Wilderswil	6.9720226875
602	Arni (BE)	6.796929375
603	Biglen	6.796929375
604	Bleiken bei Oberdiessbach	6.857591625
605	Bowil	6.8341539375
606	Brenzikofen	6.802444125
607	Freimettigen	6.78865725
608	Grosshöchstetten	6.4619083125
609	Häutligen	6.2964658125
610	Herbligen	6.816231
611	Kiesen	6.664575375
612	Konolfingen	6.7652195625
613	Landiswil	6.81071625
614	Linden	7.210535625
615	Mirchel	6.1585970625
616	Münsingen	6.526706625
617	Niederhünigen	6.8479408125
619	Oberdiessbach	6.595641
620	Oberthal	6.9858095625
622	Oppligen	6.5404935
623	Rubigen	6.45777225
624	Schlosswil	6.741781875
625	Tägertschi	6.73350975
626	Walkringen	7.1360865
627	Worb	6.727995
628	Zäziwil	6.7376458125
629	Oberhünigen	6.852076875
630	Allmendingen	6.526706625
631	Trimstein	7.078181625
632	Wichtrach	6.526706625
661	Clavaleyres	6.9775374375
662	Ferenbalm	6.794172
663	Frauenkappelen	6.796929375
664	Golaten	6.9106710938
665	Gurbrü	7.094725875
666	Kriechenwil	6.6487204688
667	Laupen	6.7314417188
668	Mühleberg	6.20409375
669	Münchenwiler	6.6328655625
670	Neuenegg	6.5797860938
671	Wileroltigen	6.7590154688
681	Belprahon	7.072666875
682	Bévilard	7.3994158125
683	Champoz	6.7652195625
684	Châtelat	7.100240625
687	Corcelles (BE)	7.210535625
690	Court	7.2422454375
691	Crémines	6.934798125
692	Eschert	7.210535625
694	Grandval	6.934798125
696	Loveresse	7.210535625
697	Malleray	7.3994158125
699	Monible	7.0885217813
700	Moutier	7.1788258125
701	Perrefitte	7.155388125
702	Pontenet	7.1788258125
703	Reconvilier	7.2243225
704	Roches (BE)	7.210535625
706	Saicourt	7.3166945625
707	Saules (BE)	7.072666875
708	Schelten	7.412375475
709	Seehof	6.934798125
710	Sornetan	7.431125625
711	Sorvilier	7.0492291875
712	Souboz	7.017519375
713	Tavannes	7.1236783125
715	Rebévelier	7.375978125
721	Diesse	7.22983725
722	Lamboing	7.22983725
723	La Neuveville	6.7652195625
724	Nods	6.796929375
725	Prêles	7.105755375
731	Aegerten	7.014762
732	Bellmund	6.42468375
733	Brügg	6.477073875
734	Bühl	7.0568119688
735	Epsach	7.1981274375
736	Hagneck	6.8534555625
737	Hermrigen	7.0016644688
738	Jens	7.028548875
739	Ipsach	6.5625525
740	Ligerz	6.5126440125
741	Merzligen	6.752811375
742	Mörigen	6.2985338438
743	Nidau	6.989945625
744	Orpund	7.1291930625
745	Port	6.70042125
746	Safnern	6.6466524375
747	Scheuren	6.9223899375
748	Schwadernau	6.82174575
749	Studen (BE)	6.54600825
750	Sutz-Lattrigen	7.017519375
751	Täuffelen	6.3709149375
754	Walperswil	7.091417025
755	Worben	6.890680125
756	Twann-Tüscherz	6.5126440125
761	Därstetten	6.879650625
762	Diemtigen	7.2243225
763	Erlenbach im Simmental	7.017519375
764	Niederstocken	7.072666875
765	Oberstocken	7.348404375
766	Oberwil im Simmental	6.934798125
767	Reutigen	6.879650625
768	Spiez	6.774870375
769	Wimmis	6.879650625
781	Gadmen	7.27395525
782	Guttannen	6.25924125
783	Hasliberg	7.27947
784	Innertkirchen	6.70042125
785	Meiringen	7.27947
786	Schattenhalb	7.27947
791	Boltigen	6.879650625
792	Lenk	7.210535625
793	St. Stephan	7.072666875
794	Zweisimmen	7.155388125
841	Gsteig	6.8578673625
842	Lauenen	7.017519375
843	Saanen	6.3387915188
851	Albligen	7.431125625
852	Guggisberg	7.27947
853	Rüschegg	6.8341539375
854	Wahlern	7.045093125
861	Belp	6.3199035
862	Belpberg	6.802444125
863	Burgistein	7.036821
865	Gelterfingen	6.6797409375
866	Gerzensee	6.6273508125
867	Gurzelen	6.8975735625
868	Jaberg	6.5280853125
869	Kaufdorf	6.816231
870	Kehrsatz	6.53497875
871	Kienersrüti	7.155388125
872	Kirchdorf (BE)	6.7348884375
873	Kirchenthurnen	6.802444125
874	Lohnstorf	6.73350975
875	Mühledorf (BE)	6.3212821875
876	Mühlethurnen	6.67836225
877	Niedermuhlern	7.0657734375
878	Noflen	6.9416915625
879	Riggisberg	6.9444489375
880	Rüeggisberg	7.08645375
881	Rümligen	6.747296625
883	Seftigen	7.0354423125
884	Toffen	6.73350975
885	Uttigen	6.5832328125
886	Wattenwil	6.940312875
888	Wald (BE)	6.9279046875
901	Eggiwil	6.95409975
902	Langnau im Emmental	6.9816735
903	Lauperswil	6.885165375
904	Röthenbach im Emmental	7.155388125
905	Rüderswil	6.73350975
906	Schangnau	7.403551875
907	Signau	7.00924725
908	Trub	7.14160125
909	Trubschachen	7.078181625
921	Amsoldingen	6.901709625
922	Blumenstein	6.741781875
923	Buchholterberg	6.8699998125
924	Eriz	7.1870979375
925	Fahrni	6.9506530313
927	Heiligenschwendi	7.100240625
928	Heimberg	6.5625525
929	Hilterfingen	6.70042125
930	Höfen	7.301529
931	Homberg	7.1733110625
932	Horrenbach-Buchen	7.0492291875
934	Oberhofen am Thunersee	6.493618125
935	Oberlangenegg	6.9802948125
936	Pohlern	6.907224375
937	Schwendibach	6.9858095625
938	Sigriswil	6.95409975
939	Steffisburg	6.8127842813
940	Teuffenthal (BE)	7.2422454375
941	Thierachern	6.6962851875
942	Thun	6.9030883125
943	Uebeschi	7.1236783125
944	Uetendorf	6.5446295625
945	Unterlangenegg	7.1181635625
946	Wachseldorn	7.1043766875
947	Zwieselberg	6.901709625
948	Forst-Längenbühl	6.816231
951	Affoltern im Emmental	6.807958875
952	Dürrenroth	7.072666875
953	Eriswil	6.934798125
954	Huttwil	6.769355625
955	Lützelflüh	6.885165375
956	Rüegsau	6.64527375
957	Sumiswald	7.0037325
958	Trachselwald	7.127814375
959	Walterswil (BE)	6.86586375
960	Wyssachen	7.155388125
971	Attiswil	6.7652195625
972	Berken	6.245454375
973	Bettenhausen	6.438470625
974	Bollodingen	6.714208125
975	Farnern	6.86586375
976	Graben	6.659060625
977	Heimenhausen	6.383323125
978	Hermiswil	6.64527375
979	Herzogenbuchsee	6.245454375
980	Inkwil	6.64527375
981	Niederbipp	6.195821625
982	Niederönz	6.107585625
983	Oberbipp	6.4205476875
985	Ochlenberg	6.686634375
987	Rumisberg	6.8341539375
988	Seeberg	6.81071625
989	Thörigen	6.659060625
990	Walliswil bei Niederbipp	6.264756
991	Walliswil bei Wangen	6.8045121563
992	Wangen an der Aare	6.6804302813
993	Wangenried	6.7355777813
995	Wiedlisbach	6.6962851875
996	Wolfisberg	6.8341539375
1001	Doppleschwand	6.43015625
1002	Entlebuch	6.43015625
1003	Escholzmatt	6.27671875
1004	Flühli	6.3534375
1005	Hasle (LU)	6.73703125
1006	Marbach (LU)	6.3534375
1007	Romoos	6.12328125
1008	Schüpfheim	6.3534375
1009	Werthenstein	6.58359375
1021	Aesch (LU)	6.27671875
1022	Altwis	5.78571875
1023	Ballwil	5.04921875
1024	Emmen	5.9238125
1025	Ermensee	5.8624375
1026	Eschenbach (LU)	4.89578125
1030	Hitzkirch	5.8624375
1031	Hochdorf	5.6783125
1032	Hohenrain	6.12328125
1033	Inwil	5.647625
1037	Rain	5.8010625
1039	Römerswil	6.0465625
1040	Rothenburg	5.394453125
1041	Schongau	6.07725
1051	Adligenswil	5.7051640625
1052	Buchrain	5.8263796875
1053	Dierikon	5.26403125
1054	Ebikon	5.7205078125
1055	Gisikon	5.4941875
1056	Greppen	5.7396875
1057	Honau	5.34075
1058	Horw	5.20265625
1059	Kriens	5.69365625
1061	Luzern	5.4328125
1062	Malters	6.138625
1063	Meggen	4.0756578125
1064	Meierskappel	6.3534375
1065	Root	5.72434375
1066	Schwarzenberg	6.73703125
1067	Udligenswil	5.7396875
1068	Vitznau	5.66296875
1069	Weggis	4.95715625
1081	Beromünster	6.00053125
1082	Büron	5.81640625
1083	Buttisholz	6.27671875
1084	Eich	4.60425
1085	Geuensee	5.8624375
1086	Grosswangen	6.391796875
1088	Hildisrieden	5.47884375
1089	Knutwil	5.893125
1091	Mauensee	6.12328125
1092	Neudorf	6.0465625
1093	Neuenkirch	6.09259375
1094	Nottwil	5.946828125
1095	Oberkirch	5.29471875
1096	Pfeffikon	6.506875
1097	Rickenbach (LU)	6.27671875
1098	Ruswil	6.261375
1099	Schenkon	4.74234375
1100	Schlierbach	5.50953125
1102	Sempach	5.156625
1103	Sursee	5.58625
1104	Triengen	5.287046875
1107	Wolhusen	6.43015625
1121	Alberswil	6.2306875
1122	Altbüron	6.55290625
1123	Altishofen	5.455828125
1125	Dagmersellen	5.3100625
1126	Ebersecken	6.146296875
1127	Egolzwil	5.7396875
1128	Ettiswil	6.2306875
1129	Fischbach	6.39946875
1130	Gettnau	6.506875
1131	Grossdietwil	6.55290625
1132	Hergiswil bei Willisau	6.39946875
1135	Luthern	6.73703125
1136	Menznau	6.43015625
1137	Nebikon	5.609265625
1138	Ohmstal	6.4017703125
1139	Pfaffnau	6.5375625
1140	Reiden	5.893125
1142	Roggliswil	6.5375625
1143	Schötz	5.9721453125
1145	Ufhusen	6.3534375
1146	Wauwil	6.12328125
1147	Wikon	6.0465625
1150	Zell (LU)	6.15396875
1151	Willisau	6.09259375
1201	Altdorf (UR)	5.38025
1202	Andermatt	6.0271875
1203	Attinghausen	5.4579375
1204	Bauen	5.77625
1205	Bürglen (UR)	5.3575625
1206	Erstfeld	6.0045
1207	Flüelen	5.3885
1208	Göschenen	5.955
1209	Gurtnellen	5.955
1210	Hospental	5.686875
1211	Isenthal	6.107625
1212	Realp	5.31975
1213	Schattdorf	5.18225
1214	Seedorf (UR)	5.13
1215	Seelisberg	5.8553125
1216	Silenen	5.604375
1217	Sisikon	6.0340625
1218	Spiringen	5.955
1219	Unterschächen	5.4056875
1220	Wassen	6.0045
1301	Einsiedeln	3.18442875
1311	Gersau	3.48025
1321	Feusisberg	1.905436875
1322	Freienbach	1.888035625
1323	Wollerau	1.82713125
1331	Küssnacht (SZ)	2.7842
1341	Altendorf	2.436175
1342	Galgenen	3.11482375
1343	Innerthal	2.653690625
1344	Lachen	2.52318125
1345	Reichenburg	3.42804625
1346	Schübelbach	3.123524375
1347	Tuggen	3.175728125
1348	Vorderthal	2.740696875
1349	Wangen (SZ)	3.175728125
1361	Alpthal	2.653690625
1362	Arth	3.175728125
1363	Illgau	3.523753125
1364	Ingenbohl	3.175728125
1365	Lauerz	3.0278175
1366	Morschach	3.506351875
1367	Muotathal	3.019116875
1368	Oberiberg	3.088721875
1369	Riemenstalden	2.7842
1370	Rothenthurm	3.436746875
1371	Sattel	3.21923125
1372	Schwyz	3.071320625
1373	Steinen	3.39324375
1374	Steinerberg	3.175728125
1375	Unteriberg	3.410645
1401	Alpnach	6.8336775
1402	Engelberg	6.72165
1403	Giswil	7.4541375
1404	Kerns	7.1266725
1405	Lungern	7.4541375
1406	Sachseln	6.96294
1407	Sarnen	6.5062125
1501	Beckenried	5.3658041959
1502	Buochs	5.2098246607
1503	Dallenwil	5.5510298939
1504	Emmetten	5.2780657073
1505	Ennetbürgen	4.8686194275
1506	Ennetmoos	5.4047990797
1507	Hergiswil (NW)	4.4104295429
1508	Oberdorf (NW)	5.1123374512
1509	Stans	5.3560554749
1510	Stansstad	4.771132218
1511	Wolfenschiessen	5.8629889642
1601	Betschwanden	5.217975
1602	Bilten	5.0109125
1603	Braunwald	5.4250375
1605	Elm	5.4250375
1606	Engi	5.2593875
1607	Ennenda	5.11444375
1608	Filzbach	5.3008
1609	Glarus	5.2593875
1610	Haslen	5.3008
1613	Linthal	5.4250375
1614	Luchsingen	5.4250375
1615	Matt	5.3422125
1616	Mitlödi	5.0937375
1617	Mollis	5.11444375
1618	Mühlehorn	5.2593875
1619	Näfels	5.19726875
1620	Netstal	5.0109125
1622	Niederurnen	4.9695
1623	Oberurnen	5.0937375
1624	Obstalden	5.3008
1625	Riedern	5.0937375
1626	Rüti (GL)	5.4250375
1627	Schwanden (GL)	5.052325
1628	Schwändi	5.3008
1629	Sool	5.1765625
1701	Baar	0.796963125
1702	Cham	0.842165625
1703	Hünenberg	0.869071875
1704	Menzingen	0.882525
1705	Neuheim	0.90405
1706	Oberägeri	0.85561875
1707	Risch	0.8502375
1708	Steinhausen	0.8287125
1709	Unterägeri	0.8717625
1710	Walchwil	0.79104375
1711	Zug	0.796425
2004	Bussy (FR)	4.969243125
2005	Châbles	5.1581565
2008	Châtillon (FR)	4.73652375
2009	Cheiry	5.50312875
2010	Cheyres	4.930912875
2011	Cugy (FR)	5.17458375
2013	Domdidier	5.059593
2014	Dompierre (FR)	5.44837125
2015	Estavayer-le-Lac	5.37171075
2016	Fétigny	5.47575
2017	Font	5.2019625
2022	Gletterens	4.624270875
2024	Léchelles	5.2019625
2025	Lully (FR)	5.147205
2027	Ménières	5.505866625
2029	Montagny (FR)	5.27314725
2033	Morens (FR)	5.4209925
2034	Murist	5.563362
2035	Nuvilly	5.555148375
2038	Prévondavaux	5.483963625
2039	Rueyres-les-Prés	5.17458375
2040	Russy	5.03769
2041	Saint-Aubin (FR)	5.147205
2043	Sévaz	5.06506875
2044	Surpierre	5.50312875
2045	Vallon	5.147205
2047	Villeneuve (FR)	5.467536375
2049	Vuissens	5.33885625
2050	Les Montets	5.13077775
2051	Delley-Portalban	4.377862125
2052	Vernay	5.33885625
2061	Auboranges	4.95555375
2063	Billens-Hennens	5.47575
2066	Chapelle (Glâne)	5.078758125
2067	Le Châtelard	5.77691625
2068	Châtonnaye	5.06506875
2072	Ecublens (FR)	5.462060625
2079	Grangettes	5.61264375
2086	Massonnens	5.64549825
2087	Mézières (FR)	5.122564125
2089	Montet (Glâne)	4.84603875
2096	Romont (FR)	5.69478
2097	Rue	5.33885625
2099	Siviriez	4.84603875
2102	Ursy	4.84603875
2111	Villaz-Saint-Pierre	5.212914
2112	Vuarmarens	5.11982625
2113	Vuisternens-devant-Romont	5.45932275
2114	Villorsonnens	5.0924475
2115	Torny	5.002097625
2116	La Folliaz	5.341594125
2121	Haut-Intyamon	5.39361375
2122	Pont-en-Ogoz	4.9829325
2123	Botterens	5.33885625
2124	Broc	5.5305075
2125	Bulle	4.881631125
2126	Cerniat (FR)	5.77691625
2127	Charmey	5.41551675
2128	Châtel-sur-Montsalvens	5.188273125
2129	Corbières	5.024000625
2130	Crésuz	5.01031125
2131	Echarlens	4.928175
2134	Grandvillard	4.928175
2135	Gruyères	5.270409375
2137	Hauteville	5.193748875
2138	Jaun	5.88643125
2140	Marsens	4.82413575
2143	Morlon	5.319691125
2145	Le Pâquier (FR)	5.379924375
2147	Pont-la-Ville	4.947340125
2148	Riaz	4.79128125
2149	La Roche	5.25672
2152	Sâles	4.788543375
2153	Sorens	5.28409875
2155	Vaulruz	5.17458375
2159	Villarvolard	5.47027425
2160	Vuadens	5.36075925
2162	Bas-Intyamon	5.2895745
2171	Arconciel	5.3114775
2172	Autafond	5.55788625
2173	Autigny	5.234817
2174	Avry	4.61605725
2175	Belfaux	5.17458375
2177	Chénens	5.248506375
2179	Chésopelloz	4.3258425
2183	Corminboeuf	5.01031125
2184	Corpataux-Magnedens	5.66740125
2185	Corserey	5.39361375
2186	Cottens (FR)	5.39361375
2189	Ependes (FR)	5.11982625
2192	Farvagny	5.47575
2194	Ferpicloz	3.91516125
2196	Fribourg	5.045903625
2197	Givisiez	4.624270875
2198	Granges-Paccot	4.70366925
2200	Grolley	5.388138
2206	Marly	5.0924475
2208	Matran	4.695455625
2211	Neyruz (FR)	5.28409875
2213	Noréaz	5.25672
2216	Pierrafortscha	4.95555375
2217	Ponthaux	5.44837125
2220	Le Mouret	5.17458375
2221	Prez-vers-Noréaz	5.366235
2222	Rossens (FR)	5.28409875
2223	Le Glèbe	5.22934125
2225	Senèdes	5.396351625
2226	Treyvaux	5.505866625
2228	Villars-sur-Glâne	4.624270875
2230	Villarsel-sur-Marly	5.366235
2231	Vuisternens-en-Ogoz	5.735848125
2233	Hauterive (FR)	4.9829325
2234	La Brillaz	5.45932275
2235	La Sonnaz	5.059593
2243	Barberêche	5.50312875
2244	Büchslen	4.542134625
2250	Courgevaux	4.722834375
2251	Courlevon	5.2019625
2254	Courtepin	5.366235
2257	Cressier (FR)	4.898058375
2258	Fräschels	4.996621875
2259	Galmiz	4.84603875
2260	Gempenach	4.79128125
2261	Greng	3.69613125
2262	Gurmels	5.33885625
2264	Jeuss	5.25672
2265	Kerzers	5.191011
2266	Kleinbösingen	4.79128125
2270	Lurtigen	5.22934125
2271	Meyriez	4.443571125
2272	Misery-Courtion	5.50312875
2274	Muntelier	4.317628875
2275	Murten	4.81866
2276	Ried bei Kerzers	4.969243125
2277	Salvenach	4.9610295
2278	Ulmiz	5.133515625
2279	Villarepos	5.33885625
2280	Bas-Vully	4.717358625
2281	Haut-Vully	4.607843625
2283	Wallenried	5.33885625
2291	Alterswil	4.95555375
2292	Brünisried	5.451109125
2293	Düdingen	4.9829325
2294	Giffers	5.336118375
2295	Bösingen	4.969243125
2296	Heitenried	5.44837125
2298	Oberschrot	5.94118875
2299	Plaffeien	5.7495375
2300	Plasselb	5.55788625
2301	Rechthalten	5.39361375
2302	St. Antoni	5.341594125
2303	St. Silvester	5.804295
2304	St. Ursen	5.21838975
2305	Schmitten (FR)	4.8734175
2306	Tafers	5.147205
2307	Tentlingen	5.067806625
2308	Ueberstorf	5.106136875
2309	Wünnewil-Flamatt	5.412778875
2310	Zumholz	5.804295
2321	Attalens	5.106136875
2323	Bossonnens	5.33885625
2325	Châtel-Saint-Denis	5.191011
2328	Granges (Veveyse)	4.95555375
2333	Remaufens	5.39361375
2335	Saint-Martin (FR)	5.44837125
2336	Semsales	5.270409375
2337	Le Flon	5.4428955
2338	La Verrerie	5.22934125
2401	Egerkingen	6.681908
2402	Härkingen	6.37445675
2403	Kestenholz	7.12883
2404	Neuendorf	6.723903125
2405	Niederbuchsiten	6.770393375
2406	Oberbuchsiten	6.96435925
2407	Oensingen	6.745393375
2408	Wolfwil	7.124334875
2421	Aedermannsdorf	7.77772275
2422	Balsthal	7.19407025
2423	Gänsbrunnen	7.32455075
2424	Herbetswil	8.06368375
2425	Holderbank (SO)	7.773227625
2426	Laupersdorf	7.7187325
2427	Matzendorf	7.92070325
2428	Mümliswil-Ramiswil	7.562266625
2429	Welschenrohr	7.93320325
2441	Aetigkofen	7.419286125
2442	Aetingen	6.36195675
2444	Bibern (SO)	7.301305625
2445	Biezwil	6.711403125
2446	Brügglen	6.97685925
2449	Gossliwil	7.301305625
2450	Hessigkofen	6.97685925
2452	Küttigkofen	7.2468105
2453	Kyburg-Buchegg	7.406786125
2454	Lüsslingen	6.85887875
2455	Lüterkofen-Ichertswil	6.121500625
2456	Lüterswil-Gächliwil	7.006354375
2457	Messen	7.06983975
2458	Mühledorf (SO)	7.124334875
2459	Nennigkofen	6.85887875
2461	Schnottwil	7.43628125
2462	Tscheppach	6.804383625
2463	Unterramsern	6.97685925
2471	Bättwil	7.46128125
2472	Büren (SO)	7.7187325
2473	Dornach	6.391451875
2474	Gempen	6.892869
2475	Hochwald	7.22532025
2476	Hofstetten-Flüh	7.18782025
2477	Metzerlen-Mariastein	7.655247125
2478	Nuglar-St. Pantaleon	7.503276375
2479	Rodersdorf	7.43628125
2480	Seewen	7.680247125
2481	Witterswil	7.402291
2491	Hauenstein-Ifenthal	7.512266625
2492	Kienberg	7.9796935
2493	Lostorf	6.656908
2495	Niedergösgen	6.568422625
2497	Obergösgen	7.30580075
2498	Rohr (SO)	6.920369
2499	Stüsslingen	7.16633
2500	Trimbach	7.364791
2501	Winznau	7.5327715
2502	Wisen (SO)	7.56676175
2503	Erlinsbach (SO)	6.62291775
2511	Aeschi (SO)	7.0108495
2513	Biberist	7.453276375
2514	Bolken	7.613252
2516	Deitingen	7.07608975
2517	Derendingen	7.60426175
2518	Etziken	7.301305625
2519	Gerlafingen	7.31830075
2520	Halten	7.478276375
2521	Heinrichswil-Winistorf	7.44878125
2522	Hersiwil	7.485776375
2523	Horriwil	7.485776375
2524	Hüniken	6.87137875
2525	Kriegstetten	6.74089825
2526	Lohn-Ammannsegg	6.521932375
2527	Luterbach	7.608756875
2528	Obergerlafingen	7.0358495
2529	Oekingen	7.15383
2530	Recherswil	7.30580075
2531	Steinhof	7.608756875
2532	Subingen	7.785727625
2534	Zuchwil	7.21282025
2541	Balm bei Günsberg	7.10108975
2542	Bellach	6.875873875
2543	Bettlach	6.3154665
2544	Feldbrunnen-St. Niklaus	5.329627375
2545	Flumenthal	7.3343105
2546	Grenchen	7.1980726875
2547	Günsberg	7.130584875
2548	Hubersdorf	7.2718105
2549	Kammersrohr	5.497607875
2550	Langendorf	7.013854375
2551	Lommiswil	7.814717875
2552	Niederwil (SO)	7.307555625
2553	Oberdorf (SO)	7.43128125
2554	Riedholz	6.804383625
2555	Rüttenen	6.888373875
2556	Selzach	7.2668105
2571	Boningen	6.7873885
2572	Däniken	6.003520125
2573	Dulliken	7.453276375
2574	Eppenberg-Wöschnau	6.681908
2575	Fulenbach	6.96435925
2576	Gretzenbach	7.124334875
2578	Gunzgen	6.942869
2579	Hägendorf	6.59791775
2580	Kappel (SO)	6.922364125
2581	Olten	6.639912875
2582	Rickenbach (SO)	5.949025
2583	Schönenwerd	7.15383
2584	Starrkirch-Wil	6.711403125
2585	Walterswil (SO)	7.377291
2586	Wangen bei Olten	7.19407025
2601	Solothurn	7.326305625
2611	Bärschwil	7.562266625
2612	Beinwil (SO)	7.80897275
2613	Breitenbach	7.254815375
2614	Büsserach	7.11358975
2615	Erschwil	7.77772275
2616	Fehren	7.537266625
2617	Grindel	7.646256875
2618	Himmelried	7.2905605
2619	Kleinlützel	7.619502
2620	Meltingen	7.832217875
2621	Nunningen	7.397795875
2622	Zullwil	7.785727625
2701	Basel	3.965625
2702	Bettingen	3.5985
2703	Riehen	3.686625
2761	Aesch (BL)	2.763798
2762	Allschwil	2.77809
2763	Arlesheim	2.545845
2764	Biel-Benken	2.942925
2765	Binningen	2.79069
2766	Birsfelden	2.92101
2767	Bottmingen	2.71923
2768	Ettingen	2.81382
2769	Münchenstein	3.181965
2770	Muttenz	3.05154
2771	Oberwil (BL)	2.86752
2772	Pfeffingen	2.53244625
2773	Reinach (BL)	2.6709
2774	Schönenbuch	2.74236
2775	Therwil	2.653035
2781	Blauen	2.92101
2782	Brislach	2.760225
2783	Burg im Leimental	2.831685
2784	Dittingen	2.974605
2785	Duggingen	2.84955
2786	Grellingen	2.84955
2787	Laufen	2.8048875
2788	Liesberg	2.795955
2789	Nenzlingen	2.9299425
2790	Roggenburg	2.92101
2791	Röschenz	2.77809
2792	Wahlen	2.724495
2793	Zwingen	2.795955
2821	Arisdorf	3.138015
2822	Augst	3.022605
2823	Bubendorf	3.299895
2824	Frenkendorf	3.028305
2825	Füllinsdorf	3.0819
2826	Giebenach	3.138015
2827	Hersberg	3.066555
2828	Lausen	3.156975
2829	Liestal	3.23019
2830	Lupsingen	3.21057
2831	Pratteln	3.197682
2832	Ramlinsburg	3.2463
2833	Seltisberg	2.98008
2834	Ziefen	3.228435
2841	Anwil	3.2463
2842	Böckten	3.146235
2843	Buckten	3.27666
2844	Buus	3.28203
2845	Diepflingen	3.253425
2846	Gelterkinden	3.105135
2847	Häfelfingen	3.223065
2848	Hemmiken	3.2988
2849	Itingen	3.181965
2850	Känerkinden	3.115875
2851	Kilchberg (BL)	3.31776
2852	Läufelfingen	3.321333
2853	Maisprach	3.28203
2854	Nusshof	3.156975
2855	Oltingen	3.31776
2856	Ormalingen	3.173745
2857	Rickenbach (BL)	3.15873
2858	Rothenfluh	3.34779
2859	Rümlingen	3.258795
2860	Rünenberg	3.2463
2861	Sissach	3.074775
2862	Tecknau	3.105135
2863	Tenniken	3.18876
2864	Thürnen	2.94972
2865	Wenslingen	3.21057
2866	Wintersingen	3.264165
2867	Wittinsburg	3.151605
2868	Zeglingen	3.35349
2869	Zunzgen	3.099435
2881	Arboldswil	3.2463
2882	Bennwil	3.27666
2883	Bretzwil	3.25167
2884	Diegten	3.17484
2885	Eptingen	3.335625
2886	Hölstein	3.258795
2887	Lampenberg	3.2052
2888	Langenbruck	3.21594
2889	Lauwil	3.2874
2890	Liedertswil	3.074775
2891	Niederdorf	3.23556
2892	Oberdorf (BL)	3.12837
2893	Reigoldswil	3.24093
2894	Titterten	3.24093
2895	Waldenburg	3.289155
2901	Gächlingen	5.6557857143
2902	Guntmadingen	5.3732142857
2903	Löhningen	4.8551666667
2904	Neunkirch	5.2790238095
2914	Büttenhardt	5.538047619
2915	Dörflingen	4.996452381
2917	Lohn (SH)	5.3025714286
2919	Stetten (SH)	4.3842142857
2920	Thayngen	4.8787142857
2931	Bargen (SH)	5.538047619
2932	Beringen	5.3261190476
2933	Buchberg	4.7845238095
2936	Merishausen	5.6086904762
2937	Neuhausen am Rheinfall	5.3025714286
2938	Rüdlingen	4.7138809524
2939	Schaffhausen	5.3261190476
2951	Beggingen	5.7970714286
2952	Schleitheim	5.8677142857
2953	Siblingen	5.5615952381
2961	Buch (SH)	5.3261190476
2962	Hemishofen	5.4674047619
2963	Ramsen	5.6793333333
2964	Stein am Rhein	5.2554761905
2971	Hallau	5.6322380952
2972	Oberhallau	5.7970714286
2973	Trasadingen	5.7499761905
2974	Wilchingen	5.5615952381
3001	Herisau	6.4077
3002	Hundwil	6.613075
3003	Schönengrund	6.16125
3004	Schwellbrunn	6.4077
3005	Stein (AR)	6.16125
3006	Urnäsch	6.613075
3007	Waldstatt	6.530925
3021	Bühler	6.81845
3022	Gais	6.32555
3023	Speicher	5.99695
3024	Teufen (AR)	5.50405
3025	Trogen	6.9006
3031	Grub (AR)	6.48985
3032	Heiden	6.32555
3033	Lutzenberg	6.284475
3034	Rehetobel	6.2434
3035	Reute (AR)	6.613075
3036	Wald (AR)	6.65415
3037	Walzenhausen	6.16125
3038	Wolfhalden	6.613075
3101	Appenzell	4.5696269297
3102	Gonten	4.5696269297
3103	Rüte	4.7124277712
3104	Schlatt-Haslen	5.0694298751
3105	Schwende	5.1170301556
3111	Oberegg	5.0218295946
3201	Häggenschwil	4.648
3202	Muolen	4.3658
3203	St. Gallen	4.482
3204	Wittenbach	4.15
3211	Berg (SG)	4.1002
3212	Eggersriet	4.4488
3213	Goldach	3.8346
3214	Mörschwil	3.4362
3215	Rorschach	4.565
3216	Rorschacherberg	4.067
3217	Steinach	4.0836
3218	Tübach	3.8346
3219	Untereggen	4.5816
3231	Au (SG)	3.6022
3232	Balgach	3.4196
3233	Berneck	3.6686
3234	Diepoldsau	3.7018
3235	Rheineck	4.3824
3236	St. Margrethen	4.3492
3237	Thal	4.3326
3238	Widnau	3.7848
3251	Altstätten	4.4654
3252	Eichberg	4.4654
3253	Marbach (SG)	4.4156
3254	Oberriet (SG)	4.316
3255	Rebstein	3.9674
3256	Rüthi (SG)	4.4488
3271	Buchs (SG)	4.0919
3272	Gams	4.5982
3273	Grabs	4.2828
3274	Sennwald	4.482
3275	Sevelen	4.4322
3276	Wartau	4.6148
3291	Bad Ragaz	3.7848
3292	Flums	4.5152
3293	Mels	4.15
3294	Pfäfers	4.6646
3295	Quarten	4.4156
3296	Sargans	4.316
3297	Vilters-Wangs	4.4488
3298	Walenstadt	4.3326
3311	Amden	4.4488
3312	Benken (SG)	4.4986
3313	Kaltbrunn	4.233
3314	Rieden	4.6978
3315	Schänis	4.3326
3316	Weesen	4.4322
3331	Ernetschwil	4.6148
3332	Eschenbach (SG)	4.4156
3333	Goldingen	4.6646
3334	Gommiswald	4.1334
3337	St. Gallenkappel	4.4488
3338	Schmerikon	4.3326
3339	Uznach	4.4986
3340	Rapperswil-Jona	3.5026
3352	Ebnat-Kappel	4.482
3356	Stein (SG)	4.731
3358	Nesslau-Krummenau	4.4986
3359	Wildhaus-Alt St. Johann	–
3372	Hemberg	4.4986
3373	Krinau	4.731
3374	Lichtensteig	4.3658
3375	Oberhelfenschwil	4.5318
3377	Wattwil	4.5982
3378	Neckertal	4.399
3391	Bütschwil	4.5152
3392	Kirchberg (SG)	4.4654
3393	Lütisburg	4.4488
3394	Mosnang	4.4156
3401	Degersheim	4.6314
3402	Flawil	4.5152
3403	Ganterschwil	4.3326
3405	Jonschwil	4.4322
3407	Oberuzwil	4.2994
3408	Uzwil	4.316
3421	Bronschhofen	4.4986
3422	Niederbüren	4.648
3423	Niederhelfenschwil	4.2662
3424	Oberbüren	3.9176
3425	Wil (SG)	4.0338
3426	Zuzwil (SG)	3.6354
3441	Andwil (SG)	4.316
3442	Gaiserwald	4.0006
3443	Gossau (SG)	3.8844
3444	Waldkirch	4.4986
3501	Alvaschein	3.6209625
3502	Mon	3.57225
3503	Mutten	4.06749375
3504	Stierva	3.9781875
3505	Tiefencastel	3.22314375
3506	Vaz/Obervaz	3.1663125
3511	Alvaneu	3.70215
3512	Brienz/Brinzauls	3.6859125
3513	Lantsch/Lenz	3.3286875
3514	Schmitten (GR)	4.059375
3515	Surava	3.864525
3521	Bergün/Bravuogn	4.06749375
3522	Filisur	4.06749375
3531	Bivio	3.9457125
3532	Cunter	3.2475
3533	Marmorera	2.7116625
3534	Mulegns	3.4910625
3536	Riom-Parsonz	3.487003125
3538	Salouf	3.8158125
3539	Savognin	3.7325953125
3540	Sur	4.0106625
3541	Tinizong-Rona	3.4910625
3551	Brusio	3.409875
3561	Poschiavo	3.1663125
3571	Castrisch	3.90511875
3572	Falera	3.05265
3574	Ilanz	3.604725
3575	Laax	2.890275
3576	Ladir	3.8158125
3577	Luven	3.90511875
3578	Pitasch	4.06749375
3579	Riein	3.90511875
3580	Ruschein	3.7833375
3581	Sagogn	3.864525
3582	Schluein	3.57225
3583	Schnaus	4.0106625
3584	Sevgein	3.7833375
3586	Valendas	4.06749375
3587	Versam	4.06749375
3592	Cumbel	3.8482875
3593	Duvin	4.06749375
3594	Degen	3.8482875
3595	Lumbrein	3.8158125
3596	Morissen	3.8482875
3598	St. Martin	3.83205
3599	Suraua	3.994425
3603	Vals	3.4910625
3604	Vignogn	3.8482875
3605	Vella	3.929475
3606	Vrin	3.6534375
3611	Andiast	3.8807625
3612	Obersaxen	3.994425
3613	Pigniu	3.9781875
3614	Rueun	3.994425
3615	Siat	3.83205
3616	Waltensburg/Vuorz	4.06749375
3617	Mundaun	–
3631	Almens	4.06749375
3633	Fürstenau	3.74274375
3634	Paspels	3.70215
3635	Pratval	3.74274375
3636	Rodels	3.90511875
3637	Rothenbrunnen	3.41799375
3638	Scharans	3.74274375
3640	Sils im Domleschg	3.74274375
3651	Safien	4.06749375
3652	Tenna	3.66155625
3661	Cazis	3.897
3662	Flerden	3.90511875
3663	Masein	3.90511875
3668	Thusis	3.82393125
3669	Tschappina	3.58036875
3670	Urmein	2.78473125
3671	Tomils	3.8158125
3681	Avers	3.74274375
3691	Hinterrhein	3.17443125
3693	Nufenen	3.90511875
3694	Splügen	3.3286875
3695	Sufers	3.09324375
3701	Andeer	3.41799375
3703	Casti-Wergenstein	4.06749375
3705	Donat	3.90511875
3707	Lohn (GR)	4.06749375
3708	Mathon	3.90511875
3711	Rongellen	2.416627125
3712	Zillis-Reischen	2.76849375
3713	Ferrera	3.09324375
3721	Bonaduz	3.2475
3722	Domat/Ems	3.2962125
3723	Rhäzüns	3.7508625
3731	Felsberg	–
3732	Flims	3.279975
3733	Tamins	3.58036875
3734	Trin	3.54789375
3741	Ardez	3.38551875
3742	Guarda	3.58036875
3743	Lavin	3.41799375
3744	Susch	3.41799375
3745	Tarasp	3.3286875
3746	Zernez	3.28809375
3751	Ramosch	4.06749375
3752	Samnaun	3.4910625
3753	Tschlin	3.58036875
3761	Ftan	3.74274375
3762	Scuol	3.54789375
3763	Sent	3.90511875
3781	Bever	3.25561875
3782	Celerina/Schlarigna	2.6467125
3783	Madulain	3.2475
3784	Pontresina	3.1987875
3785	La Punt-Chamues-ch	3.14195625
3786	Samedan	2.97958125
3787	St. Moritz	2.695425
3788	S-chanf	3.3774
3789	Sils im Engadin/Segl	3.14195625
3790	Silvaplana	2.93086875
3791	Zuoz	3.23938125
3792	Bregaglia	3.49918125
3801	Arvigo	3.2475
3803	Braggio	3.9457125
3804	Buseno	3.7833375
3805	Castaneda	3.3774
3806	Cauco	3.9457125
3808	Rossa	3.2475
3810	Santa Maria in Calanca	3.6209625
3811	Selma	3.9457125
3821	Lostallo	3.2475
3822	Mesocco	3.22314375
3823	Soazza	2.8090875
3831	Cama	2.8415625
3832	Grono	3.150075
3833	Leggia	3.7833375
3834	Roveredo (GR)	3.409875
3835	San Vittore	3.3611625
3836	Verdabbio	3.9457125
3847	Val Müstair	3.90511875
3851	Davos	3.51541875
3861	Fideris	3.90511875
3862	Furna	4.08373125
3863	Jenaz	3.58036875
3871	Klosters-Serneus	3.3753703125
3881	Conters im Prättigau	3.09324375
3882	Küblis	3.90511875
3883	Saas	3.90511875
3891	Luzein	3.90511875
3893	St. Antönien	3.90511875
3901	Chur	3.2637375
3911	Churwalden	3.3286875
3921	Arosa	3.35304375
3922	Calfreisen	3.90511875
3923	Castiel	3.90511875
3924	Langwies	3.74274375
3925	Lüen	3.58036875
3926	Maladers	3.62908125
3927	Molinis	3.66155625
3929	Peist	4.06749375
3931	St. Peter-Pagig	–
3932	Tschiertschen-Praden	3.90511875
3941	Haldenstein	3.5884875
3942	Igis	3.54789375
3943	Mastrils	4.059375
3945	Trimmis	3.45046875
3946	Untervaz	3.3936375
3947	Zizers	3.40175625
3951	Fläsch	3.28809375
3952	Jenins	3.3774
3953	Maienfeld	3.09324375
3954	Malans	3.23938125
3961	Grüsch	3.25561875
3962	Schiers	3.90511875
3971	Fanas	3.90511875
3972	Seewis im Prättigau	3.90511875
3973	Valzeina	4.06749375
3981	Breil/Brigels	3.57225
3982	Disentis/Mustér	3.7671
3983	Medel (Lucmagn)	3.3286875
3984	Schlans	3.9781875
3985	Sumvitg	3.8158125
3986	Tujetsch	3.3286875
3987	Trun	3.9781875
4001	Aarau	4.20195
4002	Biberstein	4.0863
4003	Buchs (AG)	4.35615
4004	Densbüren	4.89585
4005	Erlinsbach (AG)	4.375425
4006	Gränichen	4.66455
4007	Hirschthal	4.336875
4008	Küttigen	4.375425
4009	Muhen	4.66455
4010	Oberentfelden	4.5489
4012	Suhr	4.568175
4013	Unterentfelden	4.4718
4021	Baden	4.27905
4022	Bellikon	4.20195
4023	Bergdietikon	4.12485
4024	Birmenstorf (AG)	4.568175
4026	Ennetbaden	4.27905
4027	Fislisbach	4.3947
4028	Freienwil	4.66455
4029	Gebenstorf	4.4718
4030	Killwangen	4.336875
4031	Künten	4.66455
4032	Mägenwil	3.97065
4033	Mellingen	4.5489
4034	Neuenhof	4.7031
4035	Niederrohrdorf	4.27905
4037	Oberrohrdorf	4.04775
4038	Obersiggenthal	4.35615
4039	Remetschwil	4.04775
4040	Spreitenbach	4.35615
4041	Stetten (AG)	4.43325
4042	Turgi	4.66455
4044	Untersiggenthal	4.3947
4045	Wettingen	4.144125
4046	Wohlenschwil	4.81875
4047	Würenlingen	4.3176
4048	Würenlos	4.3176
4049	Ehrendingen	4.645275
4061	Arni (AG)	4.028475
4062	Berikon	3.874275
4063	Bremgarten (AG)	4.35615
4064	Büttikon	4.3947
4065	Dottikon	4.221225
4066	Eggenwil	4.298325
4067	Fischbach-Göslikon	4.626
4068	Hägglingen	4.3176
4069	Hermetschwil-Staffeln	4.838025
4071	Jonen	4.3947
4072	Niederwil (AG)	4.375425
4073	Oberlunkhofen	3.797175
4074	Oberwil-Lieli	3.758625
4075	Rudolfstetten-Friedlisberg	4.144125
4076	Sarmenstorf	4.58745
4077	Tägerig	4.7802
4078	Uezwil	4.606725
4079	Unterlunkhofen	3.97065
4080	Villmergen	4.259775
4081	Widen	4.0092
4082	Wohlen (AG)	4.606725
4083	Zufikon	4.20195
4084	Islisberg	4.182675
4091	Auenstein	4.12485
4092	Birr	4.5489
4093	Birrhard	4.799475
4094	Bözen	4.915125
4095	Brugg	4.2405
4096	Effingen	4.876575
4097	Elfingen	4.81875
4098	Gallenkirch	4.760925
4099	Habsburg	4.221225
4100	Hausen (AG)	4.375425
4103	Linn	4.7031
4104	Lupfig	4.3176
4105	Mandach	4.8573
4106	Mönthal	4.7031
4107	Mülligen	4.5489
4108	Oberbözberg	4.645275
4109	Oberflachs	4.760925
4110	Remigen	4.491075
4111	Riniken	4.529625
4112	Rüfenach	4.568175
4113	Scherz	4.838025
4114	Schinznach-Bad	4.606725
4115	Schinznach-Dorf	4.4718
4117	Thalheim (AG)	4.7031
4119	Unterbözberg	4.3947
4120	Veltheim (AG)	4.683825
4121	Villigen	4.144125
4122	Villnachern	4.74165
4123	Windisch	4.7031
4131	Beinwil am See	4.35615
4132	Birrwil	4.413975
4133	Burg (AG)	4.81875
4134	Dürrenäsch	4.182675
4135	Gontenschwil	4.66455
4136	Holziken	4.51035
4137	Leimbach (AG)	4.491075
4138	Leutwil	4.8573
4139	Menziken	4.81875
4140	Oberkulm	4.66455
4141	Reinach (AG)	4.7031
4142	Schlossrued	4.74165
4143	Schmiedrued	4.7031
4144	Schöftland	4.452525
4145	Teufenthal (AG)	4.74165
4146	Unterkulm	4.838025
4147	Zetzwil	4.799475
4161	Eiken	4.58745
4163	Frick	4.452525
4164	Gansingen	4.81875
4165	Gipf-Oberfrick	4.568175
4166	Herznach	4.89585
4167	Hornussen	5.030775
4169	Kaisten	4.58745
4170	Laufenburg	4.529625
4172	Münchwilen (AG)	4.2405
4173	Oberhof	4.915125
4175	Oeschgen	4.799475
4176	Schwaderloch	5.0115
4177	Sisseln	4.12485
4179	Ueken	4.9344
4181	Wittnau	4.9344
4182	Wölflinswil	4.953675
4183	Zeihen	4.953675
4184	Mettauertal	4.760925
4191	Ammerswil	4.4718
4192	Boniswil	4.3176
4193	Brunegg	4.452525
4194	Dintikon	4.27905
4195	Egliswil	4.413975
4196	Fahrwangen	4.66455
4197	Hallwil	4.645275
4198	Hendschiken	4.799475
4199	Holderbank (AG)	4.375425
4200	Hunzenschwil	4.375425
4201	Lenzburg	4.51035
4202	Meisterschwanden	3.89355
4203	Möriken-Wildegg	4.3176
4204	Niederlenz	4.799475
4205	Othmarsingen	4.722375
4206	Rupperswil	4.3176
4207	Schafisheim	4.375425
4208	Seengen	4.0092
4209	Seon	4.5489
4210	Staufen	4.028475
4221	Abtwil	4.760925
4222	Aristau	4.645275
4223	Auw	4.606725
4224	Beinwil (Freiamt)	4.81875
4225	Benzenschwil	4.3947
4226	Besenbüren	4.760925
4227	Bettwil	4.799475
4228	Boswil	4.568175
4229	Bünzen	4.760925
4230	Buttwil	4.491075
4231	Dietwil	4.838025
4232	Geltwil	4.5489
4233	Kallern	4.58745
4234	Merenschwand	4.3947
4235	Mühlau	4.7802
4236	Muri (AG)	4.43325
4237	Oberrüti	4.81875
4238	Rottenschwil	4.568175
4239	Sins	4.529625
4240	Waltenschwil	4.375425
4251	Hellikon	4.8573
4252	Kaiseraugst	3.855
4253	Magden	4.43325
4254	Möhlin	4.7031
4255	Mumpf	4.89585
4256	Obermumpf	4.992225
4257	Olsberg	4.336875
4258	Rheinfelden	4.4718
4259	Schupfart	4.915125
4260	Stein (AG)	4.336875
4261	Wallbach	4.43325
4262	Wegenstetten	4.81875
4263	Zeiningen	4.529625
4264	Zuzgen	4.9344
4271	Aarburg	4.7031
4272	Attelwil	4.43325
4273	Bottenwil	4.7031
4274	Brittnau	4.838025
4275	Kirchleerau	4.760925
4276	Kölliken	4.760925
4277	Moosleerau	4.81875
4279	Murgenthal	4.81875
4280	Oftringen	4.568175
4281	Reitnau	4.8573
4282	Rothrist	4.375425
4283	Safenwil	4.529625
4284	Staffelbach	4.7031
4285	Strengelbach	4.645275
4286	Uerkheim	4.915125
4287	Vordemwald	4.74165
4288	Wiliberg	4.760925
4289	Zofingen	4.413975
4301	Baldingen	4.8573
4302	Böbikon	4.915125
4303	Böttstein	4.626
4304	Döttingen	3.6237
4305	Endingen	4.760925
4306	Fisibach	4.8573
4307	Full-Reuenthal	4.81875
4308	Kaiserstuhl	4.66455
4309	Klingnau	4.43325
4310	Koblenz	4.8573
4311	Leibstadt	4.413975
4312	Lengnau (AG)	4.626
4313	Leuggern	4.799475
4314	Mellikon	4.799475
4315	Rekingen (AG)	4.992225
4316	Rietheim	4.992225
4317	Rümikon	4.7802
4318	Schneisingen	4.66455
4319	Siglistorf	4.838025
4320	Tegerfelden	4.760925
4321	Unterendingen	4.645275
4322	Wislikofen	4.81875
4323	Bad Zurzach	4.51035
4401	Arbon	4.7756418605
4406	Dozwil	4.5187244186
4411	Egnach	4.5640627907
4416	Hefenhofen	4.7454162791
4421	Horn	4.0653406977
4426	Kesswil	4.4129348837
4431	Roggwil (TG)	4.4461830233
4436	Romanshorn	4.7151906977
4441	Salmsach	5.0325593023
4446	Sommeri	4.7454162791
4451	Uttwil	4.2618069767
4461	Amriswil	4.700077907
4471	Bischofszell	4.851205814
4476	Erlen	4.8209802326
4486	Hauptwil-Gottshaus	4.8058674419
4495	Hohentannen	4.9947773256
4501	Kradolf-Schönenberg	4.6396267442
4506	Sulgen	4.5338372093
4511	Zihlschlacht-Sitterdorf	4.5791755814
4536	Basadingen-Schlattingen	4.5187244186
4545	Diessenhofen	4.3675965116
4546	Schlatt (TG)	4.5338372093
4551	Aadorf	4.3524837209
4561	Felben-Wellhausen	4.5036116279
4566	Frauenfeld	4.3071453488
4571	Gachnang	4.2164686047
4590	Hüttlingen	4.6245139535
4591	Matzingen	4.6698523256
4601	Neunforn	3.9746639535
4606	Stettfurt	4.4733860465
4611	Thundorf	4.6698523256
4616	Uesslingen-Buch	4.6698523256
4621	Warth-Weiningen	3.9746639535
4641	Altnau	4.5791755814
4643	Bottighofen	3.3550395349
4646	Ermatingen	3.8084232558
4651	Gottlieben	4.1862430233
4656	Güttingen	4.6094011628
4666	Kemmental	4.4280476744
4671	Kreuzlingen	4.2618069767
4681	Langrickenbach	4.7907546512
4683	Lengwil	4.5187244186
4691	Münsterlingen	4.0048895349
4696	Tägerwilen	4.246694186
4701	Wäldi	4.6698523256
4711	Affeltrangen	4.5036116279
4716	Bettwiesen	4.5036116279
4721	Bichelsee-Balterswil	4.3524837209
4723	Braunau	4.6396267442
4724	Eschlikon	4.4280476744
4726	Fischingen	4.8209802326
4741	Lommis	4.5942883721
4746	Münchwilen (TG)	4.397822093
4751	Rickenbach (TG)	4.246694186
4756	Schönholzerswilen	4.7454162791
4761	Sirnach	4.3373709302
4776	Tobel-Tägerschen	4.54895
4781	Wängi	4.3827093023
4786	Wilen (TG)	4.5338372093
4791	Wuppenau	4.7756418605
4801	Berlingen	4.4884988372
4806	Eschenz	4.4733860465
4811	Herdern	4.6547395349
4816	Homburg	4.9872209302
4821	Hüttwilen	4.2920325581
4826	Mammern	4.2769197674
4831	Müllheim	4.6547395349
4841	Pfyn	4.8360930233
4846	Raperswilen	4.8360930233
4851	Salenstein	3.8084232558
4864	Steckborn	4.700077907
4871	Wagenhausen	4.54895
4881	Amlikon-Bissegg	4.7605290698
4891	Berg (TG)	4.397822093
4901	Birwinken	5.0627848837
4911	Bürglen (TG)	4.7454162791
4921	Bussnang	4.201355814
4941	Märstetten	4.7151906977
4946	Weinfelden	4.3373709302
4951	Wigoltingen	4.7907546512
5001	Arbedo-Castione	1.74887325
5002	Bellinzona	1.83972075
5003	Cadenazzo	1.73070375
5004	Camorino	1.82155125
5005	Giubiasco	1.7761275
5006	Gnosca	1.866975
5007	Gorduno	1.866975
5008	Gudo	1.866975
5009	Isone	1.794297
5010	Lumino	1.866975
5011	Medeglia	1.866975
5012	Moleno	1.866975
5013	Monte Carasso	1.7761275
5014	Pianezzo	1.76704275
5015	Preonzo	1.866975
5017	Sant'Antonino	1.68528
5018	Sant'Antonio	1.82155125
5019	Sementina	1.7761275
5040	Ludiano	1.866975
5041	Malvaglia	1.866975
5046	Semione	1.866975
5048	Acquarossa	1.82155125
5049	Blenio	1.82155125
5061	Airolo	1.866975
5062	Anzonico	1.866975
5063	Bedretto	1.68528
5064	Bodio	1.866975
5066	Calpiogna	1.866975
5067	Campello	1.866975
5068	Cavagnago	1.866975
5070	Chironico	1.866975
5071	Dalpe	1.5944325
5072	Faido	1.82155125
5073	Giornico	1.866975
5074	Mairengo	1.68528
5075	Osco	1.866975
5076	Personico	1.866975
5077	Pollegio	1.866975
5078	Prato (Leventina)	1.7761275
5079	Quinto	1.866975
5081	Sobrio	1.866975
5091	Ascona	1.63985625
5095	Brione (Verzasca)	1.866975
5096	Brione sopra Minusio	1.68528
5097	Brissago	1.68528
5098	Caviano	1.866975
5099	Cavigliano	1.866975
5101	Contone	1.866975
5102	Corippo	1.866975
5105	Frasco	1.866975
5106	Gerra (Gambarogno)	1.753415625
5108	Gordola	1.753415625
5109	Gresso	1.866975
5110	Indemini	1.866975
5112	Lavertezzo	1.866975
5113	Locarno	1.794297
5115	Losone	1.7761275
5116	Magadino	1.73070375
5117	Mergoscia	1.866975
5118	Minusio	1.662568125
5119	Mosogno	1.866975
5120	Muralto	1.68528
5121	Orselina	1.73070375
5123	Piazzogna	1.7761275
5125	Ronco sopra Ascona	1.63985625
5127	San Nazzaro	1.63985625
5128	Sant'Abbondio	1.82155125
5129	Sonogno	1.866975
5130	Tegna	1.63985625
5131	Tenero-Contra	1.7761275
5132	Vergeletto	1.7761275
5133	Verscio	1.866975
5134	Vira (Gambarogno)	1.73070375
5135	Vogorno	1.866975
5136	Onsernone	1.866975
5137	Isorno	1.866975
5138	Cugnasco-Gerra	1.7761275
5141	Agno	1.73070375
5143	Aranno	1.82155125
5144	Arogno	1.866975
5146	Astano	1.866975
5148	Bedano	1.63985625
5149	Bedigliora	1.866975
5151	Bioggio	1.526296875
5153	Bironico	1.82155125
5154	Bissone	1.612602
5155	Bogno	1.866975
5160	Brusino Arsizio	1.82155125
5161	Cademario	1.82155125
5162	Cadempino	1.45816125
5163	Cadro	1.82155125
5165	Camignolo	1.866975
5167	Canobbio	1.68528
5169	Carabietta	1.54900875
5170	Carona	1.753415625
5171	Caslano	1.73070375
5173	Certara	1.866975
5174	Cimadera	1.866975
5176	Comano	1.63985625
5178	Croglio	1.73070375
5180	Cureglia	1.503585
5181	Curio	1.7761275
5186	Grancia	1.68528
5187	Gravesano	1.68528
5189	Lamone	1.7761275
5192	Lugano	1.617144375
5193	Magliaso	1.63985625
5194	Manno	1.503585
5195	Maroggia	1.82155125
5196	Massagno	1.617144375
5197	Melano	1.73070375
5198	Melide	1.68528
5199	Mezzovico-Vira	1.571720625
5200	Miglieglia	1.866975
5202	Monteggio	1.5944325
5203	Morcote	1.68528
5205	Muzzano	1.63985625
5206	Neggio	1.68528
5207	Novaggio	1.866975
5208	Origlio	1.68528
5210	Paradiso	1.503585
5212	Ponte Capriasca	1.68528
5213	Ponte Tresa	1.7761275
5214	Porza	1.503585
5216	Pura	1.82155125
5217	Rivera	1.82155125
5219	Rovio	1.68528
5221	Savosa	1.617144375
5222	Sessa	1.7761275
5223	Sigirino	1.866975
5224	Sonvico	1.753415625
5225	Sorengo	1.480873125
5226	Capriasca	1.82155125
5227	Torricella-Taverne	1.7761275
5229	Valcolla	1.866975
5230	Vernate	1.54900875
5231	Vezia	1.54900875
5233	Vico Morcote	1.5944325
5236	Collina d'Oro	1.54900875
5237	Alto Malcantone	1.82155125
5242	Balerna	1.73070375
5243	Besazio	1.63985625
5249	Castel San Pietro	1.68528
5250	Chiasso	1.7034495
5251	Coldrerio	1.73070375
5253	Ligornetto	1.7761275
5254	Mendrisio	1.5944325
5255	Meride	1.866975
5257	Morbio Inferiore	1.757958
5260	Novazzano	1.6671105
5263	Riva San Vitale	1.73070375
5266	Stabio	1.5944325
5268	Vacallo	1.82155125
5269	Breggia	1.82155125
5281	Biasca	1.866975
5282	Claro	1.866975
5283	Cresciano	1.866975
5284	Iragna	1.866975
5285	Lodrino	1.82155125
5286	Osogna	1.866975
5304	Bosco/Gurin	1.866975
5307	Campo (Vallemaggia)	1.866975
5309	Cerentino	1.866975
5310	Cevio	1.82155125
5315	Linescio	1.73070375
5317	Maggia	1.82155125
5323	Lavizzara	1.82155125
5324	Avegno Gordevio	1.866975
5397	Centovalli	1.7761275
5401	Aigle	4.8014684375
5402	Bex	4.8970715625
5403	Chessel	5.0051746875
5404	Corbeyrier	4.734916875
5405	Gryon	4.8322096875
5406	Lavey-Morcles	4.8970715625
5407	Leysin	5.0484159375
5408	Noville	5.05922625
5409	Ollon	4.8322096875
5410	Ormont-Dessous	5.05922625
5411	Ormont-Dessus	4.7889684375
5412	Rennaz	4.734916875
5413	Roche (VD)	4.7457271875
5414	Villeneuve (VD)	4.8538303125
5415	Yvorne	4.84302
5421	Apples	4.8970715625
5422	Aubonne	4.8322096875
5423	Ballens	4.8663303125
5424	Berolle	5.0267953125
5425	Bière	4.8322096875
5426	Bougy-Villars	4.3565559375
5427	Féchy	4.7457271875
5428	Gimel	4.821399375
5429	Longirod	5.0916571875
5430	Marchissy	5.1132778125
5431	Mollens (VD)	4.9619334375
5432	Montherod	4.9403128125
5433	Pizy	4.6808653125
5434	Saint-George	4.7889684375
5435	Saint-Livres	4.8754509375
5436	Saint-Oyens	5.1132778125
5437	Saubraz	4.9095715625
5451	Avenches	4.7889684375
5452	Bellerive (VD)	4.6808653125
5453	Chabrey	5.0051746875
5455	Constantine	4.9095715625
5456	Cudrefin	4.4646590625
5458	Faoug	4.6808653125
5459	Montmagny	4.7889684375
5460	Mur (VD)	4.7889684375
5461	Oleyres	5.1132778125
5462	Vallamand	4.5943828125
5463	Villars-le-Grand	4.8538303125
5471	Bettens	4.8754509375
5472	Bournens	4.9619334375
5473	Boussens	4.8970715625
5474	La Chaux (Cossonay)	5.0700365625
5475	Chavannes-le-Veyron	5.1132778125
5476	Chevilly	5.0051746875
5477	Cossonay	4.81707525
5478	Cottens (VD)	4.8970715625
5479	Cuarnens	5.0484159375
5480	Daillens	4.8970715625
5481	Dizy	4.6808653125
5482	Eclépens	4.3565559375
5483	Ferreyres	5.0051746875
5484	Gollion	5.0051746875
5485	Grancy	4.8754509375
5486	L'Isle	4.9186921875
5487	Lussery-Villars	4.7673478125
5488	Mauraz	4.9619334375
5489	Mex (VD)	4.6808653125
5490	Moiry	5.1132778125
5491	Mont-la-Ville	5.0392953125
5492	Montricher	4.7457271875
5493	Orny	4.9403128125
5494	Pampigny	4.9835540625
5495	Penthalaz	4.9403128125
5496	Penthaz	4.6808653125
5497	Pompaples	4.8322096875
5498	La Sarraz	4.8322096875
5499	Senarclens	4.84302
5500	Sévery	5.0484159375
5501	Sullens	4.8754509375
5503	Vufflens-la-Ville	4.7024859375
5511	Assens	4.7889684375
5512	Bercher	5.1132778125
5513	Bioley-Orjulaz	4.7889684375
5514	Bottens	4.8538303125
5515	Bretigny-sur-Morrens	4.8322096875
5516	Cugy (VD)	4.7889684375
5517	Dommartin	5.0700365625
5518	Echallens	4.8754509375
5519	Eclagnens	4.9744334375
5520	Essertines-sur-Yverdon	4.8970715625
5521	Etagnières	4.9403128125
5522	Fey	5.0484159375
5523	Froideville	4.8230890625
5524	Goumoens-la-Ville	4.8970715625
5525	Goumoens-le-Jux	4.8613303125
5527	Morrens (VD)	4.8105890625
5528	Naz	5.1132778125
5529	Oulens-sous-Echallens	4.8970715625
5530	Pailly	5.1132778125
5531	Penthéréaz	5.0484159375
5532	Poliez-le-Grand	4.9619334375
5533	Poliez-Pittet	4.8970715625
5534	Rueyres	4.9403128125
5535	Saint-Barthélemy (VD)	5.0051746875
5536	Sugnens	5.0051746875
5537	Villars-le-Terroir	4.8663303125
5538	Villars-Tiercelin	4.9186921875
5539	Vuarrens	4.9835540625
5551	Bonvillars	4.6808653125
5552	Bullet	4.8879509375
5553	Champagne	4.7241065625
5554	Concise	4.9095715625
5555	Corcelles-près-Concise	5.0484159375
5556	Fiez	4.8663303125
5557	Fontaines-sur-Grandson	4.9744334375
5558	Fontanezier	5.1232778125
5559	Giez	4.6808653125
5560	Grandevent	4.7889684375
5561	Grandson	4.8970715625
5562	Mauborget	4.8014684375
5563	Mutrux	5.06672625
5564	Novalles	5.0051746875
5565	Onnens (VD)	4.7673478125
5566	Provence	5.1257778125
5567	Romairon	5.1207778125
5568	Sainte-Croix	4.8754509375
5569	Vaugondry	5.1232778125
5570	Villars-Burquin	4.9403128125
5581	Belmont-sur-Lausanne	4.8970715625
5582	Cheseaux-sur-Lausanne	4.97274375
5583	Crissier	4.7889684375
5584	Epalinges	4.7889684375
5585	Jouxtens-Mézery	4.7024859375
5586	Lausanne	5.0700365625
5587	Le Mont-sur-Lausanne	4.7889684375
5588	Paudex	4.7241065625
5589	Prilly	4.951123125
5590	Pully	4.7673478125
5591	Renens (VD)	5.037605625
5592	Romanel-sur-Lausanne	4.7673478125
5601	Chexbres	4.6808653125
5602	Cully	4.7803201875
5603	Epesses	4.994364375
5604	Forel (Lavaux)	4.7457271875
5605	Grandvaux	4.6808653125
5606	Lutry	4.6376240625
5607	Puidoux	4.7889684375
5608	Riex	5.0484159375
5609	Rivaz	4.734916875
5610	Saint-Saphorin (Lavaux)	4.7889684375
5611	Savigny	4.8322096875
5612	Villette (Lavaux)	4.6808653125
5621	Aclens	4.7457271875
5622	Bremblens	4.7889684375
5623	Buchillon	3.5782134375
5624	Bussigny-près-Lausanne	4.7241065625
5625	Bussy-Chardonney	4.8538303125
5627	Chavannes-près-Renens	5.0700365625
5628	Chigny	4.7024859375
5629	Clarmont	5.1132778125
5630	Colombier (VD)	4.9619334375
5631	Denens	5.0051746875
5632	Denges	4.7024859375
5633	Echandens	4.7024859375
5634	Echichens	4.7889684375
5635	Ecublens (VD)	4.7024859375
5636	Etoy	4.6808653125
5637	Lavigny	4.97274375
5638	Lonay	4.5727621875
5639	Lully (VD)	4.6808653125
5640	Lussy-sur-Morges	4.7889684375
5641	Monnaz	4.6808653125
5642	Morges	4.84302
5643	Préverenges	4.7024859375
5644	Reverolle	4.9186921875
5645	Romanel-sur-Morges	4.5727621875
5646	Saint-Prex	4.6160034375
5647	Saint-Saphorin-sur-Morges	4.6808653125
5648	Saint-Sulpice (VD)	4.5727621875
5649	Tolochenaz	4.7565375
5650	Vaux-sur-Morges	4.2052115625
5651	Villars-Sainte-Croix	4.7024859375
5652	Villars-sous-Yens	4.9186921875
5653	Vufflens-le-Château	4.5727621875
5654	Vullierens	5.0051746875
5655	Yens	4.9835540625
5661	Boulens	5.1257778125
5662	Brenles	5.0484159375
5663	Bussy-sur-Moudon	5.1041571875
5664	Chapelle-sur-Moudon	5.1132778125
5665	Chavannes-sur-Moudon	4.9744334375
5666	Chesalles-sur-Moudon	5.0484159375
5667	Correvon	4.8970715625
5668	Cremin	5.1132778125
5669	Curtilles	4.9186921875
5670	Denezy	5.0051746875
5671	Dompierre (VD)	5.1041571875
5672	Forel-sur-Lucens	5.0484159375
5673	Hermenches	4.9095715625
5674	Lovatens	4.8970715625
5675	Lucens	4.7889684375
5676	Martherenges	4.9528128125
5677	Montaubion-Chardonney	5.1132778125
5678	Moudon	4.9528128125
5679	Neyruz-sur-Moudon	5.1257778125
5680	Ogens	5.0484159375
5681	Oulens-sur-Lucens	5.1132778125
5682	Peyres-Possens	5.0176746875
5683	Prévonloup	4.9619334375
5684	Rossenges	4.8754509375
5685	Saint-Cierges	5.1132778125
5686	Sarzens	5.0484159375
5687	Sottens	5.1132778125
5688	Syens	4.9057198125
5689	Thierrens	5.0484159375
5690	Villars-le-Comte	5.0176746875
5691	Villars-Mendraz	5.1257778125
5692	Vucherens	5.0051746875
5701	Arnex-sur-Nyon	4.6376240625
5702	Arzier	4.7457271875
5703	Bassins	4.838695875
5704	Begnins	4.8538303125
5705	Bogis-Bossey	4.5727621875
5706	Borex	4.6592446875
5707	Chavannes-de-Bogis	4.71329625
5708	Chavannes-des-Bois	4.6808653125
5709	Chéserex	4.3565559375
5710	Coinsins	4.1187290625
5711	Commugny	4.7241065625
5712	Coppet	4.6376240625
5713	Crans-près-Céligny	4.5295209375
5714	Crassier	4.7889684375
5715	Duillier	4.7889684375
5716	Eysins	4.6808653125
5717	Founex	4.7673478125
5718	Genolier	4.5511415625
5719	Gingins	4.4646590625
5720	Givrins	4.7889684375
5721	Gland	4.71329625
5722	Grens	4.5727621875
5723	Mies	4.6808653125
5724	Nyon	4.6808653125
5725	Prangins	4.6808653125
5726	La Rippe	4.7889684375
5727	Saint-Cergue	4.6808653125
5728	Signy-Avenex	4.5727621875
5729	Tannay	4.6808653125
5730	Trélex	4.6808653125
5731	Le Vaud	4.8754509375
5732	Vich	5.1132778125
5741	L'Abergement	5.1257778125
5742	Agiez	5.0051746875
5743	Arnex-sur-Orbe	4.9528128125
5744	Ballaigues	4.8014684375
5745	Baulmes	4.9619334375
5746	Bavois	4.9403128125
5747	Bofflens	4.8970715625
5748	Bretonnières	4.8014684375
5749	Chavornay	4.9311921875
5750	Les Clées	5.1041571875
5751	Corcelles-sur-Chavornay	5.0051746875
5752	Croy	4.9619334375
5754	Juriens	5.0700365625
5755	Lignerolle	5.1257778125
5756	Montcherand	4.7889684375
5757	Orbe	4.8538303125
5758	La Praz	5.1257778125
5759	Premier	5.1132778125
5760	Rances	4.9311921875
5761	Romainmôtier-Envy	5.0051746875
5762	Sergey	5.1132778125
5763	Valeyres-sous-Rances	5.0176746875
5764	Vallorbe	4.9619334375
5765	Vaulion	5.1132778125
5766	Vuiteboeuf	4.9095715625
5781	Bussigny-sur-Oron	4.8538303125
5782	Carrouge (VD)	4.8754509375
5783	Châtillens	4.9619334375
5784	Chesalles-sur-Oron	4.8754509375
5785	Corcelles-le-Jorat	5.0700365625
5786	Les Cullayes	4.9403128125
5787	Ecoteaux	5.0051746875
5788	Essertes	4.8879509375
5789	Ferlens (VD)	5.0051746875
5790	Maracon	5.0609159375
5791	Mézières (VD)	5.0051746875
5792	Montpreveyres	4.9295025
5793	Oron-la-Ville	5.0051746875
5794	Oron-le-Châtel	4.8754509375
5795	Palézieux	5.0051746875
5796	Peney-le-Jorat	4.9186921875
5798	Ropraz	5.0051746875
5799	Servion	4.8970715625
5800	Les Tavernes	4.8105890625
5801	Les Thioleyres	4.7024859375
5802	Vuibroye	4.9403128125
5803	Vulliens	5.1132778125
5811	Cerniaz (VD)	5.0176746875
5812	Champtauroz	5.0051746875
5813	Chevroux	4.7582271875
5814	Combremont-le-Grand	5.0484159375
5815	Combremont-le-Petit	5.1132778125
5816	Corcelles-près-Payerne	4.9186921875
5817	Grandcour	5.006864375
5818	Granges-près-Marnand	5.07172625
5819	Henniez	4.9033215625
5820	Marnand	5.1132778125
5821	Missy	4.9311921875
5822	Payerne	4.9403128125
5824	Sassel	5.1132778125
5826	Seigneux	5.1132778125
5827	Trey	5.0782124375
5828	Treytorrens (Payerne)	5.1132778125
5829	Villars-Bramard	5.0176746875
5830	Villarzel	5.1257778125
5841	Château-d'Oex	5.1132778125
5842	Rossinière	5.1132778125
5843	Rougemont	4.8105890625
5851	Allaman	4.6808653125
5852	Bursinel	4.4646590625
5853	Bursins	4.8970715625
5854	Burtigny	5.0051746875
5855	Dully	4.3565559375
5856	Essertines-sur-Rolle	4.8322096875
5857	Gilly	4.8970715625
5858	Luins	4.6592446875
5859	Mont-sur-Rolle	4.7241065625
5860	Perroy	4.6160034375
5861	Rolle	4.648434375
5862	Tartegnin	5.0267953125
5863	Vinzel	4.8322096875
5871	L'Abbaye	4.9186921875
5872	Le Chenit	4.7457271875
5873	Le Lieu	4.7673478125
5881	Blonay	4.8322096875
5882	Chardonne	4.7889684375
5883	Corseaux	4.6808653125
5884	Corsier-sur-Vevey	4.7457271875
5885	Jongny	4.8105890625
5886	Montreux	4.7889684375
5888	Saint-Légier-La Chiésaz	4.8322096875
5889	La Tour-de-Peilz	4.7889684375
5890	Vevey	4.9403128125
5891	Veytaux	4.9403128125
5902	Belmont-sur-Yverdon	5.0051746875
5903	Bioley-Magnoux	4.9311921875
5904	Chamblon	4.7889684375
5905	Champvent	5.093346875
5906	Chanéaz	5.0176746875
5907	Chavannes-le-Chêne	5.1041571875
5908	Chêne-Pâquier	5.1257778125
5909	Cheseaux-Noréaz	4.7889684375
5910	Cronay	5.1257778125
5911	Cuarny	5.1257778125
5912	Démoret	5.1257778125
5913	Donneloye	4.9403128125
5914	Ependes (VD)	4.9095715625
5915	Essert-Pittet	4.9186921875
5916	Essert-sous-Champvent	4.8970715625
5918	Gressy	5.0825365625
5919	Mathod	4.9744334375
5921	Molondin	5.1257778125
5922	Montagny-près-Yverdon	4.6808653125
5923	Oppens	5.1132778125
5924	Orges	4.9619334375
5925	Orzens	5.1257778125
5926	Pomy	4.8970715625
5927	Prahins	4.9403128125
5928	Rovray	5.1132778125
5929	Suchy	4.8322096875
5930	Suscévaz	4.7889684375
5931	Treycovagnes	4.670055
5932	Ursins	5.1257778125
5933	Valeyres-sous-Montagny	4.8970715625
5934	Valeyres-sous-Ursins	5.0609159375
5935	Villars-Epeney	4.7889684375
5936	Villars-sous-Champvent	4.8014684375
5937	Vugelles-La Mothe	5.0051746875
5938	Yverdon-les-Bains	5.015985
5939	Yvonand	4.9403128125
6001	Birgisch	4.1118625
6002	Brig-Glis	3.753275
6004	Eggerberg	5.0304625
6006	Mund	5.0864125
6007	Naters	3.758275
6008	Ried-Brig	4.2597
6009	Simplon	3.5443125
6010	Termen	4.164075625
6011	Zwischbergen	3.5443125
6021	Ardon	4.31416875
6022	Chamoson	4.704640625
6023	Conthey	4.1018625
6024	Nendaz	4.66273125
6025	Vétroz	4.1018625
6031	Bagnes	6.135609375
6032	Bourg-Saint-Pierre	4.578675
6033	Liddes	4.304084375
6034	Orsières	4.3573
6035	Sembrancher	4.3573
6036	Vollèges	4.398640625
6052	Bellwald	4.35355
6054	Binn	4.9117875
6055	Blitzingen	4.67273125
6056	Ernen	4.51223125
6057	Fiesch	3.82393075
6058	Fieschertal	6.131859375
6061	Lax	4.750725
6064	Niederwald	3.80893075
6073	Grafschaft	4.1056125
6074	Münster-Geschinen	4.67273125
6075	Reckingen-Gluringen	4.67773125
6076	Obergoms	6.138109375
6081	Les Agettes	5.7299375
6082	Ayent	3.80893075
6083	Evolène	4.92865625
6084	Hérémence	3.5443125
6085	Mase	4.786009375
6086	Nax	5.2480625
6087	Saint-Martin (VS)	4.9117875
6088	Vernamiège	4.546953125
6089	Vex	4.50848125
6101	Agarn	4.51223125
6102	Albinen	5.0192125
6104	Ergisch	3.692375
6105	Erschmatt	4.66523125
6109	Inden	4.83441875
6110	Leuk	4.51848125
6111	Leukerbad	5.0635625
6112	Oberems	4.32916875
6113	Salgesch	4.714640625
6114	Turtmann	4.35355
6115	Unterems	4.410375
6116	Varen	4.9117875
6117	Guttet-Feschel	4.66273125
6118	Gampel-Bratsch	4.5827
6131	Bovernier	4.2813
6132	Charrat	4.4311125
6133	Fully	4.3598
6134	Isérables	4.87523125
6135	Leytron	4.4974
6136	Martigny	3.88961875
6137	Martigny-Combe	3.681125
6139	Riddes	4.543203125
6140	Saillon	4.4236125
6141	Saxon	4.1168625
6142	Trient	6.128109375
6151	Champéry	4.88023125
6152	Collombey-Muraz	4.12278125
6153	Monthey	4.1168625
6154	Port-Valais	4.175209375
6155	Saint-Gingolph	5.221540625
6156	Troistorrents	4.32416875
6157	Val-d'Illiez	4.81935
6158	Vionnaz	4.06905625
6159	Vouvry	4.402390625
6171	Betten	4.588675
6172	Bister	3.5480625
6173	Bitsch	3.677375
6177	Grengiols	4.84066875
6178	Martisberg	4.34168125
6181	Riederalp	4.83066875
6191	Ausserberg	5.0028625
6192	Blatten	4.83441875
6193	Bürchen	4.66648125
6194	Eischoll	4.9117875
6195	Ferden	5.2916375
6197	Kippel	5.0926625
6198	Niedergesteln	4.51848125
6199	Raron	4.4386125
6201	Unterbäch	4.5074
6202	Wiler (Lötschen)	4.9117875
6203	Mörel-Filet	4.558203125
6204	Steg-Hohtenn	4.05780625
6211	Collonges	3.975375
6212	Dorénaz	4.4236125
6213	Evionnaz	3.9422375
6214	Finhaut	4.32416875
6215	Massongex	4.543203125
6216	Mex (VS)	4.32668125
6217	Saint-Maurice	4.3119375
6218	Salvan	4.314084375
6219	Vernayaz	4.2888
6220	Vérossaz	4.51848125
6232	Chalais	4.66648125
6234	Chermignon	4.1018625
6235	Chippis	4.4974
6238	Grône	4.63503125
6239	Icogne	4.1118625
6240	Lens	4.1168625
6241	Miège	4.714640625
6242	Mollens (VS)	4.35355
6243	Montana	4.1118625
6244	Randogne	4.2963
6246	Saint-Léonard	4.2813
6248	Sierre	4.20225
6249	Venthône	4.05780625
6250	Veyras	4.2813
6252	Anniviers	4.553203125
6261	Arbaz	4.553203125
6263	Grimisuat	4.50848125
6264	Salins	5.2816375
6265	Savièse	4.167709375
6266	Sion	3.82393075
6267	Veysonnaz	4.8829375
6281	Baltschieder	4.31791875
6282	Eisten	3.5443125
6283	Embd	4.9916125
6285	Grächen	5.45115625
6286	Lalden	3.830625
6287	Randa	4.1318375
6288	Saas-Almagell	5.452625
6289	Saas-Balen	5.2966375
6290	Saas-Fee	5.30890625
6291	Saas-Grund	5.2966375
6292	St. Niklaus	4.4236125
6293	Stalden (VS)	4.0200625
6294	Staldenried	4.0350625
6295	Täsch	4.407013125
6296	Törbel	3.81518075
6297	Visp	3.90461875
6298	Visperterminen	4.74635
6299	Zeneggen	4.9017875
6300	Zermatt	3.758275
6401	Auvernier	7.843831875
6402	Bevaix	8.2213425
6403	Bôle	7.96966875
6404	Boudry	8.30523375
6405	Brot-Dessous	8.179396875
6406	Colombier (NE)	7.96966875
6407	Corcelles-Cormondrèche	8.347179375
6408	Cortaillod	8.095505625
6409	Fresens	7.759940625
6410	Gorgier	7.96966875
6411	Montalchez	8.682744375
6412	Peseux	8.263288125
6413	Rochefort	8.30523375
6414	Saint-Aubin-Sauges	8.389125
6415	Vaumarcus	7.96966875
6421	La Chaux-de-Fonds	8.389125
6422	Les Planchettes	8.598853125
6423	La Sagne	8.389125
6431	Les Brenets	7.96966875
6432	La Brévine	8.514961875
6433	Brot-Plamboz	8.347179375
6434	Le Cerneux-Péquignot	8.389125
6435	La Chaux-du-Milieu	8.389125
6436	Le Locle	8.30523375
6437	Les Ponts-de-Martel	8.389125
6451	Cornaux	8.011614375
6452	Cressier (NE)	8.5569075
6453	Enges	8.514961875
6454	Hauterive (NE)	8.179396875
6455	Le Landeron	8.011614375
6456	Lignières	8.30523375
6458	Neuchâtel	8.05356
6459	Saint-Blaise	8.011614375
6461	La Tène	7.63410375
6471	Boudevilliers	8.263288125
6472	Cernier	8.347179375
6473	Chézard-Saint-Martin	8.5569075
6474	Coffrane	8.263288125
6475	Dombresson	8.347179375
6476	Engollon	8.095505625
6477	Fenin-Vilars-Saules	8.30523375
6478	Fontainemelon	7.843831875
6479	Fontaines (NE)	8.011614375
6480	Les Geneveys-sur-Coffrane	8.179396875
6481	Les Hauts-Geneveys	8.263288125
6482	Montmollin	8.263288125
6483	Le Pâquier (NE)	8.47301625
6484	Savagnier	8.2213425
6485	Valangin	8.05356
6486	Villiers	8.389125
6504	La Côte-aux-Fées	8.13745125
6511	Les Verrières	8.5569075
6512	Val-de-Travers	8.47301625
6601	Aire-la-Ville	1.0120625
6602	Anières	0.9198375
6603	Avully	1.0174875
6604	Avusy	1.0120625
6605	Bardonnex	0.9578125
6606	Bellevue	0.9740875
6607	Bernex	1.0012125
6608	Carouge (GE)	0.9523875
6609	Cartigny	0.9632375
6610	Céligny	0.9198375
6611	Chancy	1.0174875
6612	Chêne-Bougeries	0.9252625
6613	Chêne-Bourg	0.9903625
6614	Choulex	0.9795125
6615	Collex-Bossy	0.9903625
6616	Collonge-Bellerive	0.9035625
6617	Cologny	0.9089875
6618	Confignon	0.9957875
6619	Corsier (GE)	0.9306875
6620	Dardagny	1.0012125
6621	Genève	0.98765
6622	Genthod	0.8764375
6623	Le Grand-Saconnex	0.9795125
6624	Gy	0.9957875
6625	Hermance	0.9686625
6626	Jussy	0.9795125
6627	Laconnex	0.9903625
6628	Lancy	0.9957875
6629	Meinier	0.9686625
6630	Meyrin	0.9849375
6631	Onex	1.014775
6632	Perly-Certoux	0.9740875
6633	Plan-les-Ouates	0.9578125
6634	Pregny-Chambésy	0.9144125
6635	Presinge	0.9523875
6636	Puplinge	0.9903625
6637	Russin	1.0174875
6638	Satigny	0.9523875
6639	Soral	0.9903625
6640	Thônex	0.9795125
6641	Troinex	0.9578125
6642	Vandoeuvres	0.9089875
6643	Vernier	1.0120625
6644	Versoix	1.0066375
6645	Veyrier	0.9523875
6701	Bassecourt	7.408679003
6702	Boécourt	7.369206295
6703	Bourrignon	7.8684925151
6704	Châtillon (JU)	7.085351086
6705	Corban	7.8354050981
6706	Courchapoix	7.6902848481
6707	Courfaivre	7.6571974311
6708	Courrendlin	7.375591586
6709	Courroux	7.3071673881
6710	Courtételle	7.15152592
6711	Delémont	7.230471336
6712	Develier	7.4789897641
6713	Ederswiler	7.4519248375
6714	Glovelier	7.44176642
6715	Mervelier	7.8023176811
6716	Mettembert	7.7109644838
6717	Montsevelier	7.7297575561
6718	Movelier	7.8560847338
6719	Pleigne	7.6508121401
6720	Rebeuvelier	7.7959323901
6721	Rossemaison	7.448151711
6722	Saulcy	7.7959323901
6723	Soulce	7.6696052125
6724	Soyhières	7.3586850769
6725	Undervelier	7.8354050981
6726	Vermes	7.8767643694
6727	Vicques	7.514326545
6728	Vellerat	7.665832086
6741	Le Bémont (JU)	7.29664617
6742	Les Bois	7.6571974311
6743	Les Breuleux	7.4789897641
6744	La Chaux-des-Breuleux	7.4789897641
6745	Les Enfers	7.5782520151
6748	Les Genevez (JU)	7.5120771811
6750	Lajoux (JU)	7.5782520151
6751	Montfaucon	7.6508121401
6753	Muriaux	6.788725295
6754	Le Noirmont	7.2613093891
6757	Saignelégier	7.29664617
6758	Saint-Brais	7.8684925151
6759	Soubey	7.8684925151
6771	Alle	7.514326545
6773	Beurnevésin	7.6696052125
6774	Boncourt	6.6413556811
6775	Bonfol	7.514326545
6776	Bressaucourt	7.5782520151
6778	Bure	7.5889546336
6781	Coeuve	7.8354050981
6782	Cornol	7.5451645981
6783	Courchavon	7.5056918901
6784	Courgenay	7.44176642
6785	Courtedoux	7.4853750551
6787	Damphreux	7.7233722651
6789	Fahy	7.5782520151
6790	Fontenais	7.190998628
6792	Grandfontaine	7.8684925151
6793	Lugnez	7.8684925151
6800	Porrentruy	7.408679003
6803	Rocourt	7.5782520151
6806	Vendlincourt	7.653061504
6807	Basse-Allaine	7.8354050981
6808	Clos du Doubs	7.5846373061
6809	Haute-Ajoie	7.5451645981
6810	La Baroche	7.5244849625
