Regions-ID	Regionsname	Unterstützte Personen	Anteil der unterstützten Personen an der Wohnbevölkerung in %
1	Aeugst am Albis	31	1.9
2	Affoltern am Albis	530	5.1
3	Bonstetten	47	1
4	Hausen am Albis	20	0.6
5	Hedingen	32	1
6	Kappel am Albis	7	0.8
7	Knonau	14	0.9
8	Maschwanden	3	0.5
9	Mettmenstetten	61	1.5
10	Obfelden	111	2.5
11	Ottenbach	62	2.8
12	Rifferswil	9	1.1
13	Stallikon	24	0.9
14	Wettswil am Albis	37	0.9
21	Adlikon	2	0.4
22	Benken (ZH)	9	1.2
23	Berg am Irchel	1	0.2
24	Buch am Irchel	1	0.1
25	Dachsen	13	0.7
26	Dorf	4	0.6
27	Feuerthalen	72	2.2
28	Flaach	10	0.8
29	Flurlingen	16	1.2
30	Andelfingen	10	0.6
31	Henggart	31	1.6
32	Humlikon	8	1.8
33	Kleinandelfingen	15	0.8
34	Laufen-Uhwiesen	8	0.5
35	Marthalen	6	0.3
36	Oberstammheim	4	0.4
37	Ossingen	10	0.8
38	Rheinau	23	1.8
39	Thalheim an der Thur	2	0.3
40	Trüllikon	12	1.2
41	Truttikon	0	0
42	Unterstammheim	17	1.9
43	Volken	3	1
44	Waltalingen	13	1.9
51	Bachenbülach	46	1.3
52	Bassersdorf	303	3.1
53	Bülach	483	3.1
54	Dietlikon	203	3
55	Eglisau	67	1.9
56	Embrach	288	3.4
57	Freienstein-Teufen	50	2.3
58	Glattfelden	73	1.9
59	Hochfelden	29	1.6
60	Höri	90	3.7
61	Hüntwangen	2	0.2
62	Kloten	902	5.3
63	Lufingen	10	0.7
64	Nürensdorf	57	1.2
65	Oberembrach	14	1.5
66	Opfikon	914	7
67	Rafz	32	0.8
68	Rorbas	41	1.9
69	Wallisellen	552	4.4
70	Wasterkingen	4	0.7
71	Wil (ZH)	5	0.4
72	Winkel	13	0.3
81	Bachs	2	0.4
82	Boppelsen	1	0.1
83	Buchs (ZH)	124	2.5
84	Dällikon	91	2.6
85	Dänikon	32	1.8
86	Dielsdorf	134	2.7
87	Hüttikon	0	0
88	Neerach	14	0.5
89	Niederglatt	36	0.9
90	Niederhasli	162	2.1
91	Niederweningen	56	2.3
92	Oberglatt	204	3.8
93	Oberweningen	37	2.5
94	Otelfingen	40	1.8
95	Regensberg	1	0.2
96	Regensdorf	717	4.6
97	Rümlang	154	2.6
98	Schleinikon	2	0.3
99	Schöfflisdorf	21	1.8
100	Stadel	22	1.2
101	Steinmaur	83	2.8
102	Weiach	23	2.4
111	Bäretswil	61	1.4
112	Bubikon	72	1.2
113	Dürnten	146	2.3
114	Fischenthal	51	2.4
115	Gossau (ZH)	119	1.3
116	Grüningen	28	1
117	Hinwil	221	2.3
118	Rüti (ZH)	361	3.2
119	Seegräben	27	2.2
120	Wald (ZH)	236	2.7
121	Wetzikon (ZH)	1049	5.3
131	Adliswil	708	4.5
132	Hirzel	17	0.9
133	Horgen	407	2.3
134	Hütten	14	1.6
135	Kilchberg (ZH)	86	1.2
136	Langnau am Albis	168	2.5
137	Oberrieden	51	1
138	Richterswil	247	2.2
139	Rüschlikon	63	1.3
140	Schönenberg (ZH)	4	0.2
141	Thalwil	432	2.7
142	Wädenswil	560	2.9
151	Erlenbach (ZH)	48	0.9
152	Herrliberg	49	0.9
153	Hombrechtikon	261	3.4
154	Küsnacht (ZH)	139	1.1
155	Männedorf	161	1.7
156	Meilen	124	1
157	Oetwil am See	93	2.1
158	Stäfa	360	2.8
159	Uetikon am See	103	1.9
160	Zumikon	18	0.4
161	Zollikon	212	1.8
171	Bauma	123	3
172	Fehraltorf	88	1.7
173	Hittnau	33	1
174	Illnau-Effretikon	605	4
175	Kyburg	0	0
176	Lindau	114	2.4
177	Pfäffikon	289	2.9
178	Russikon	61	1.6
179	Sternenberg	1	0.3
180	Weisslingen	33	1.1
181	Wila	42	2.2
182	Wildberg	0	0
191	Dübendorf	478	2.1
192	Egg	188	2.4
193	Fällanden	254	3.6
194	Greifensee	132	2.6
195	Maur	146	1.6
196	Mönchaltorf	49	1.5
197	Schwerzenbach	94	2.3
198	Uster	636	2.1
199	Volketswil	380	2.5
200	Wangen-Brüttisellen	196	2.8
211	Altikon	2	0.3
212	Bertschikon	1	0.1
213	Brütten	9	0.5
214	Dägerlen	12	1.3
215	Dättlikon	4	0.6
216	Dinhard	4	0.3
217	Elgg	44	1.2
218	Ellikon an der Thur	8	1
219	Elsau	70	2.2
220	Hagenbuch	22	2
221	Hettlingen	19	0.7
222	Hofstetten (ZH)	8	1.9
223	Neftenbach	88	1.9
224	Pfungen	83	3.2
225	Rickenbach (ZH)	46	1.9
226	Schlatt (ZH)	7	1.1
227	Seuzach	91	1.4
228	Turbenthal	102	2.5
229	Wiesendangen	22	0.5
230	Winterthur	4878	5.2
231	Zell (ZH)	169	3.6
241	Aesch (ZH)	14	1.4
242	Birmensdorf (ZH)	201	3.6
243	Dietikon	1730	7.7
244	Geroldswil	152	3.4
245	Oberengstringen	273	4.4
246	Oetwil an der Limmat	23	1
247	Schlieren	916	6.8
248	Uitikon	48	1.3
249	Unterengstringen	128	4.4
250	Urdorf	252	2.7
251	Weiningen (ZH)	180	4.5
261	Zürich	20883	6
301	Aarberg	176	4.5
302	Bargen (BE)	23	2.5
303	Grossaffoltern	21	0.7
304	Kallnach	56	3.7
305	Kappelen	26	2.3
306	Lyss	628	5.7
307	Meikirch	41	1.7
308	Niederried bei Kallnach	0	0
309	Radelfingen	21	1.7
310	Rapperswil (BE)	28	1.3
311	Schüpfen	58	1.8
312	Seedorf (BE)	43	1.5
321	Aarwangen	256	6.2
322	Auswil	9	1.9
323	Bannwil	16	2.4
324	Bleienbach	17	2.5
325	Busswil bei Melchnau	2	1.1
326	Gondiswil	15	2
328	Kleindietwil	24	4.8
329	Langenthal	932	6.4
330	Leimiswil	6	1.4
331	Lotzwil	119	5
332	Madiswil	70	3.3
333	Melchnau	23	1.5
334	Obersteckholz	11	2.9
335	Oeschenbach	6	2.2
336	Reisiswil	2	1.1
337	Roggwil (BE)	172	4.6
338	Rohrbach	49	3.5
339	Rohrbachgraben	9	2.1
340	Rütschelen	4	0.7
341	Schwarzhäusern	5	1.1
342	Thunstetten	222	7.5
343	Untersteckholz	3	1.9
344	Ursenbach	10	1.1
345	Wynau	122	7.6
351	Bern	6727	5.5
352	Bolligen	112	1.8
353	Bremgarten bei Bern	68	1.8
354	Kirchlindach	33	1.2
355	Köniz	1532	4.1
356	Muri bei Bern	316	2.5
357	Oberbalm	4	0.5
358	Stettlen	116	4
359	Vechigen	66	1.4
360	Wohlen bei Bern	326	3.6
361	Zollikofen	384	4
362	Ittigen	636	5.9
363	Ostermundigen	1324	8.9
371	Biel/Bienne	5410	11
372	Evilard	22	0.9
381	Arch	63	4
382	Büetigen	8	1
383	Büren an der Aare	145	4.5
384	Busswil bei Büren	108	5.5
385	Diessbach bei Büren	26	3.1
386	Dotzigen	55	4.2
387	Lengnau (BE)	318	7.1
388	Leuzigen	18	1.5
389	Meienried	0	0
390	Meinisberg	18	1.5
391	Oberwil bei Büren	7	0.9
392	Pieterlen	203	6.1
393	Rüti bei Büren	23	2.8
394	Wengi	3	0.5
401	Aefligen	37	3.6
402	Alchenstorf	12	2.2
403	Bäriswil	29	2.9
404	Burgdorf	804	5.4
405	Ersigen	19	1.3
406	Hasle bei Burgdorf	101	3.4
407	Heimiswil	23	1.4
408	Hellsau	1	0.6
409	Hindelbank	130	6.7
410	Höchstetten	1	0.4
411	Kernenried	4	0.9
412	Kirchberg (BE)	192	3.4
413	Koppigen	79	3.9
414	Krauchthal	77	3.3
415	Lyssach	47	3.3
416	Mötschwil	6	4.8
417	Niederösch	4	1.8
418	Oberburg	128	4.5
419	Oberösch	1	0.8
420	Rüdtligen-Alchenflüh	126	5.9
421	Rumendingen	1	1.2
422	Rüti bei Lyssach	2	1.3
423	Willadingen	1	0.5
424	Wynigen	43	2.1
431	Corgémont	31	2
432	Cormoret	4	0.8
433	Cortébert	27	3.7
434	Courtelary	42	3.5
435	La Ferrière	5	0.9
436	La Heutte	5	1
437	Mont-Tramelan	0	0
438	Orvin	13	1.1
439	Péry	52	4
440	Plagne	0	0
441	Renan (BE)	6	0.7
442	Romont (BE)	4	2.1
443	Saint-Imier	249	5.3
444	Sonceboz-Sombeval	20	1.1
445	Sonvilier	42	3.6
446	Tramelan	114	2.7
447	Vauffelin	16	3.8
448	Villeret	20	2.2
491	Brüttelen	18	3
492	Erlach	36	3.1
493	Finsterhennen	1	0.2
494	Gals	6	0.9
495	Gampelen	20	2.6
496	Ins	70	2.4
497	Lüscherz	0	0
498	Müntschemier	20	1.6
499	Siselen	5	0.8
500	Treiten	2	0.5
501	Tschugg	12	2.9
502	Vinelz	13	1.6
531	Ballmoos	0	0
532	Bangerten	1	0.6
533	Bätterkinden	65	2.3
534	Büren zum Hof	4	0.9
535	Deisswil bei Münchenbuchsee	1	1.1
536	Diemerswil	1	0.5
537	Etzelkofen	2	0.6
538	Fraubrunnen	35	2
539	Grafenried	6	0.6
540	Jegenstorf	138	3.3
541	Iffwil	2	0.5
542	Limpach	15	4.5
543	Mattstetten	4	0.7
544	Moosseedorf	205	5.9
545	Mülchi	0	0
546	Münchenbuchsee	465	4.8
547	Münchringen	3	0.5
548	Ruppoldsried	1	0.4
549	Schalunen	24	6.3
550	Scheunen	0	0
551	Urtenen-Schönbühl	378	7
552	Utzenstorf	149	3.8
553	Wiggiswil	1	1
554	Wiler bei Utzenstorf	8	1
555	Zauggenried	0	0
556	Zielebach	3	0.9
557	Zuzwil (BE)	2	0.4
561	Adelboden	31	0.9
562	Aeschi bei Spiez	38	1.9
563	Frutigen	141	2.1
564	Kandergrund	3	0.4
565	Kandersteg	14	1.2
566	Krattigen	10	1.1
567	Reichenbach im Kandertal	37	1.1
571	Beatenberg	29	2.5
572	Bönigen	74	3.1
573	Brienz (BE)	101	3.4
574	Brienzwiler	15	2.7
575	Därligen	14	3.7
576	Grindelwald	41	1.1
577	Gsteigwiler	12	3
578	Gündlischwand	0	0
579	Habkern	9	1.4
580	Hofstetten bei Brienz	7	1.2
581	Interlaken	237	4.5
582	Iseltwald	6	1.5
584	Lauterbrunnen	29	1.2
585	Leissigen	23	2.5
586	Lütschental	10	4
587	Matten bei Interlaken	139	3.9
588	Niederried bei Interlaken	16	4.4
589	Oberried am Brienzersee	11	2.3
590	Ringgenberg (BE)	127	4.8
591	Saxeten	0	0
592	Schwanden bei Brienz	10	1.7
593	Unterseen	193	3.6
594	Wilderswil	46	1.9
601	Aeschlen	6	1.9
602	Arni (BE)	3	0.3
603	Biglen	40	2.3
604	Bleiken bei Oberdiessbach	9	2.4
605	Bowil	16	1.1
606	Brenzikofen	25	4.8
607	Freimettigen	5	1.4
608	Grosshöchstetten	35	1.1
609	Häutligen	4	1.7
610	Herbligen	14	2.7
611	Kiesen	24	3.3
612	Konolfingen	137	2.9
613	Landiswil	17	2.7
614	Linden	27	2
615	Mirchel	8	1.5
616	Münsingen	539	4.9
617	Niederhünigen	7	1.1
619	Oberdiessbach	115	4.1
620	Oberthal	5	0.6
622	Oppligen	4	0.6
623	Rubigen	37	1.4
624	Schlosswil	3	0.4
625	Tägertschi	2	0.6
626	Walkringen	43	2.3
627	Worb	443	4
628	Zäziwil	21	1.3
629	Oberhünigen	13	3.9
630	Allmendingen	0	0
631	Trimstein	1	0.2
632	Wichtrach	73	1.8
661	Clavaleyres	0	0
662	Ferenbalm	2	0.2
663	Frauenkappelen	18	1.4
664	Golaten	0	0
665	Gurbrü	2	0.8
666	Kriechenwil	0	0
667	Laupen	34	1.2
668	Mühleberg	25	0.9
669	Münchenwiler	2	0.5
670	Neuenegg	151	3.3
671	Wileroltigen	3	0.8
681	Belprahon	1	0.3
682	Bévilard	–	–
683	Champoz	0	0
684	Châtelat	–	–
687	Corcelles (BE)	1	0.4
690	Court	–	–
691	Crémines	23	4.2
692	Eschert	11	3
694	Grandval	1	0.3
696	Loveresse	–	–
697	Malleray	39	2
699	Monible	–	–
700	Moutier	526	7
701	Perrefitte	17	3.4
702	Pontenet	2	1
703	Reconvilier	47	2.1
704	Roches (BE)	6	2.6
706	Saicourt	–	–
707	Saules (BE)	–	–
708	Schelten	1	2
709	Seehof	0	0
710	Sornetan	–	–
711	Sorvilier	–	–
712	Souboz	–	–
713	Tavannes	–	–
715	Rebévelier	0	0
721	Diesse	11	2.6
722	Lamboing	11	1.6
723	La Neuveville	126	3.7
724	Nods	1	0.1
725	Prêles	4	0.5
731	Aegerten	82	5
732	Bellmund	14	1
733	Brügg	391	9.8
734	Bühl	4	0.9
735	Epsach	0	0
736	Hagneck	3	0.7
737	Hermrigen	0	0
738	Jens	12	1.8
739	Ipsach	118	3.2
740	Ligerz	0	0
741	Merzligen	1	0.2
742	Mörigen	3	0.4
743	Nidau	687	10.3
744	Orpund	140	5.4
745	Port	60	1.9
746	Safnern	38	2.1
747	Scheuren	1	0.2
748	Schwadernau	7	1.1
749	Studen (BE)	106	4
750	Sutz-Lattrigen	9	0.7
751	Täuffelen	37	1.5
752	Tüscherz-Alfermée	1	0.3
753	Twann	0	0
754	Walperswil	11	1.2
755	Worben	79	3.5
761	Därstetten	27	3.2
762	Diemtigen	27	1.3
763	Erlenbach im Simmental	58	3.4
764	Niederstocken	11	3.9
765	Oberstocken	16	5.4
766	Oberwil im Simmental	16	1.9
767	Reutigen	22	2.4
768	Spiez	549	4.4
769	Wimmis	115	5
781	Gadmen	6	2.3
782	Guttannen	4	1.3
783	Hasliberg	7	0.6
784	Innertkirchen	17	1.9
785	Meiringen	122	2.7
786	Schattenhalb	7	1.1
791	Boltigen	27	1.9
792	Lenk	26	1.1
793	St. Stephan	18	1.3
794	Zweisimmen	18	0.6
841	Gsteig	15	1.6
842	Lauenen	4	0.5
843	Saanen	99	1.5
851	Albligen	17	3.6
852	Guggisberg	45	2.8
853	Rüschegg	47	2.8
854	Wahlern	211	3.4
861	Belp	349	3.6
862	Belpberg	2	0.5
863	Burgistein	9	0.8
865	Gelterfingen	4	1.6
866	Gerzensee	6	0.6
867	Gurzelen	2	0.3
868	Jaberg	0	0
869	Kaufdorf	17	1.8
870	Kehrsatz	231	6.2
871	Kienersrüti	0	0
872	Kirchdorf (BE)	13	1.5
873	Kirchenthurnen	3	1.1
874	Lohnstorf	2	0.9
875	Mühledorf (BE)	1	0.4
876	Mühlethurnen	12	0.9
877	Niedermuhlern	2	0.4
878	Noflen	1	0.4
879	Riggisberg	49	2.5
880	Rüeggisberg	37	2
881	Rümligen	4	0.9
882	Rüti bei Riggisberg	9	2.2
883	Seftigen	58	2.8
884	Toffen	44	1.8
885	Uttigen	57	3.2
886	Wattenwil	56	2.1
888	Wald (BE)	2	0.2
901	Eggiwil	52	2.1
902	Langnau im Emmental	268	3
903	Lauperswil	64	2.4
904	Röthenbach im Emmental	32	2.5
905	Rüderswil	76	3.3
906	Schangnau	20	2.2
907	Signau	83	3
908	Trub	26	1.7
909	Trubschachen	40	2.8
921	Amsoldingen	12	1.5
922	Blumenstein	32	2.7
923	Buchholterberg	16	1.1
924	Eriz	5	1
925	Fahrni	6	0.8
927	Heiligenschwendi	23	3.6
928	Heimberg	236	4
929	Hilterfingen	166	4.2
930	Höfen	19	4.9
931	Homberg	2	0.4
932	Horrenbach-Buchen	11	4.1
934	Oberhofen am Thunersee	95	4.1
935	Oberlangenegg	3	0.6
936	Pohlern	6	2.3
937	Schwendibach	3	1.2
938	Sigriswil	81	1.8
939	Steffisburg	505	3.3
940	Teuffenthal (BE)	1	0.5
941	Thierachern	47	2.2
942	Thun	2563	6.2
943	Uebeschi	12	1.7
944	Uetendorf	221	3.7
945	Unterlangenegg	16	1.7
946	Wachseldorn	4	1.7
947	Zwieselberg	8	3.1
948	Forst-Längenbühl	5	0.7
951	Affoltern im Emmental	40	3.5
952	Dürrenroth	9	0.9
953	Eriswil	35	2.4
954	Huttwil	154	3.3
955	Lützelflüh	159	3.9
956	Rüegsau	43	1.4
957	Sumiswald	148	2.9
958	Trachselwald	32	3.1
959	Walterswil (BE)	6	1.1
960	Wyssachen	8	0.7
971	Attiswil	27	2
972	Berken	0	0
973	Bettenhausen	16	3.2
974	Bollodingen	2	0.9
975	Farnern	2	0.9
976	Graben	14	4.5
977	Heimenhausen	6	1.4
978	Hermiswil	2	2.1
979	Herzogenbuchsee	343	6.2
980	Inkwil	9	1.4
981	Niederbipp	167	4.3
982	Niederönz	52	3.6
983	Oberbipp	50	3.3
984	Oberönz	35	3.8
985	Ochlenberg	5	0.8
986	Röthenbach bei Herzogenbuchsee	6	1.7
987	Rumisberg	6	1.2
988	Seeberg	22	1.6
989	Thörigen	30	3
990	Walliswil bei Niederbipp	4	1.7
991	Walliswil bei Wangen	6	1
992	Wangen an der Aare	99	5
993	Wangenried	9	2.3
994	Wanzwil	6	2.9
995	Wiedlisbach	87	4
996	Wolfisberg	4	2.1
1001	Doppleschwand	8	1.1
1002	Entlebuch	37	1.1
1003	Escholzmatt	26	0.8
1004	Flühli	16	0.9
1005	Hasle (LU)	17	1
1006	Marbach (LU)	24	2
1007	Romoos	1	0.1
1008	Schüpfheim	56	1.5
1009	Werthenstein	61	3.2
1021	Aesch (LU)	17	1.8
1022	Altwis	0	0
1023	Ballwil	5	0.2
1024	Emmen	1210	4.5
1025	Ermensee	15	1.8
1026	Eschenbach (LU)	21	0.6
1027	Gelfingen	0	0
1028	Hämikon	12	2.5
1030	Hitzkirch	47	2.1
1031	Hochdorf	118	1.5
1032	Hohenrain	15	0.6
1033	Inwil	12	0.6
1035	Mosen	2	0.7
1036	Müswangen	4	0.9
1037	Rain	19	0.9
1038	Retschwil	5	2.9
1039	Römerswil	6	0.4
1040	Rothenburg	59	0.9
1041	Schongau	5	0.6
1042	Sulz (LU)	0	0
1051	Adligenswil	56	1
1052	Buchrain	123	2.3
1053	Dierikon	29	2.3
1054	Ebikon	399	3.5
1055	Gisikon	16	1.8
1056	Greppen	17	1.9
1057	Honau	5	1.4
1058	Horw	412	3.3
1059	Kriens	874	3.4
1060	Littau	761	4.7
1061	Luzern	2204	3.8
1062	Malters	115	1.9
1063	Meggen	48	0.7
1064	Meierskappel	17	1.5
1065	Root	193	5
1066	Schwarzenberg	23	1.5
1067	Udligenswil	14	0.7
1068	Vitznau	17	1.4
1069	Weggis	41	1
1081	Beromünster	34	1.3
1082	Büron	21	1.1
1083	Buttisholz	24	0.8
1084	Eich	10	0.7
1085	Geuensee	29	1.4
1086	Grosswangen	102	3.6
1087	Gunzwil	12	0.6
1088	Hildisrieden	11	0.6
1089	Knutwil	9	0.5
1091	Mauensee	11	1
1092	Neudorf	14	1.3
1093	Neuenkirch	67	1.2
1094	Nottwil	32	1.1
1095	Oberkirch	23	0.7
1096	Pfeffikon	6	0.9
1097	Rickenbach (LU)	15	0.7
1098	Ruswil	59	0.9
1099	Schenkon	26	1
1100	Schlierbach	6	1
1102	Sempach	25	0.7
1103	Sursee	188	2.2
1104	Triengen	50	1.4
1106	Winikon	15	2
1107	Wolhusen	132	3.2
1121	Alberswil	2	0.4
1122	Altbüron	5	0.5
1123	Altishofen	15	1.1
1125	Dagmersellen	63	1.4
1126	Ebersecken	4	0.9
1127	Egolzwil	15	1.2
1128	Ettiswil	12	0.5
1129	Fischbach	16	2.2
1130	Gettnau	10	1
1131	Grossdietwil	0	0
1132	Hergiswil bei Willisau	45	2.5
1135	Luthern	7	0.5
1136	Menznau	35	1.3
1137	Nebikon	49	2.3
1138	Ohmstal	1	0.3
1139	Pfaffnau	30	1.4
1140	Reiden	129	2.2
1142	Roggliswil	5	0.8
1143	Schötz	44	1.3
1145	Ufhusen	17	2.1
1146	Wauwil	20	1.2
1147	Wikon	40	2.9
1150	Zell (LU)	25	1.3
1151	Willisau	107	1.5
1201	Altdorf (UR)	151	1.8
1202	Andermatt	0	0
1203	Attinghausen	4	0.3
1204	Bauen	0	0
1205	Bürglen (UR)	17	0.4
1206	Erstfeld	73	2
1207	Flüelen	34	1.8
1208	Göschenen	6	1.3
1209	Gurtnellen	11	1.7
1210	Hospental	0	0
1211	Isenthal	0	0
1212	Realp	0	0
1213	Schattdorf	78	1.6
1214	Seedorf (UR)	6	0.4
1215	Seelisberg	10	1.6
1216	Silenen	28	1.3
1217	Sisikon	4	1
1218	Spiringen	0	0
1219	Unterschächen	3	0.4
1220	Wassen	16	3.4
1301	Einsiedeln	305	2.3
1311	Gersau	23	1.2
1321	Feusisberg	36	0.8
1322	Freienbach	200	1.3
1323	Wollerau	107	1.6
1331	Küssnacht (SZ)	175	1.5
1341	Altendorf	100	1.8
1342	Galgenen	53	1.2
1343	Innerthal	1	0.6
1344	Lachen	161	2.3
1345	Reichenburg	49	1.7
1346	Schübelbach	224	2.9
1347	Tuggen	14	0.5
1348	Vorderthal	13	1.3
1349	Wangen (SZ)	81	1.8
1361	Alpthal	5	1
1362	Arth	159	1.6
1363	Illgau	6	0.8
1364	Ingenbohl	170	2.1
1365	Lauerz	3	0.3
1366	Morschach	8	0.9
1367	Muotathal	35	1
1368	Oberiberg	21	2.7
1369	Riemenstalden	1	1.3
1370	Rothenthurm	8	0.4
1371	Sattel	13	0.8
1372	Schwyz	237	1.7
1373	Steinen	18	0.6
1374	Steinerberg	6	0.7
1375	Unteriberg	31	1.3
1401	Alpnach	48	0.9
1402	Engelberg	23	0.6
1403	Giswil	54	1.6
1404	Kerns	46	0.9
1405	Lungern	12	0.6
1406	Sachseln	32	0.7
1407	Sarnen	163	1.7
1501	Beckenried	24	0.8
1502	Buochs	46	0.9
1503	Dallenwil	22	1.2
1504	Emmetten	5	0.4
1505	Ennetbürgen	28	0.7
1506	Ennetmoos	13	0.7
1507	Hergiswil (NW)	48	0.9
1508	Oberdorf (NW)	18	0.6
1509	Stans	69	0.9
1510	Stansstad	38	0.8
1511	Wolfenschiessen	14	0.7
1601	Betschwanden	5	2.6
1602	Bilten	67	3.4
1603	Braunwald	8	2.3
1605	Elm	2	0.3
1606	Engi	2	0.3
1607	Ennenda	42	1.6
1608	Filzbach	5	1
1609	Glarus	–	–
1610	Haslen	20	1.9
1613	Linthal	25	2.2
1614	Luchsingen	45	4
1615	Matt	1	0.3
1616	Mitlödi	19	1.8
1617	Mollis	10	0.3
1618	Mühlehorn	14	3.1
1619	Näfels	88	2.3
1620	Netstal	45	1.6
1622	Niederurnen	103	2.7
1623	Oberurnen	65	3.5
1624	Obstalden	5	1
1625	Riedern	–	–
1626	Rüti (GL)	0	0
1627	Schwanden (GL)	21	0.9
1628	Schwändi	0	0
1629	Sool	1	0.3
1701	Baar	504	2.4
1702	Cham	270	2
1703	Hünenberg	110	1.4
1704	Menzingen	58	1.4
1705	Neuheim	24	1.2
1706	Oberägeri	57	1.1
1707	Risch	181	2.2
1708	Steinhausen	169	2
1709	Unterägeri	124	1.6
1710	Walchwil	28	0.8
1711	Zug	483	1.9
2004	Bussy (FR)	0	0
2005	Châbles	6	1
2008	Châtillon (FR)	5	1.5
2009	Cheiry	2	0.6
2010	Cheyres	14	1.6
2011	Cugy (FR)	22	1.7
2013	Domdidier	29	1.3
2014	Dompierre (FR)	10	1.5
2015	Estavayer-le-Lac	120	2.6
2016	Fétigny	2	0.3
2017	Font	0	0
2022	Gletterens	1	0.1
2024	Léchelles	11	1.9
2025	Lully (FR)	8	1
2027	Ménières	1	0.3
2029	Montagny (FR)	9	0.5
2033	Morens (FR)	3	2.1
2034	Murist	5	1
2035	Nuvilly	3	0.9
2038	Prévondavaux	1	1.6
2039	Rueyres-les-Prés	0	0
2040	Russy	0	0
2041	Saint-Aubin (FR)	24	1.8
2043	Sévaz	1	0.5
2044	Surpierre	0	0
2045	Vallon	16	5.2
2047	Villeneuve (FR)	3	1.1
2049	Vuissens	0	0
2050	Les Montets	22	1.9
2051	Delley-Portalban	3	0.4
2052	Vernay	24	2.5
2061	Auboranges	4	1.6
2063	Billens-Hennens	14	2.3
2066	Chapelle (Glâne)	0	0
2067	Le Châtelard	2	0.6
2068	Châtonnaye	5	0.8
2072	Ecublens (FR)	1	0.4
2079	Grangettes	0	0
2086	Massonnens	3	0.7
2087	Mézières (FR)	3	0.3
2089	Montet (Glâne)	0	0
2096	Romont (FR)	121	2.9
2097	Rue	5	0.4
2099	Siviriez	17	0.9
2102	Ursy	19	1.2
2111	Villaz-Saint-Pierre	12	1.3
2112	Vuarmarens	3	0.5
2113	Vuisternens-devant-Romont	13	0.7
2114	Villorsonnens	6	0.5
2115	Torny	1	0.1
2116	La Folliaz	7	0.8
2121	Haut-Intyamon	26	1.8
2122	Pont-en-Ogoz	14	0.9
2123	Botterens	0	0
2124	Broc	65	3
2125	Bulle	550	3.4
2126	Cerniat (FR)	0	0
2127	Charmey	25	1.5
2128	Châtel-sur-Montsalvens	0	0
2129	Corbières	2	0.5
2130	Crésuz	0	0
2131	Echarlens	11	1.7
2134	Grandvillard	11	1.7
2135	Gruyères	23	1.4
2137	Hauteville	12	2.2
2138	Jaun	13	1.8
2140	Marsens	12	0.8
2143	Morlon	1	0.2
2145	Le Pâquier (FR)	14	1.3
2147	Pont-la-Ville	4	0.7
2148	Riaz	21	1.1
2149	La Roche	23	1.7
2152	Sâles	2	0.2
2153	Sorens	5	0.6
2155	Vaulruz	8	0.9
2159	Villarvolard	5	1.9
2160	Vuadens	29	1.6
2162	Bas-Intyamon	31	3
2171	Arconciel	4	0.6
2172	Autafond	0	0
2173	Autigny	3	0.5
2174	Avry	22	1.5
2175	Belfaux	72	3.1
2177	Chénens	8	1.3
2179	Chésopelloz	6	5.2
2183	Corminboeuf	21	1
2184	Corpataux-Magnedens	21	2.2
2185	Corserey	2	0.7
2186	Cottens (FR)	29	2.5
2189	Ependes (FR)	17	1.6
2192	Farvagny	113	5.9
2194	Ferpicloz	2	0.9
2196	Fribourg	1803	5.4
2197	Givisiez	44	1.7
2198	Granges-Paccot	81	3.7
2200	Grolley	32	2.1
2206	Marly	270	3.7
2208	Matran	24	1.7
2211	Neyruz (FR)	28	1.5
2213	Noréaz	1	0.2
2216	Pierrafortscha	0	0
2217	Ponthaux	4	0.7
2220	Le Mouret	39	1.4
2221	Prez-vers-Noréaz	4	0.5
2222	Rossens (FR)	19	1.6
2223	Le Glèbe	7	0.7
2225	Senèdes	0	0
2226	Treyvaux	18	1.3
2228	Villars-sur-Glâne	362	3.6
2230	Villarsel-sur-Marly	0	0
2231	Vuisternens-en-Ogoz	26	3.4
2233	Hauterive (FR)	62	3.1
2234	La Brillaz	6	0.4
2235	La Sonnaz	5	0.5
2243	Barberêche	6	1.2
2244	Büchslen	3	2
2250	Courgevaux	45	4
2251	Courlevon	7	2.5
2254	Courtepin	69	2.4
2257	Cressier (FR)	10	1.3
2258	Fräschels	0	0
2259	Galmiz	6	1
2260	Gempenach	4	1.3
2261	Greng	0	0
2262	Gurmels	36	1
2264	Jeuss	3	0.7
2265	Kerzers	78	1.8
2266	Kleinbösingen	2	0.3
2270	Lurtigen	0	0
2271	Meyriez	13	2.1
2272	Misery-Courtion	19	1.4
2274	Muntelier	2	0.2
2275	Murten	177	3
2276	Ried bei Kerzers	6	0.7
2277	Salvenach	2	0.4
2278	Ulmiz	8	2
2279	Villarepos	1	0.2
2280	Bas-Vully	16	0.9
2281	Haut-Vully	6	0.5
2283	Wallenried	2	0.5
2291	Alterswil	18	0.9
2292	Brünisried	5	0.9
2293	Düdingen	184	2.6
2294	Giffers	12	0.9
2295	Bösingen	45	1.4
2296	Heitenried	7	0.6
2298	Oberschrot	19	1.8
2299	Plaffeien	37	2
2300	Plasselb	8	0.8
2301	Rechthalten	6	0.6
2302	St. Antoni	14	0.7
2303	St. Silvester	15	1.6
2304	St. Ursen	25	2
2305	Schmitten (FR)	67	1.9
2306	Tafers	39	1.5
2307	Tentlingen	13	1.1
2308	Ueberstorf	11	0.5
2309	Wünnewil-Flamatt	166	3.3
2310	Zumholz	1	0.2
2321	Attalens	30	1.1
2323	Bossonnens	30	2.5
2325	Châtel-Saint-Denis	111	2.2
2328	Granges (Veveyse)	4	0.5
2333	Remaufens	12	1.5
2335	Saint-Martin (FR)	1	0.1
2336	Semsales	3	0.3
2337	Le Flon	0	0
2338	La Verrerie	0	0
2401	Egerkingen	93	3.3
2402	Härkingen	12	1
2403	Kestenholz	14	0.9
2404	Neuendorf	–	–
2405	Niederbuchsiten	7	0.7
2406	Oberbuchsiten	–	–
2407	Oensingen	137	2.9
2408	Wolfwil	–	–
2421	Aedermannsdorf	–	–
2422	Balsthal	–	–
2423	Gänsbrunnen	–	–
2424	Herbetswil	–	–
2425	Holderbank (SO)	–	–
2426	Laupersdorf	–	–
2427	Matzendorf	–	–
2428	Mümliswil-Ramiswil	–	–
2429	Welschenrohr	–	–
2441	Aetigkofen	–	–
2442	Aetingen	0	0
2443	Balm bei Messen	0	0
2444	Bibern (SO)	–	–
2445	Biezwil	3	0.9
2446	Brügglen	–	–
2447	Brunnenthal	2	1
2449	Gossliwil	–	–
2450	Hessigkofen	–	–
2452	Küttigkofen	–	–
2453	Kyburg-Buchegg	–	–
2454	Lüsslingen	–	–
2455	Lüterkofen-Ichertswil	–	–
2456	Lüterswil-Gächliwil	0	0
2457	Messen	–	–
2458	Mühledorf (SO)	–	–
2459	Nennigkofen	–	–
2460	Oberramsern	–	–
2461	Schnottwil	–	–
2462	Tscheppach	–	–
2463	Unterramsern	5	2.5
2471	Bättwil	–	–
2472	Büren (SO)	–	–
2473	Dornach	184	3
2474	Gempen	–	–
2475	Hochwald	–	–
2476	Hofstetten-Flüh	–	–
2477	Metzerlen-Mariastein	–	–
2478	Nuglar-St. Pantaleon	11	0.8
2479	Rodersdorf	–	–
2480	Seewen	–	–
2481	Witterswil	13	1
2491	Hauenstein-Ifenthal	–	–
2492	Kienberg	–	–
2493	Lostorf	28	0.8
2495	Niedergösgen	25	0.7
2497	Obergösgen	86	4.2
2498	Rohr (SO)	–	–
2499	Stüsslingen	–	–
2500	Trimbach	315	5.2
2501	Winznau	–	–
2502	Wisen (SO)	7	1.7
2503	Erlinsbach (SO)	–	–
2511	Aeschi (SO)	–	–
2513	Biberist	173	2.2
2514	Bolken	–	–
2516	Deitingen	–	–
2517	Derendingen	–	–
2518	Etziken	–	–
2519	Gerlafingen	188	3.9
2520	Halten	–	–
2521	Heinrichswil-Winistorf	–	–
2522	Hersiwil	–	–
2523	Horriwil	–	–
2524	Hüniken	–	–
2525	Kriegstetten	–	–
2526	Lohn-Ammannsegg	–	–
2527	Luterbach	73	2.3
2528	Obergerlafingen	18	1.6
2529	Oekingen	–	–
2530	Recherswil	–	–
2531	Steinhof	–	–
2532	Subingen	–	–
2534	Zuchwil	494	5.6
2541	Balm bei Günsberg	–	–
2542	Bellach	245	4.8
2543	Bettlach	93	1.9
2544	Feldbrunnen-St. Niklaus	–	–
2545	Flumenthal	–	–
2546	Grenchen	801	5.1
2547	Günsberg	–	–
2548	Hubersdorf	–	–
2549	Kammersrohr	–	–
2550	Langendorf	73	2.1
2551	Lommiswil	–	–
2552	Niederwil (SO)	3	0.8
2553	Oberdorf (SO)	–	–
2554	Riedholz	–	–
2555	Rüttenen	10	0.7
2556	Selzach	54	1.8
2571	Boningen	18	2.7
2572	Däniken	–	–
2573	Dulliken	132	2.8
2574	Eppenberg-Wöschnau	–	–
2575	Fulenbach	–	–
2576	Gretzenbach	51	2.1
2578	Gunzgen	–	–
2579	Hägendorf	118	2.7
2580	Kappel (SO)	–	–
2581	Olten	1028	6.2
2582	Rickenbach (SO)	–	–
2583	Schönenwerd	211	4.6
2584	Starrkirch-Wil	–	–
2585	Walterswil (SO)	–	–
2586	Wangen bei Olten	153	3.3
2601	Solothurn	703	4.6
2611	Bärschwil	–	–
2612	Beinwil (SO)	–	–
2613	Breitenbach	69	2.1
2614	Büsserach	31	1.7
2615	Erschwil	–	–
2616	Fehren	–	–
2617	Grindel	–	–
2618	Himmelried	–	–
2619	Kleinlützel	–	–
2620	Meltingen	–	–
2621	Nunningen	–	–
2622	Zullwil	23	4
2701	Basel	11483	7
2702	Bettingen	2	0.2
2703	Riehen	764	3.7
2761	Aesch (BL)	242	2.4
2762	Allschwil	639	3.5
2763	Arlesheim	234	2.6
2764	Biel-Benken	8	0.3
2765	Binningen	369	2.6
2766	Birsfelden	440	4.3
2767	Bottmingen	102	1.8
2768	Ettingen	133	2.8
2769	Münchenstein	374	3.2
2770	Muttenz	403	2.4
2771	Oberwil (BL)	253	2.5
2772	Pfeffingen	5	0.2
2773	Reinach (BL)	373	2
2774	Schönenbuch	1	0.1
2775	Therwil	147	1.6
2781	Blauen	0	0
2782	Brislach	12	0.8
2783	Burg im Leimental	3	1.3
2784	Dittingen	9	1.3
2785	Duggingen	13	1
2786	Grellingen	54	3.2
2787	Laufen	133	2.6
2788	Liesberg	10	0.9
2789	Nenzlingen	0	0
2790	Roggenburg	6	2.2
2791	Röschenz	19	1.1
2792	Wahlen	11	0.8
2793	Zwingen	57	2.7
2821	Arisdorf	16	1.1
2822	Augst	30	3.3
2823	Bubendorf	69	1.6
2824	Frenkendorf	223	3.7
2825	Füllinsdorf	135	3.1
2826	Giebenach	11	1.1
2827	Hersberg	2	0.7
2828	Lausen	133	2.8
2829	Liestal	576	4.4
2830	Lupsingen	20	1.5
2831	Pratteln	820	5.5
2832	Ramlinsburg	6	0.9
2833	Seltisberg	4	0.3
2834	Ziefen	36	2.4
2841	Anwil	2	0.4
2842	Böckten	7	0.9
2843	Buckten	14	2
2844	Buus	6	0.6
2845	Diepflingen	16	3
2846	Gelterkinden	171	3.1
2847	Häfelfingen	0	0
2848	Hemmiken	1	0.4
2849	Itingen	25	1.4
2850	Känerkinden	1	0.2
2851	Kilchberg (BL)	0	0
2852	Läufelfingen	6	0.5
2853	Maisprach	4	0.4
2854	Nusshof	1	0.5
2855	Oltingen	14	3.3
2856	Ormalingen	18	1
2857	Rickenbach (BL)	8	1.4
2858	Rothenfluh	5	0.7
2859	Rümlingen	20	5.8
2860	Rünenberg	7	0.9
2861	Sissach	86	1.5
2862	Tecknau	31	3.8
2863	Tenniken	1	0.1
2864	Thürnen	9	0.7
2865	Wenslingen	0	0
2866	Wintersingen	0	0
2867	Wittinsburg	0	0
2868	Zeglingen	0	0
2869	Zunzgen	19	0.8
2881	Arboldswil	1	0.2
2882	Bennwil	0	0
2883	Bretzwil	8	1
2884	Diegten	5	0.3
2885	Eptingen	10	1.8
2886	Hölstein	79	3.5
2887	Lampenberg	1	0.2
2888	Langenbruck	16	1.6
2889	Lauwil	2	0.6
2890	Liedertswil	1	0.7
2891	Niederdorf	66	3.8
2892	Oberdorf (BL)	53	2.3
2893	Reigoldswil	40	2.7
2894	Titterten	2	0.5
2895	Waldenburg	48	3.8
2901	Gächlingen	4	0.5
2902	Guntmadingen	0	0
2903	Löhningen	19	1.7
2904	Neunkirch	11	0.6
2911	Altdorf (SH)	0	0
2913	Bibern (SH)	0	0
2914	Büttenhardt	0	0
2915	Dörflingen	6	0.7
2916	Hofen	1	0.8
2917	Lohn (SH)	0	0
2918	Opfertshofen (SH)	0	0
2919	Stetten (SH)	3	0.3
2920	Thayngen	43	1
2931	Bargen (SH)	2	0.9
2932	Beringen	47	1.4
2933	Buchberg	1	0.1
2934	Hemmental	5	0.9
2936	Merishausen	7	1
2937	Neuhausen am Rheinfall	407	4.1
2938	Rüdlingen	2	0.3
2939	Schaffhausen	1069	3.2
2951	Beggingen	1	0.2
2952	Schleitheim	27	1.6
2953	Siblingen	1	0.1
2961	Buch (SH)	2	0.7
2962	Hemishofen	4	1
2963	Ramsen	23	1.8
2964	Stein am Rhein	62	2
2971	Hallau	31	1.5
2972	Oberhallau	4	1
2973	Trasadingen	4	0.7
2974	Wilchingen	13	0.8
3001	Herisau	418	2.7
3002	Hundwil	7	0.7
3003	Schönengrund	12	2.6
3004	Schwellbrunn	24	1.7
3005	Stein (AR)	10	0.8
3006	Urnäsch	28	1.2
3007	Waldstatt	26	1.5
3021	Bühler	28	1.7
3022	Gais	44	1.6
3023	Speicher	25	0.6
3024	Teufen (AR)	62	1.1
3025	Trogen	23	1.3
3031	Grub (AR)	8	0.8
3032	Heiden	41	1
3033	Lutzenberg	13	1.1
3034	Rehetobel	24	1.4
3035	Reute (AR)	17	2.5
3036	Wald (AR)	7	0.8
3037	Walzenhausen	23	1.1
3038	Wolfhalden	21	1.2
3101	Appenzell	190	3.3
3102	Gonten	0	0
3103	Rüte	0	0
3104	Schlatt-Haslen	0	0
3105	Schwende	0	0
3111	Oberegg	0	0
3201	Häggenschwil	7	0.6
3202	Muolen	9	0.8
3203	St. Gallen	3239	4.6
3204	Wittenbach	271	3.1
3211	Berg (SG)	4	0.5
3212	Eggersriet	9	0.4
3213	Goldach	155	1.7
3214	Mörschwil	14	0.4
3215	Rorschach	281	3.3
3216	Rorschacherberg	105	1.6
3217	Steinach	29	0.9
3218	Tübach	5	0.4
3219	Untereggen	0	0
3231	Au (SG)	155	2.3
3232	Balgach	33	0.8
3233	Berneck	44	1.3
3234	Diepoldsau	47	0.8
3235	Rheineck	51	1.6
3236	St. Margrethen	114	2.1
3237	Thal	69	1.2
3238	Widnau	203	2.5
3251	Altstätten	130	1.2
3252	Eichberg	2	0.2
3253	Marbach (SG)	43	2.3
3254	Oberriet (SG)	38	0.5
3255	Rebstein	87	2.1
3256	Rüthi (SG)	24	1.2
3271	Buchs (SG)	296	2.8
3272	Gams	28	0.9
3273	Grabs	48	0.7
3274	Sennwald	40	0.8
3275	Sevelen	64	1.5
3276	Wartau	102	2
3291	Bad Ragaz	–	–
3292	Flums	109	2.2
3293	Mels	144	1.8
3294	Pfäfers	20	1.3
3295	Quarten	62	2.3
3296	Sargans	77	1.5
3297	Vilters-Wangs	52	1.3
3298	Walenstadt	71	1.5
3311	Amden	25	1.6
3312	Benken (SG)	36	1.5
3313	Kaltbrunn	46	1.2
3314	Rieden	4	0.6
3315	Schänis	31	0.9
3316	Weesen	22	1.5
3331	Ernetschwil	6	0.4
3332	Eschenbach (SG)	84	1.6
3333	Goldingen	13	1.2
3334	Gommiswald	26	0.9
3337	St. Gallenkappel	3	0.2
3338	Schmerikon	55	1.6
3339	Uznach	142	2.6
3340	Rapperswil-Jona	469	1.8
3351	Alt St. Johann	5	0.4
3352	Ebnat-Kappel	64	1.3
3356	Stein (SG)	3	0.8
3357	Wildhaus	16	1.3
3358	Nesslau-Krummenau	43	1.3
3371	Brunnadern	39	4.4
3372	Hemberg	15	1.6
3373	Krinau	5	1.8
3374	Lichtensteig	49	2.5
3375	Oberhelfenschwil	22	1.6
3376	St. Peterzell	26	2.2
3377	Wattwil	435	5.3
3391	Bütschwil	–	–
3392	Kirchberg (SG)	137	1.7
3393	Lütisburg	17	1.2
3394	Mosnang	27	0.9
3401	Degersheim	–	–
3402	Flawil	234	2.4
3403	Ganterschwil	13	1.1
3405	Jonschwil	–	–
3406	Mogelsberg	49	2.2
3407	Oberuzwil	–	–
3408	Uzwil	221	1.8
3421	Bronschhofen	–	–
3422	Niederbüren	26	1.8
3423	Niederhelfenschwil	9	0.3
3424	Oberbüren	18	0.5
3425	Wil (SG)	465	2.7
3426	Zuzwil (SG)	37	0.8
3441	Andwil (SG)	9	0.5
3442	Gaiserwald	103	1.3
3443	Gossau (SG)	160	0.9
3444	Waldkirch	–	–
3501	Alvaschein	0	0
3502	Mon	0	0
3503	Mutten	0	0
3504	Stierva	–	–
3505	Tiefencastel	–	–
3506	Vaz/Obervaz	14	0.5
3511	Alvaneu	–	–
3512	Brienz/Brinzauls	0	0
3513	Lantsch/Lenz	–	–
3514	Schmitten (GR)	–	–
3515	Surava	–	–
3521	Bergün/Bravuogn	2	0.4
3522	Filisur	–	–
3523	Wiesen (GR)	–	–
3531	Bivio	–	–
3532	Cunter	–	–
3533	Marmorera	–	–
3534	Mulegns	0	0
3536	Riom-Parsonz	–	–
3538	Salouf	–	–
3539	Savognin	–	–
3540	Sur	1	1.1
3541	Tinizong-Rona	0	0
3551	Brusio	–	–
3561	Poschiavo	11	0.3
3571	Castrisch	0	0
3572	Falera	–	–
3573	Flond	4	1.9
3574	Ilanz	39	1.7
3575	Laax	–	–
3576	Ladir	–	–
3577	Luven	1	0.5
3578	Pitasch	0	0
3579	Riein	0	0
3580	Ruschein	–	–
3581	Sagogn	–	–
3582	Schluein	–	–
3583	Schnaus	–	–
3584	Sevgein	–	–
3586	Valendas	0	0
3587	Versam	–	–
3592	Cumbel	–	–
3593	Duvin	–	–
3594	Degen	–	–
3595	Lumbrein	–	–
3596	Morissen	–	–
3598	St. Martin	–	–
3599	Suraua	2	0.7
3600	Surcuolm	–	–
3603	Vals	–	–
3604	Vignogn	0	0
3605	Vella	1	0.2
3606	Vrin	0	0
3611	Andiast	–	–
3612	Obersaxen	–	–
3613	Pigniu	–	–
3614	Rueun	–	–
3615	Siat	0	0
3616	Waltensburg/Vuorz	–	–
3631	Almens	–	–
3632	Feldis/Veulden	0	0
3633	Fürstenau	–	–
3634	Paspels	–	–
3635	Pratval	–	–
3636	Rodels	5	1.9
3637	Rothenbrunnen	4	1.3
3638	Scharans	–	–
3639	Scheid	0	0
3640	Sils im Domleschg	–	–
3641	Trans	–	–
3642	Tumegl/Tomils	0	0
3651	Safien	–	–
3652	Tenna	0	0
3661	Cazis	34	2.2
3662	Flerden	–	–
3663	Masein	–	–
3664	Portein	–	–
3665	Präz	–	–
3666	Sarn	–	–
3667	Tartar	–	–
3668	Thusis	74	2.9
3669	Tschappina	0	0
3670	Urmein	0	0
3681	Avers	0	0
3691	Hinterrhein	0	0
3693	Nufenen	–	–
3694	Splügen	0	0
3695	Sufers	1	0.8
3701	Andeer	–	–
3702	Ausserferrera	–	–
3703	Casti-Wergenstein	–	–
3704	Clugin	0	0
3705	Donat	0	0
3706	Innerferrera	–	–
3707	Lohn (GR)	–	–
3708	Mathon	–	–
3710	Pignia	–	–
3711	Rongellen	–	–
3712	Zillis-Reischen	–	–
3721	Bonaduz	40	1.5
3722	Domat/Ems	170	2.5
3723	Rhäzüns	–	–
3731	Felsberg	21	1
3732	Flims	13	0.5
3733	Tamins	–	–
3734	Trin	–	–
3741	Ardez	–	–
3742	Guarda	–	–
3743	Lavin	0	0
3744	Susch	–	–
3745	Tarasp	–	–
3746	Zernez	–	–
3751	Ramosch	–	–
3752	Samnaun	–	–
3753	Tschlin	–	–
3761	Ftan	–	–
3762	Scuol	27	1.2
3763	Sent	1	0.1
3771	Bondo	–	–
3773	Castasegna	–	–
3774	Soglio	–	–
3775	Stampa	–	–
3776	Vicosoprano	–	–
3781	Bever	–	–
3782	Celerina/Schlarigna	–	–
3783	Madulain	–	–
3784	Pontresina	5	0.3
3785	La Punt-Chamues-ch	–	–
3786	Samedan	10	0.4
3787	St. Moritz	42	0.8
3788	S-chanf	6	0.9
3789	Sils im Engadin/Segl	–	–
3790	Silvaplana	6	0.6
3791	Zuoz	–	–
3801	Arvigo	–	–
3803	Braggio	0	0
3804	Buseno	0	0
3805	Castaneda	–	–
3806	Cauco	–	–
3808	Rossa	–	–
3810	Santa Maria in Calanca	5	5
3811	Selma	–	–
3821	Lostallo	–	–
3822	Mesocco	–	–
3823	Soazza	–	–
3831	Cama	–	–
3832	Grono	–	–
3833	Leggia	0	0
3834	Roveredo (GR)	16	0.7
3835	San Vittore	–	–
3836	Verdabbio	0	0
3841	Fuldera	–	–
3842	Lü	–	–
3843	Müstair	–	–
3844	Sta. Maria Val Müstair	–	–
3845	Tschierv	1	0.6
3846	Valchava	1	0.5
3851	Davos	230	2.1
3861	Fideris	2	0.3
3862	Furna	0	0
3863	Jenaz	3	0.3
3871	Klosters-Serneus	15	0.4
3881	Conters im Prättigau	–	–
3882	Küblis	–	–
3883	Saas	5	0.6
3891	Luzein	–	–
3893	St. Antönien	0	0
3901	Chur	1109	3.4
3911	Churwalden	24	2
3912	Malix	1	0.1
3913	Parpan	0	0
3914	Praden	4	3.6
3915	Tschiertschen	–	–
3921	Arosa	17	0.7
3922	Calfreisen	0	0
3923	Castiel	1	0.8
3924	Langwies	–	–
3925	Lüen	0	0
3926	Maladers	0	0
3927	Molinis	0	0
3928	Pagig	–	–
3929	Peist	–	–
3930	St. Peter	–	–
3941	Haldenstein	–	–
3942	Igis	161	2.3
3943	Mastrils	17	3.1
3944	Says	–	–
3945	Trimmis	32	1.1
3946	Untervaz	24	1.1
3947	Zizers	41	1.3
3951	Fläsch	–	–
3952	Jenins	–	–
3953	Maienfeld	6	0.2
3954	Malans	14	0.7
3961	Grüsch	–	–
3962	Schiers	25	1
3971	Fanas	0	0
3972	Seewis im Prättigau	–	–
3973	Valzeina	3	2.3
3981	Breil/Brigels	–	–
3982	Disentis/Mustér	5	0.2
3983	Medel (Lucmagn)	0	0
3984	Schlans	–	–
3985	Sumvitg	9	0.7
3986	Tujetsch	–	–
3987	Trun	–	–
4001	Aarau	530	3.4
4002	Biberstein	7	0.6
4003	Buchs (AG)	131	2.1
4004	Densbüren	10	1.4
4005	Erlinsbach (AG)	123	3.5
4006	Gränichen	79	1.2
4007	Hirschthal	11	0.8
4008	Küttigen	86	1.6
4009	Muhen	30	0.9
4010	Oberentfelden	295	4.1
4011	Rohr (AG)	104	3.7
4012	Suhr	250	2.7
4013	Unterentfelden	103	2.8
4021	Baden	186	1.1
4022	Bellikon	2	0.1
4023	Bergdietikon	13	0.6
4024	Birmenstorf (AG)	10	0.4
4026	Ennetbaden	38	1.3
4027	Fislisbach	86	1.8
4028	Freienwil	5	0.6
4029	Gebenstorf	72	1.6
4030	Killwangen	41	2.4
4031	Künten	11	0.7
4032	Mägenwil	38	2.1
4033	Mellingen	115	2.6
4034	Neuenhof	347	4.5
4035	Niederrohrdorf	19	0.7
4037	Oberrohrdorf	24	0.7
4038	Obersiggenthal	221	2.8
4039	Remetschwil	20	1
4040	Spreitenbach	518	5.1
4041	Stetten (AG)	22	1.5
4042	Turgi	118	4.3
4044	Untersiggenthal	127	2
4045	Wettingen	616	3.3
4046	Wohlenschwil	10	0.8
4047	Würenlingen	55	1.5
4048	Würenlos	54	1
4049	Ehrendingen	68	1.8
4061	Arni (AG)	10	0.6
4062	Berikon	57	1.3
4063	Bremgarten (AG)	148	2.4
4064	Büttikon	5	0.6
4065	Dottikon	40	1.3
4066	Eggenwil	4	0.5
4067	Fischbach-Göslikon	12	0.9
4068	Hägglingen	21	1
4069	Hermetschwil-Staffeln	14	1.3
4070	Hilfikon	4	1.7
4071	Jonen	16	0.9
4072	Niederwil (AG)	33	1.4
4073	Oberlunkhofen	8	0.5
4074	Oberwil-Lieli	–	–
4075	Rudolfstetten-Friedlisberg	47	1.2
4076	Sarmenstorf	51	2.2
4077	Tägerig	35	2.7
4078	Uezwil	2	0.6
4079	Unterlunkhofen	8	0.7
4080	Villmergen	123	2.3
4081	Widen	16	0.4
4082	Wohlen (AG)	440	3.1
4083	Zufikon	76	2
4084	Islisberg	0	0
4091	Auenstein	8	0.6
4092	Birr	126	3.3
4093	Birrhard	5	0.8
4094	Bözen	18	2.7
4095	Brugg	249	2.7
4096	Effingen	5	0.8
4097	Elfingen	2	0.8
4098	Gallenkirch	0	0
4099	Habsburg	1	0.3
4100	Hausen (AG)	35	1.3
4101	Hottwil	6	2.3
4103	Linn	0	0
4104	Lupfig	19	1
4105	Mandach	0	0
4106	Mönthal	0	0
4107	Mülligen	12	1.4
4108	Oberbözberg	1	0.2
4109	Oberflachs	2	0.4
4110	Remigen	9	0.9
4111	Riniken	30	2.2
4112	Rüfenach	4	0.5
4113	Scherz	9	1.6
4114	Schinznach-Bad	35	2.8
4115	Schinznach-Dorf	23	1.4
4117	Thalheim (AG)	1	0.1
4118	Umiken	19	1.8
4119	Unterbözberg	4	0.6
4120	Veltheim (AG)	14	1
4121	Villigen	17	0.9
4122	Villnachern	28	2
4123	Windisch	241	3.6
4131	Beinwil am See	34	1.3
4132	Birrwil	9	1
4133	Burg (AG)	26	2.7
4134	Dürrenäsch	13	1.2
4135	Gontenschwil	43	2.1
4136	Holziken	8	0.7
4137	Leimbach (AG)	6	1.5
4138	Leutwil	6	0.8
4139	Menziken	115	2.1
4140	Oberkulm	49	2.1
4141	Reinach (AG)	193	2.5
4142	Schlossrued	3	0.3
4143	Schmiedrued	14	1.2
4144	Schöftland	20	0.6
4145	Teufenthal (AG)	34	2.2
4146	Unterkulm	97	3.4
4147	Zetzwil	13	1.1
4161	Eiken	42	2.2
4162	Etzgen	6	1.4
4163	Frick	126	2.8
4164	Gansingen	12	1.3
4165	Gipf-Oberfrick	23	0.7
4166	Herznach	8	0.7
4167	Hornussen	9	1.1
4168	Ittenthal	0	0
4169	Kaisten	21	0.9
4170	Laufenburg	83	4.1
4171	Mettau	6	1.9
4172	Münchwilen (AG)	9	1.4
4173	Oberhof	7	1.2
4174	Oberhofen (AG)	8	2.8
4175	Oeschgen	4	0.5
4176	Schwaderloch	4	0.6
4177	Sisseln	23	1.7
4178	Sulz (AG)	12	1
4179	Ueken	4	0.5
4180	Wil (AG)	2	0.3
4181	Wittnau	7	0.6
4182	Wölflinswil	6	0.7
4183	Zeihen	2	0.2
4191	Ammerswil	3	0.5
4192	Boniswil	23	1.6
4193	Brunegg	0	0
4194	Dintikon	8	0.6
4195	Egliswil	12	0.9
4196	Fahrwangen	31	1.8
4197	Hallwil	6	0.8
4198	Hendschiken	5	0.5
4199	Holderbank (AG)	11	1.3
4200	Hunzenschwil	52	1.8
4201	Lenzburg	192	2.5
4202	Meisterschwanden	39	1.7
4203	Möriken-Wildegg	45	1.2
4204	Niederlenz	69	1.7
4205	Othmarsingen	26	1.2
4206	Rupperswil	47	1.2
4207	Schafisheim	13	0.5
4208	Seengen	18	0.6
4209	Seon	38	0.8
4210	Staufen	17	0.7
4221	Abtwil	5	0.7
4222	Aristau	19	1.5
4223	Auw	3	0.2
4224	Beinwil (Freiamt)	9	0.9
4225	Benzenschwil	9	1.7
4226	Besenbüren	4	0.7
4227	Bettwil	4	0.7
4228	Boswil	38	1.7
4229	Bünzen	14	1.5
4230	Buttwil	7	0.6
4231	Dietwil	6	0.6
4232	Geltwil	0	0
4233	Kallern	0	0
4234	Merenschwand	20	0.8
4235	Mühlau	4	0.4
4236	Muri (AG)	133	2
4237	Oberrüti	16	1.3
4238	Rottenschwil	9	1.1
4239	Sins	24	0.7
4240	Waltenschwil	11	0.5
4251	Hellikon	1	0.1
4252	Kaiseraugst	128	2.7
4253	Magden	20	0.6
4254	Möhlin	123	1.4
4255	Mumpf	28	2.3
4256	Obermumpf	6	0.6
4257	Olsberg	0	0
4258	Rheinfelden	412	3.8
4259	Schupfart	12	1.6
4260	Stein (AG)	72	2.7
4261	Wallbach	10	0.6
4262	Wegenstetten	6	0.6
4263	Zeiningen	23	1.1
4264	Zuzgen	4	0.5
4271	Aarburg	284	4.3
4272	Attelwil	0	0
4273	Bottenwil	4	0.5
4274	Brittnau	40	1.1
4275	Kirchleerau	3	0.4
4276	Kölliken	73	1.8
4277	Moosleerau	0	0
4279	Murgenthal	45	1.6
4280	Oftringen	355	3.3
4281	Reitnau	0	0
4282	Rothrist	153	2.1
4283	Safenwil	89	2.9
4284	Staffelbach	4	0.4
4285	Strengelbach	95	2.2
4286	Uerkheim	18	1.4
4287	Vordemwald	2	0.1
4288	Wiliberg	0	0
4289	Zofingen	240	2.3
4301	Baldingen	0	0
4302	Böbikon	1	0.5
4303	Böttstein	134	3.6
4304	Döttingen	116	3.4
4305	Endingen	15	0.8
4306	Fisibach	7	1.8
4307	Full-Reuenthal	6	0.7
4308	Kaiserstuhl	10	2.5
4309	Klingnau	54	1.9
4310	Koblenz	53	3.4
4311	Leibstadt	32	2.5
4312	Lengnau (AG)	37	1.5
4313	Leuggern	22	1.1
4314	Mellikon	3	1.2
4315	Rekingen (AG)	19	2
4316	Rietheim	14	2.1
4317	Rümikon	3	1.5
4318	Schneisingen	11	0.9
4319	Siglistorf	15	2.6
4320	Tegerfelden	10	1
4321	Unterendingen	4	1.1
4322	Wislikofen	8	2.4
4323	Bad Zurzach	94	2.4
4401	Arbon	476	3.6
4406	Dozwil	2	0.4
4411	Egnach	32	0.7
4416	Hefenhofen	14	1.2
4421	Horn	15	0.6
4426	Kesswil	18	1.9
4431	Roggwil (TG)	–	–
4436	Romanshorn	259	2.8
4441	Salmsach	40	3.1
4446	Sommeri	4	0.8
4451	Uttwil	7	0.5
4461	Amriswil	152	1.3
4471	Bischofszell	154	2.8
4476	Erlen	51	1.7
4486	Hauptwil-Gottshaus	–	–
4495	Hohentannen	–	–
4501	Kradolf-Schönenberg	48	1.5
4506	Sulgen	63	1.9
4511	Zihlschlacht-Sitterdorf	–	–
4536	Basadingen-Schlattingen	13	0.8
4545	Diessenhofen	69	2.1
4546	Schlatt (TG)	0	0
4551	Aadorf	126	1.7
4561	Felben-Wellhausen	–	–
4566	Frauenfeld	627	2.8
4571	Gachnang	–	–
4590	Hüttlingen	–	–
4591	Matzingen	–	–
4601	Neunforn	–	–
4606	Stettfurt	6	0.5
4611	Thundorf	–	–
4616	Uesslingen-Buch	3	0.3
4621	Warth-Weiningen	6	0.5
4641	Altnau	–	–
4643	Bottighofen	–	–
4646	Ermatingen	33	1.2
4651	Gottlieben	0	0
4656	Güttingen	–	–
4666	Kemmental	–	–
4671	Kreuzlingen	679	3.8
4681	Langrickenbach	–	–
4683	Lengwil	–	–
4691	Münsterlingen	28	1.1
4696	Tägerwilen	42	1.2
4701	Wäldi	–	–
4711	Affeltrangen	–	–
4716	Bettwiesen	12	1.1
4721	Bichelsee-Balterswil	9	0.4
4723	Braunau	–	–
4724	Eschlikon	70	1.9
4726	Fischingen	27	1
4741	Lommis	–	–
4746	Münchwilen (TG)	81	1.8
4751	Rickenbach (TG)	0	0
4756	Schönholzerswilen	–	–
4761	Sirnach	67	1
4776	Tobel-Tägerschen	–	–
4781	Wängi	19	0.5
4786	Wilen (TG)	0	0
4791	Wuppenau	1	0.1
4801	Berlingen	13	1.6
4806	Eschenz	27	1.7
4811	Herdern	–	–
4816	Homburg	0	0
4821	Hüttwilen	13	0.9
4826	Mammern	6	1.1
4831	Müllheim	20	0.8
4841	Pfyn	0	0
4846	Raperswilen	–	–
4851	Salenstein	15	1.3
4864	Steckborn	179	5.3
4871	Wagenhausen	42	2.7
4881	Amlikon-Bissegg	8	0.7
4891	Berg (TG)	–	–
4901	Birwinken	–	–
4911	Bürglen (TG)	23	0.7
4921	Bussnang	25	1.2
4941	Märstetten	29	1.2
4946	Weinfelden	96	1
4951	Wigoltingen	–	–
5001	Arbedo-Castione	82	2.1
5002	Bellinzona	612	3.6
5003	Cadenazzo	35	1.7
5004	Camorino	43	1.7
5005	Giubiasco	164	2.1
5006	Gnosca	1	0.2
5007	Gorduno	6	0.9
5008	Gudo	7	0.9
5009	Isone	2	0.5
5010	Lumino	13	1
5011	Medeglia	1	0.3
5012	Moleno	0	0
5013	Monte Carasso	36	1.5
5014	Pianezzo	6	1.1
5015	Preonzo	11	1.9
5017	Sant'Antonino	18	0.8
5018	Sant'Antonio	1	0.5
5019	Sementina	44	1.5
5040	Ludiano	6	1.6
5041	Malvaglia	12	0.9
5046	Semione	3	0.9
5048	Acquarossa	31	1.7
5049	Blenio	7	0.4
5061	Airolo	10	0.6
5062	Anzonico	0	0
5063	Bedretto	0	0
5064	Bodio	37	3.5
5066	Calpiogna	0	0
5067	Campello	0	0
5068	Cavagnago	0	0
5070	Chironico	2	0.5
5071	Dalpe	2	1.2
5072	Faido	21	1
5073	Giornico	15	1.6
5074	Mairengo	1	0.2
5075	Osco	0	0
5076	Personico	5	1.4
5077	Pollegio	17	1.7
5078	Prato (Leventina)	5	1.1
5079	Quinto	9	0.8
5081	Sobrio	2	2.6
5091	Ascona	80	1.5
5094	Borgnone	1	0.9
5095	Brione (Verzasca)	1	0.5
5096	Brione sopra Minusio	11	2
5097	Brissago	15	0.8
5098	Caviano	2	1.7
5099	Cavigliano	0	0
5101	Contone	15	2
5102	Corippo	0	0
5104	Cugnasco	8	0.6
5105	Frasco	0	0
5106	Gerra (Gambarogno)	4	1.4
5107	Gerra (Verzasca)	15	1.2
5108	Gordola	45	1
5109	Gresso	0	0
5110	Indemini	0	0
5111	Intragna	10	1.1
5112	Lavertezzo	17	1.4
5113	Locarno	479	3.3
5115	Losone	81	1.3
5116	Magadino	21	1.3
5117	Mergoscia	6	2.8
5118	Minusio	129	1.9
5119	Mosogno	1	1.7
5120	Muralto	82	3
5121	Orselina	11	1.4
5122	Palagnedra	1	0.9
5123	Piazzogna	2	0.5
5125	Ronco sopra Ascona	8	1.2
5127	San Nazzaro	18	2.5
5128	Sant'Abbondio	0	0
5129	Sonogno	0	0
5130	Tegna	2	0.3
5131	Tenero-Contra	79	3.3
5132	Vergeletto	1	1.5
5133	Verscio	9	0.9
5134	Vira (Gambarogno)	1	0.2
5135	Vogorno	1	0.3
5136	Onsernone	11	3.7
5137	Isorno	2	0.6
5141	Agno	81	2.1
5143	Aranno	1	0.3
5144	Arogno	2	0.2
5146	Astano	4	1.3
5147	Barbengo	24	1.3
5148	Bedano	7	0.5
5149	Bedigliora	8	1.3
5150	Bidogno	3	0.9
5151	Bioggio	19	0.8
5153	Bironico	13	2.1
5154	Bissone	8	1
5155	Bogno	2	1.7
5160	Brusino Arsizio	6	1.3
5161	Cademario	6	0.9
5162	Cadempino	33	2.4
5163	Cadro	4	0.2
5165	Camignolo	4	0.6
5167	Canobbio	27	1.5
5168	Carabbia	0	0
5169	Carabietta	6	5.1
5170	Carona	6	0.8
5171	Caslano	78	2
5173	Certara	1	1.8
5174	Cimadera	3	2.8
5176	Comano	3	0.2
5177	Corticiasca	0	0
5178	Croglio	19	2.3
5180	Cureglia	2	0.2
5181	Curio	3	0.5
5186	Grancia	4	0.9
5187	Gravesano	8	0.7
5188	Iseo	0	0
5189	Lamone	33	2.1
5191	Lugaggia	2	0.2
5192	Lugano	1546	3.1
5193	Magliaso	21	1.5
5194	Manno	5	0.4
5195	Maroggia	18	3.1
5196	Massagno	179	3.2
5197	Melano	25	2
5198	Melide	15	0.9
5199	Mezzovico-Vira	13	1.2
5200	Miglieglia	10	3.7
5202	Monteggio	15	1.8
5203	Morcote	1	0.1
5205	Muzzano	9	1.1
5206	Neggio	1	0.3
5207	Novaggio	18	2.2
5208	Origlio	12	0.9
5210	Paradiso	149	4.3
5212	Ponte Capriasca	11	0.7
5213	Ponte Tresa	23	2.9
5214	Porza	13	0.9
5216	Pura	7	0.6
5217	Rivera	29	1.9
5219	Rovio	9	1.2
5221	Savosa	44	2.1
5222	Sessa	9	1.4
5223	Sigirino	2	0.4
5224	Sonvico	12	0.7
5225	Sorengo	8	0.5
5226	Capriasca	63	1.4
5227	Torricella-Taverne	36	1.2
5229	Valcolla	19	3.1
5230	Vernate	4	0.9
5231	Vezia	23	1.3
5233	Vico Morcote	4	1.3
5235	Villa Luganese	1	0.2
5236	Collina d'Oro	13	0.3
5237	Alto Malcantone	32	2.5
5241	Arzo	8	0.7
5242	Balerna	93	2.7
5243	Besazio	1	0.2
5244	Bruzella	1	0.5
5245	Cabbio	1	0.5
5246	Caneggio	6	1.8
5247	Capolago	14	1.9
5249	Castel San Pietro	6	0.3
5250	Chiasso	339	4.4
5251	Coldrerio	23	0.9
5252	Genestrerio	5	0.6
5253	Ligornetto	19	1.2
5254	Mendrisio	154	2.3
5255	Meride	4	1.3
5257	Morbio Inferiore	109	2.5
5258	Morbio Superiore	3	0.4
5259	Muggio	3	1.4
5260	Novazzano	46	1.9
5262	Rancate	14	1
5263	Riva San Vitale	29	1.2
5264	Sagno	2	0.7
5266	Stabio	74	1.8
5267	Tremona	1	0.2
5268	Vacallo	46	1.6
5281	Biasca	150	2.5
5282	Claro	34	1.4
5283	Cresciano	11	1.9
5284	Iragna	11	2.1
5285	Lodrino	15	0.9
5286	Osogna	13	1.3
5302	Avegno	10	1.8
5304	Bosco/Gurin	0	0
5307	Campo (Vallemaggia)	0	0
5309	Cerentino	0	0
5310	Cevio	9	0.7
5314	Gordevio	10	1.2
5315	Linescio	1	2.3
5317	Maggia	28	1.2
5323	Lavizzara	4	0.7
5401	Aigle	440	5.4
5402	Bex	359	6
5403	Chessel	10	2.9
5404	Corbeyrier	3	0.8
5405	Gryon	12	1
5406	Lavey-Morcles	19	2.4
5407	Leysin	67	1.9
5408	Noville	14	2.1
5409	Ollon	63	0.9
5410	Ormont-Dessous	45	4.4
5411	Ormont-Dessus	7	0.5
5412	Rennaz	22	3.7
5413	Roche (VD)	35	3.9
5414	Villeneuve (VD)	233	5.3
5415	Yvorne	5	0.6
5421	Apples	14	1.2
5422	Aubonne	39	1.5
5423	Ballens	5	1.2
5424	Berolle	5	2.1
5425	Bière	61	4.4
5426	Bougy-Villars	7	1.6
5427	Féchy	7	1
5428	Gimel	26	1.8
5429	Longirod	3	0.8
5430	Marchissy	17	4.5
5431	Mollens (VD)	4	1.4
5432	Montherod	13	2.8
5433	Pizy	0	0
5434	Saint-George	10	1.3
5435	Saint-Livres	17	3
5436	Saint-Oyens	2	0.7
5437	Saubraz	8	2.9
5451	Avenches	148	5.4
5452	Bellerive (VD)	12	2.1
5453	Chabrey	0	0
5455	Constantine	0	0
5456	Cudrefin	29	2.8
5458	Faoug	6	0.9
5459	Montmagny	2	1.2
5460	Mur (VD)	0	0
5461	Oleyres	4	1.8
5462	Vallamand	0	0
5463	Villars-le-Grand	7	2.3
5471	Bettens	5	1.6
5472	Bournens	1	0.4
5473	Boussens	5	0.7
5474	La Chaux (Cossonay)	6	1.6
5475	Chavannes-le-Veyron	0	0
5476	Chevilly	3	1.3
5477	Cossonay	110	3.5
5478	Cottens (VD)	0	0
5479	Cuarnens	15	3.7
5480	Daillens	5	0.7
5481	Dizy	9	4.2
5482	Eclépens	6	0.6
5483	Ferreyres	3	1.2
5484	Gollion	6	1
5485	Grancy	1	0.3
5486	L'Isle	9	1
5487	Lussery-Villars	4	1.2
5488	Mauraz	0	0
5489	Mex (VD)	0	0
5490	Moiry	0	0
5491	Mont-la-Ville	5	1.5
5492	Montricher	9	1.2
5493	Orny	13	3.5
5494	Pampigny	11	1.2
5495	Penthalaz	67	2.9
5496	Penthaz	24	1.8
5497	Pompaples	37	5.5
5498	La Sarraz	61	3.5
5499	Senarclens	1	0.3
5500	Sévery	6	2.9
5501	Sullens	22	2.5
5503	Vufflens-la-Ville	20	1.9
5511	Assens	12	1.4
5512	Bercher	20	1.9
5513	Bioley-Orjulaz	4	1.2
5514	Bottens	12	1.2
5515	Bretigny-sur-Morrens	5	0.7
5516	Cugy (VD)	34	1.6
5517	Dommartin	11	4.1
5518	Echallens	110	2.2
5519	Eclagnens	0	0
5520	Essertines-sur-Yverdon	11	1.5
5521	Etagnières	14	1.7
5522	Fey	8	1.6
5523	Froideville	23	1.5
5524	Goumoens-la-Ville	15	2.3
5525	Goumoens-le-Jux	0	0
5526	Malapalud	5	6.8
5527	Morrens (VD)	10	1
5528	Naz	1	1
5529	Oulens-sous-Echallens	3	0.7
5530	Pailly	2	0.5
5531	Penthéréaz	1	0.3
5532	Poliez-le-Grand	7	1.2
5533	Poliez-Pittet	8	1.3
5534	Rueyres	1	0.5
5535	Saint-Barthélemy (VD)	7	1.1
5536	Sugnens	4	1.5
5537	Villars-le-Terroir	7	0.9
5538	Villars-Tiercelin	12	3.2
5539	Vuarrens	5	0.8
5551	Bonvillars	6	1.4
5552	Bullet	6	1.1
5553	Champagne	16	2.2
5554	Concise	14	2
5555	Corcelles-près-Concise	6	2.1
5556	Fiez	7	1.9
5557	Fontaines-sur-Grandson	4	3
5558	Fontanezier	0	0
5559	Giez	3	0.8
5560	Grandevent	1	0.6
5561	Grandson	111	3.8
5562	Mauborget	0	0
5563	Mutrux	3	2.2
5564	Novalles	1	1.1
5565	Onnens (VD)	1	0.2
5566	Provence	9	2.4
5567	Romairon	4	9.3
5568	Sainte-Croix	327	7.6
5569	Vaugondry	5	12.5
5570	Villars-Burquin	6	1.2
5581	Belmont-sur-Lausanne	38	1.2
5582	Cheseaux-sur-Lausanne	62	1.9
5583	Crissier	330	4.8
5584	Epalinges	161	2
5585	Jouxtens-Mézery	3	0.2
5586	Lausanne	11747	10
5587	Le Mont-sur-Lausanne	68	1.3
5588	Paudex	41	3
5589	Prilly	728	6.7
5590	Pully	382	2.3
5591	Renens (VD)	1596	8.7
5592	Romanel-sur-Lausanne	102	3.2
5601	Chexbres	43	2.2
5602	Cully	28	1.6
5603	Epesses	10	3
5604	Forel (Lavaux)	21	1.2
5605	Grandvaux	21	1.1
5606	Lutry	109	1.2
5607	Puidoux	93	3.9
5608	Riex	2	0.7
5609	Rivaz	4	1.1
5610	Saint-Saphorin (Lavaux)	4	1.1
5611	Savigny	58	1.8
5612	Villette (Lavaux)	2	0.3
5621	Aclens	4	1
5622	Bremblens	2	0.5
5623	Buchillon	10	1.7
5624	Bussigny-près-Lausanne	251	3.3
5625	Bussy-Chardonney	2	0.6
5627	Chavannes-près-Renens	443	7.3
5628	Chigny	11	4.1
5629	Clarmont	1	0.7
5630	Colombier (VD)	1	0.2
5631	Denens	4	0.6
5632	Denges	31	2.1
5633	Echandens	26	1.3
5634	Echichens	2	0.2
5635	Ecublens (VD)	443	4.3
5636	Etoy	52	2.1
5637	Lavigny	8	1
5638	Lonay	38	1.7
5639	Lully (VD)	9	1.2
5640	Lussy-sur-Morges	0	0
5641	Monnaz	4	1
5642	Morges	735	5.2
5643	Préverenges	123	2.7
5644	Reverolle	10	2.9
5645	Romanel-sur-Morges	6	1.3
5646	Saint-Prex	129	2.7
5647	Saint-Saphorin-sur-Morges	6	1.5
5648	Saint-Sulpice (VD)	22	0.8
5649	Tolochenaz	71	4.2
5650	Vaux-sur-Morges	0	0
5651	Villars-Sainte-Croix	3	0.5
5652	Villars-sous-Yens	4	0.7
5653	Vufflens-le-Château	6	0.9
5654	Vullierens	5	1.2
5655	Yens	11	1.1
5661	Boulens	3	1.2
5662	Brenles	1	0.6
5663	Bussy-sur-Moudon	5	2.8
5664	Chapelle-sur-Moudon	8	2.1
5665	Chavannes-sur-Moudon	4	1.9
5666	Chesalles-sur-Moudon	0	0
5667	Correvon	1	1
5668	Cremin	0	0
5669	Curtilles	2	0.7
5670	Denezy	7	5.3
5671	Dompierre (VD)	1	0.4
5672	Forel-sur-Lucens	5	3.1
5673	Hermenches	2	0.6
5674	Lovatens	4	2.7
5675	Lucens	143	6.6
5676	Martherenges	0	0
5677	Montaubion-Chardonney	0	0
5678	Moudon	361	8.3
5679	Neyruz-sur-Moudon	0	0
5680	Ogens	1	0.4
5681	Oulens-sur-Lucens	2	4.2
5682	Peyres-Possens	2	1.3
5683	Prévonloup	5	3.7
5684	Rossenges	0	0
5685	Saint-Cierges	9	2
5686	Sarzens	5	7.7
5687	Sottens	7	3.2
5688	Syens	3	2.2
5689	Thierrens	8	1.3
5690	Villars-le-Comte	1	0.7
5691	Villars-Mendraz	1	0.5
5692	Vucherens	5	1
5701	Arnex-sur-Nyon	1	0.8
5702	Arzier	35	1.6
5703	Bassins	13	1.2
5704	Begnins	31	2.3
5705	Bogis-Bossey	4	0.5
5706	Borex	6	0.7
5707	Chavannes-de-Bogis	10	0.9
5708	Chavannes-des-Bois	1	0.3
5709	Chéserex	4	0.3
5710	Coinsins	6	1.5
5711	Commugny	23	0.9
5712	Coppet	36	1.3
5713	Crans-près-Céligny	16	0.8
5714	Crassier	3	0.3
5715	Duillier	18	1.8
5716	Eysins	19	2
5717	Founex	11	0.4
5718	Genolier	4	0.2
5719	Gingins	11	1
5720	Givrins	8	0.9
5721	Gland	345	3.2
5722	Grens	0	0
5723	Mies	5	0.3
5724	Nyon	732	4.2
5725	Prangins	43	1.2
5726	La Rippe	19	2
5727	Saint-Cergue	94	5
5728	Signy-Avenex	4	0.9
5729	Tannay	15	1
5730	Trélex	4	0.3
5731	Le Vaud	7	0.6
5732	Vich	7	1
5741	L'Abergement	4	1.6
5742	Agiez	11	4.7
5743	Arnex-sur-Orbe	10	1.8
5744	Ballaigues	34	3.8
5745	Baulmes	36	3.8
5746	Bavois	19	2.7
5747	Bofflens	5	2.9
5748	Bretonnières	9	4.5
5749	Chavornay	251	7.9
5750	Les Clées	7	4.4
5751	Corcelles-sur-Chavornay	10	3.2
5752	Croy	12	4
5754	Juriens	6	2.2
5755	Lignerolle	14	3.6
5756	Montcherand	12	2.9
5757	Orbe	375	7
5758	La Praz	1	0.7
5759	Premier	8	4
5760	Rances	12	2.7
5761	Romainmôtier-Envy	21	4.6
5762	Sergey	0	0
5763	Valeyres-sous-Rances	13	2.8
5764	Vallorbe	261	8.3
5765	Vaulion	23	4.9
5766	Vuiteboeuf	37	7.9
5781	Bussigny-sur-Oron	1	1.9
5782	Carrouge (VD)	25	2.9
5783	Châtillens	26	5.6
5784	Chesalles-sur-Oron	0	0
5785	Corcelles-le-Jorat	8	1.9
5786	Les Cullayes	10	1.5
5787	Ecoteaux	6	1.8
5788	Essertes	1	0.4
5789	Ferlens (VD)	1	0.3
5790	Maracon	13	3.1
5791	Mézières (VD)	22	2.1
5792	Montpreveyres	8	1.6
5793	Oron-la-Ville	28	2.2
5794	Oron-le-Châtel	4	1.4
5795	Palézieux	61	5
5796	Peney-le-Jorat	3	0.8
5798	Ropraz	14	3.9
5799	Servion	23	2.2
5800	Les Tavernes	1	0.8
5801	Les Thioleyres	1	0.5
5802	Vuibroye	1	0.8
5803	Vulliens	16	3.8
5811	Cerniaz (VD)	0	0
5812	Champtauroz	6	4.8
5813	Chevroux	1	0.3
5814	Combremont-le-Grand	0	0
5815	Combremont-le-Petit	6	1.6
5816	Corcelles-près-Payerne	65	3.5
5817	Grandcour	16	2.1
5818	Granges-près-Marnand	32	2.7
5819	Henniez	11	4.5
5820	Marnand	1	0.7
5821	Missy	9	3.2
5822	Payerne	653	8.3
5824	Sassel	0	0
5826	Seigneux	11	3.8
5827	Trey	0	0
5828	Treytorrens (Payerne)	0	0
5829	Villars-Bramard	0	0
5830	Villarzel	2	0.5
5841	Château-d'Oex	49	1.6
5842	Rossinière	2	0.4
5843	Rougemont	3	0.3
5851	Allaman	8	2
5852	Bursinel	4	1.1
5853	Bursins	5	0.7
5854	Burtigny	11	3.6
5855	Dully	3	0.6
5856	Essertines-sur-Rolle	10	1.6
5857	Gilly	1	0.1
5858	Luins	12	2.4
5859	Mont-sur-Rolle	28	1.3
5860	Perroy	15	1.2
5861	Rolle	162	3.3
5862	Tartegnin	0	0
5863	Vinzel	0	0
5871	L'Abbaye	20	1.6
5872	Le Chenit	129	3.1
5873	Le Lieu	31	3.7
5881	Blonay	41	0.8
5882	Chardonne	16	0.6
5883	Corseaux	36	1.7
5884	Corsier-sur-Vevey	107	3.4
5885	Jongny	10	0.7
5886	Montreux	1171	5
5888	Saint-Légier-La Chiésaz	45	1
5889	La Tour-de-Peilz	388	3.7
5890	Vevey	1351	8
5891	Veytaux	67	8.3
5902	Belmont-sur-Yverdon	1	0.4
5903	Bioley-Magnoux	0	0
5904	Chamblon	8	1.4
5905	Champvent	2	0.6
5906	Chanéaz	2	2
5907	Chavannes-le-Chêne	6	2.6
5908	Chêne-Pâquier	4	3.6
5909	Cheseaux-Noréaz	3	0.6
5910	Cronay	0	0
5911	Cuarny	2	1.1
5912	Démoret	0	0
5913	Donneloye	10	3
5914	Ependes (VD)	5	1.6
5915	Essert-Pittet	8	6.3
5916	Essert-sous-Champvent	1	0.8
5917	Gossens	1	0.8
5918	Gressy	0	0
5919	Mathod	12	2.3
5920	Mézery-près-Donneloye	0	0
5921	Molondin	9	4.7
5922	Montagny-près-Yverdon	8	1.3
5923	Oppens	2	1.2
5924	Orges	3	1.3
5925	Orzens	0	0
5926	Pomy	15	2.4
5927	Prahins	4	3.1
5928	Rovray	1	0.7
5929	Suchy	6	1.6
5930	Suscévaz	4	2.2
5931	Treycovagnes	2	0.4
5932	Ursins	2	1
5933	Valeyres-sous-Montagny	10	1.7
5934	Valeyres-sous-Ursins	5	2.4
5935	Villars-Epeney	1	1.4
5936	Villars-sous-Champvent	0	0
5937	Vugelles-La Mothe	6	5.5
5938	Yverdon-les-Bains	1918	7.8
5939	Yvonand	60	2.5
6001	Birgisch	1	0.5
6002	Brig-Glis	236	2
6004	Eggerberg	8	2.3
6006	Mund	1	0.2
6007	Naters	152	1.9
6008	Ried-Brig	8	0.5
6009	Simplon	0	0
6010	Termen	10	1.2
6011	Zwischbergen	0	0
6021	Ardon	56	2.3
6022	Chamoson	36	1.3
6023	Conthey	152	2.1
6024	Nendaz	57	1
6025	Vétroz	38	0.9
6031	Bagnes	14	0.2
6032	Bourg-Saint-Pierre	7	3.4
6033	Liddes	3	0.4
6034	Orsières	8	0.3
6035	Sembrancher	3	0.4
6036	Vollèges	2	0.1
6052	Bellwald	1	0.2
6054	Binn	0	0
6055	Blitzingen	0	0
6056	Ernen	1	0.2
6057	Fiesch	13	1.4
6058	Fieschertal	1	0.4
6061	Lax	4	1.3
6064	Niederwald	0	0
6065	Obergesteln	0	0
6066	Oberwald	0	0
6071	Ulrichen	0	0
6073	Grafschaft	6	3.1
6074	Münster-Geschinen	0	0
6075	Reckingen-Gluringen	8	1.6
6081	Les Agettes	4	1.2
6082	Ayent	11	0.3
6083	Evolène	10	0.6
6084	Hérémence	8	0.6
6085	Mase	0	0
6086	Nax	4	0.9
6087	Saint-Martin (VS)	6	0.6
6088	Vernamiège	0	0
6089	Vex	8	0.5
6101	Agarn	6	0.8
6102	Albinen	2	0.7
6103	Bratsch	1	0.2
6104	Ergisch	1	0.5
6105	Erschmatt	0	0
6107	Gampel	25	1.9
6109	Inden	1	1
6110	Leuk	49	1.4
6111	Leukerbad	27	1.7
6112	Oberems	2	1.5
6113	Salgesch	17	1.3
6114	Turtmann	9	0.9
6115	Unterems	0	0
6116	Varen	6	1
6117	Guttet-Feschel	9	2.3
6131	Bovernier	5	0.7
6132	Charrat	21	1.7
6133	Fully	85	1.3
6134	Isérables	1	0.1
6135	Leytron	24	1
6136	Martigny	361	2.4
6137	Martigny-Combe	9	0.5
6139	Riddes	35	1.4
6140	Saillon	19	1
6141	Saxon	94	2.4
6142	Trient	0	0
6151	Champéry	2	0.2
6152	Collombey-Muraz	63	1
6153	Monthey	409	2.6
6154	Port-Valais	48	1.7
6155	Saint-Gingolph	16	2.1
6156	Troistorrents	53	1.3
6157	Val-d'Illiez	7	0.4
6158	Vionnaz	17	0.8
6159	Vouvry	78	2.3
6171	Betten	0	0
6172	Bister	3	11.1
6173	Bitsch	5	0.6
6174	Filet	1	0.6
6177	Grengiols	8	1.7
6178	Martisberg	0	0
6179	Mörel	5	0.9
6181	Riederalp	1	0.2
6191	Ausserberg	2	0.3
6192	Blatten	5	1.6
6193	Bürchen	4	0.6
6194	Eischoll	0	0
6195	Ferden	1	0.4
6196	Hohtenn	1	0.5
6197	Kippel	0	0
6198	Niedergesteln	2	0.3
6199	Raron	22	1.2
6200	Steg	11	0.9
6201	Unterbäch	2	0.5
6202	Wiler (Lötschen)	3	0.6
6211	Collonges	12	2.3
6212	Dorénaz	10	1.5
6213	Evionnaz	5	0.5
6214	Finhaut	0	0
6215	Massongex	8	0.6
6216	Mex (VS)	3	2.3
6217	Saint-Maurice	56	1.4
6218	Salvan	8	0.7
6219	Vernayaz	22	1.3
6220	Vérossaz	5	0.9
6231	Ayer	3	0.4
6232	Chalais	21	0.7
6233	Chandolin	0	0
6234	Chermignon	10	0.4
6235	Chippis	15	1
6237	Grimentz	0	0
6238	Grône	26	1.2
6239	Icogne	5	1
6240	Lens	7	0.2
6241	Miège	5	0.5
6242	Mollens (VS)	3	0.4
6243	Montana	4	0.2
6244	Randogne	28	0.8
6245	Saint-Jean	0	0
6246	Saint-Léonard	11	0.5
6247	Saint-Luc	0	0
6248	Sierre	325	2.1
6249	Venthône	5	0.4
6250	Veyras	9	0.6
6251	Vissoie	3	0.6
6261	Arbaz	2	0.2
6263	Grimisuat	8	0.3
6264	Salins	5	0.5
6265	Savièse	32	0.5
6266	Sion	819	2.9
6267	Veysonnaz	3	0.6
6281	Baltschieder	8	0.7
6282	Eisten	1	0.5
6283	Embd	3	0.9
6285	Grächen	4	0.3
6286	Lalden	3	0.4
6287	Randa	8	2.1
6288	Saas-Almagell	0	0
6289	Saas-Balen	5	1.2
6290	Saas-Fee	13	0.8
6291	Saas-Grund	1	0.1
6292	St. Niklaus	19	0.8
6293	Stalden (VS)	5	0.4
6294	Staldenried	1	0.2
6295	Täsch	16	1.7
6296	Törbel	4	0.8
6297	Visp	147	2.3
6298	Visperterminen	2	0.1
6299	Zeneggen	0	0
6300	Zermatt	45	0.8
6401	Auvernier	31	2
6402	Bevaix	136	3.6
6403	Bôle	40	2.3
6404	Boudry	306	6.2
6405	Brot-Dessous	1	1.1
6406	Colombier (NE)	201	3.9
6407	Corcelles-Cormondrèche	149	3.5
6408	Cortaillod	177	3.9
6409	Fresens	4	2
6410	Gorgier	59	3.2
6411	Montalchez	5	2.5
6412	Peseux	510	8.9
6413	Rochefort	16	1.5
6414	Saint-Aubin-Sauges	146	5.9
6415	Vaumarcus	3	1.2
6421	La Chaux-de-Fonds	3113	8.5
6422	Les Planchettes	8	3.5
6423	La Sagne	17	1.8
6431	Les Brenets	18	1.6
6432	La Brévine	1	0.1
6433	Brot-Plamboz	0	0
6434	Le Cerneux-Péquignot	0	0
6435	La Chaux-du-Milieu	4	0.9
6436	Le Locle	785	7.7
6437	Les Ponts-de-Martel	48	3.8
6451	Cornaux	46	3.1
6452	Cressier (NE)	46	2.4
6453	Enges	8	2.8
6454	Hauterive (NE)	100	4
6455	Le Landeron	158	3.6
6456	Lignières	14	1.5
6457	Marin-Epagnier	134	3.3
6458	Neuchâtel	3018	9.3
6459	Saint-Blaise	92	2.9
6460	Thielle-Wavre	9	1.3
6471	Boudevilliers	14	1.9
6472	Cernier	85	4.1
6473	Chézard-Saint-Martin	48	2.8
6474	Coffrane	14	2.3
6475	Dombresson	62	3.8
6476	Engollon	0	0
6477	Fenin-Vilars-Saules	6	0.7
6478	Fontainemelon	37	2.3
6479	Fontaines (NE)	21	2.1
6480	Les Geneveys-sur-Coffrane	76	5.1
6481	Les Hauts-Geneveys	16	1.9
6482	Montmollin	10	1.8
6483	Le Pâquier (NE)	2	1
6484	Savagnier	18	1.7
6485	Valangin	17	4
6486	Villiers	9	2.1
6501	Les Bayards	8	2.2
6502	Boveresse	15	3.8
6503	Buttes	40	6.5
6504	La Côte-aux-Fées	9	1.9
6505	Couvet	192	6.9
6506	Fleurier	262	7.5
6507	Môtiers (NE)	16	1.9
6508	Noiraigue	37	7.3
6509	Saint-Sulpice (NE)	41	6.5
6510	Travers	87	7
6511	Les Verrières	47	6.8
6601	Aire-la-Ville	10	1.1
6602	Anières	15	0.7
6603	Avully	47	2.7
6604	Avusy	10	0.8
6605	Bardonnex	38	1.8
6606	Bellevue	80	2.7
6607	Bernex	178	1.9
6608	Carouge (GE)	1087	5.7
6609	Cartigny	1	0.1
6610	Céligny	9	1.4
6611	Chancy	10	1
6612	Chêne-Bougeries	161	1.6
6613	Chêne-Bourg	344	4.5
6614	Choulex	1	0.1
6615	Collex-Bossy	12	0.8
6616	Collonge-Bellerive	68	0.9
6617	Cologny	8	0.2
6618	Confignon	46	1.2
6619	Corsier (GE)	18	1
6620	Dardagny	33	2.6
6621	Genève	7977	4.5
6622	Genthod	11	0.4
6623	Le Grand-Saconnex	361	3.6
6624	Gy	2	0.5
6625	Hermance	4	0.4
6626	Jussy	8	0.7
6627	Laconnex	1	0.2
6628	Lancy	1082	4
6629	Meinier	16	0.9
6630	Meyrin	804	4.1
6631	Onex	728	4.2
6632	Perly-Certoux	53	1.9
6633	Plan-les-Ouates	256	2.9
6634	Pregny-Chambésy	14	0.4
6635	Presinge	1	0.2
6636	Puplinge	23	1.1
6637	Russin	3	0.8
6638	Satigny	41	1.4
6639	Soral	11	1.7
6640	Thônex	511	3.9
6641	Troinex	29	1.3
6642	Vandoeuvres	6	0.2
6643	Vernier	1855	6.1
6644	Versoix	520	4.3
6645	Veyrier	123	1.3
6701	Bassecourt	53	1.6
6702	Boécourt	7	0.8
6703	Bourrignon	3	1
6704	Châtillon (JU)	3	0.7
6705	Corban	3	0.6
6706	Courchapoix	5	1.2
6707	Courfaivre	24	1.5
6708	Courrendlin	56	2.4
6709	Courroux	48	1.6
6710	Courtételle	30	1.3
6711	Delémont	433	3.8
6712	Develier	18	1.4
6713	Ederswiler	1	0.9
6714	Glovelier	16	1.3
6715	Mervelier	2	0.4
6716	Mettembert	3	2.2
6717	Montsevelier	0	0
6718	Movelier	3	0.7
6719	Pleigne	5	1.3
6720	Rebeuvelier	1	0.3
6721	Rossemaison	4	0.7
6722	Saulcy	0	0
6723	Soulce	2	0.8
6724	Soyhières	12	2.5
6725	Undervelier	2	0.7
6726	Vermes	2	0.6
6727	Vicques	14	0.8
6728	Vellerat	1	1.4
6741	Le Bémont (JU)	3	0.9
6742	Les Bois	14	1.3
6743	Les Breuleux	22	1.7
6744	La Chaux-des-Breuleux	1	1.1
6745	Les Enfers	1	0.7
6746	Epauvillers	0	0
6747	Epiquerez	0	0
6748	Les Genevez (JU)	1	0.2
6749	Goumois	0	0
6750	Lajoux (JU)	4	0.6
6751	Montfaucon	4	0.8
6752	Montfavergier	1	2.9
6753	Muriaux	0	0
6754	Le Noirmont	11	0.7
6755	Le Peuchapatte	0	0
6756	Les Pommerats	3	1.2
6757	Saignelégier	41	1.9
6758	Saint-Brais	6	2.7
6759	Soubey	7	4.7
6771	Alle	21	1.2
6772	Asuel	0	0
6773	Beurnevésin	1	0.6
6774	Boncourt	8	0.6
6775	Bonfol	12	1.8
6776	Bressaucourt	0	0
6777	Buix	10	2.2
6778	Bure	5	0.7
6779	Charmoille	3	0.9
6780	Chevenez	5	0.8
6781	Coeuve	4	0.6
6782	Cornol	3	0.3
6783	Courchavon	0	0
6784	Courgenay	42	2
6785	Courtedoux	5	0.7
6786	Courtemaîche	26	4
6787	Damphreux	0	0
6788	Damvant	0	0
6789	Fahy	5	1.3
6790	Fontenais	7	0.6
6791	Fregiécourt	0	0
6792	Grandfontaine	3	0.9
6793	Lugnez	0	0
6794	Miécourt	1	0.2
6795	Montenol	0	0
6796	Montignez	0	0
6797	Montmelon	0	0
6798	Ocourt	1	0.8
6799	Pleujouse	0	0
6800	Porrentruy	276	4.2
6801	Réclère	0	0
6802	Roche-d'Or	0	0
6803	Rocourt	0	0
6804	Saint-Ursanne	16	2.3
6805	Seleute	4	5.4
6806	Vendlincourt	1	0.2
