Region	Arbeitsstätten	Beschäftigte	Vollzeitäquivalente
996  Wolfisberg	5	12	42.072,00
995  Wiedlisbach	19	64	49.4
993  Wangenried	14	40	42.026,00
992  Wangen an der Aare	13	41	42.121,00
991  Walliswil bei Wangen	10	24	42.167,00
990  Walliswil bei Niederbipp	5	11	42.223,00
99  Schöfflisdorf	7	16	9.0
989  Thörigen	16	56	34.7
988  Seeberg	56	154	89.9
987  Rumisberg	14	32	42.268,00
985  Ochlenberg	53	158	96.9
983  Oberbipp	17	47	32.9
982  Niederönz	9	26	42.109,00
981  Niederbipp	35	260	194.8
980  Inkwil	7	20	42.139,00
98  Schleinikon	15	25	42.077,00
979  Herzogenbuchsee	15	49	32.9
978  Hermiswil	4	10	42.007,00
977  Heimenhausen	18	52	42.032,00
976  Graben	11	31	42.083,00
975  Farnern	9	23	16.0
973  Bettenhausen	14	41	42.184,00
972  Berken	6	19	42.227,00
971  Attiswil	20	64	41.2
97  Rümlang	25	86	50.5
960  Wyssachen	59	152	98.8
96  Regensdorf	23	69	52.0
959  Walterswil (BE)	52	129	80.7
958  Trachselwald	74	202	109.2
957  Sumiswald	180	493	298.2
956  Rüegsau	68	199	133.3
955  Lützelflüh	126	351	225.8
954  Huttwil	82	234	148.7
953  Eriswil	61	164	97.3
952  Dürrenroth	66	199	126.6
951  Affoltern im Emmental	59	172	111.3
95  Regensberg	5	19	42.072,00
948  Forst-Längenbühl	26	72	43.4
947  Zwieselberg	7	22	42.076,00
946  Wachseldorn	23	56	37.8
945  Unterlangenegg	42	116	73.4
944  Uetendorf	46	132	86.7
943  Uebeschi	34	87	55.5
942  Thun	42	156	108.7
941  Thierachern	32	90	57.8
940  Teuffenthal (BE)	19	42	42.238,00
94  Otelfingen	11	56	36.4
939  Steffisburg	46	157	95.8
938  Sigriswil	113	302	169.3
937  Schwendibach	9	21	42.228,00
936  Pohlern	11	33	42.084,00
935  Oberlangenegg	35	106	66.6
934  Oberhofen am Thunersee	6	21	42.136,00
932  Horrenbach-Buchen	25	68	41.3
931  Homberg	34	86	50.2
930  Höfen	21	50	35.6
93  Oberweningen	7	34	42.150,00
929  Hilterfingen	3	19	42.228,00
928  Heimberg	16	43	42.208,00
927  Heiligenschwendi	18	43	42.060,00
925  Fahrni	41	109	63.7
924  Eriz	34	103	62.5
923  Buchholterberg	76	196	115.7
922  Blumenstein	24	59	42.3
921  Amsoldingen	15	37	42.029,00
92  Oberglatt	10	32	42.083,00
91  Niederweningen	21	39	42.238,00
909  Trubschachen	53	166	99.2
908  Trub	134	382	251.0
907  Signau	110	300	184.6
906  Schangnau	82	241	169.1
905  Rüderswil	87	236	149.7
904  Röthenbach im Emmental	108	325	204.1
903  Lauperswil	103	280	162.0
902  Langnau im Emmental	173	542	333.8
901  Eggiwil	203	608	364.5
90  Niederhasli	28	68	44.7
9  Mettmenstetten	47	152	95.8
89  Niederglatt	10	33	42.264,00
888  Wald (BE)	54	152	96.6
886  Wattenwil	45	127	78.6
885  Uttigen	7	23	42.201,00
884  Toffen	17	55	42.216,00
883  Seftigen	16	51	42.032,00
881  Rümligen	19	61	39.1
880  Rüeggisberg	129	307	207.8
88  Neerach	19	48	32.8
879  Riggisberg	62	163	100.3
878  Noflen	22	79	48.4
877  Niedermuhlern	34	93	56.9
876  Mühlethurnen	11	29	42.233,00
875  Mühledorf (BE)	12	28	42.079,00
874  Lohnstorf	12	34	42.238,00
873  Kirchenthurnen	8	24	42.016,00
872  Kirchdorf (BE)	26	90	64.6
871  Kienersrüti	5	17	42.073,00
870  Kehrsatz	16	51	35.1
87  Hüttikon	8	18	42.164,00
869  Kaufdorf	10	25	42.141,00
868  Jaberg	5	13	8.0
867  Gurzelen	31	94	61.4
866  Gerzensee	31	82	51.5
865  Gelterfingen	14	38	42.085,00
863  Burgistein	34	152	112.9
861  Belp	74	297	193.7
86  Dielsdorf	9	23	42.202,00
855  Schwarzenburg	200	559	366.5
853  Rüschegg	60	150	87.1
852  Guggisberg	122	317	205.5
85  Dänikon	9	57	39.5
843  Saanen	190	484	308.4
842  Lauenen	58	171	98.9
841  Gsteig	47	120	74.5
84  Dällikon	10	36	42.212,00
83  Buchs (ZH)	14	55	36.8
82  Boppelsen	14	73	59.9
81  Bachs	25	74	55.0
8  Maschwanden	20	50	42.124,00
794  Zweisimmen	94	239	158.8
793  St. Stephan	77	238	142.9
792  Lenk	113	297	172.4
791  Boltigen	87	231	156.6
786  Schattenhalb	17	44	42.272,00
785  Meiringen	58	155	88.8
784  Innertkirchen	33	88	54.5
783  Hasliberg	53	134	73.2
782  Guttannen	17	49	42.205,00
781  Gadmen	16	35	42.175,00
769  Wimmis	27	81	56.5
768  Spiez	45	134	79.1
767  Reutigen	19	64	42.0
766  Oberwil im Simmental	70	181	120.4
765  Oberstocken	1	3	42.126,00
764  Niederstocken	9	24	42.018,00
763  Erlenbach im Simmental	52	144	87.1
762  Diemtigen	117	327	202.4
761  Därstetten	47	140	87.2
756  Twann-Tüscherz	45	129	79.6
755  Worben	11	66	34.1
754  Walperswil	29	147	72.4
751  Täuffelen	17	73	48.8
750  Sutz-Lattrigen	12	39	42.086,00
749  Studen (BE)	5	40	42.120,00
748  Schwadernau	16	42	42.152,00
747  Scheuren	9	26	42.171,00
746  Safnern	14	41	42.058,00
745  Port	5	15	42.260,00
744  Orpund	7	22	42.200,00
743  Nidau	1	2	42.125,00
742  Mörigen	9	24	42.229,00
741  Merzligen	7	18	42.012,00
740  Ligerz	26	100	52.5
739  Ipsach	3	8	42.067,00
738  Jens	15	45	42.242,00
737  Hermrigen	13	31	42.112,00
736  Hagneck	5	13	10.0
735  Epsach	20	70	35.8
734  Bühl	10	34	42.177,00
733  Brügg	6	16	42.104,00
732  Bellmund	12	28	42.260,00
731  Aegerten	4	16	42.227,00
725  Prêles	7	24	18.0
724  Nods	20	53	39.5
723  La Neuveville	16	41	32.8
722  Lamboing	12	30	42.056,00
721  Diesse	10	25	42.021,00
72  Winkel	23	111	94.4
715  Rebévelier	7	23	42.229,00
713  Tavannes	22	58	41.1
712  Souboz	11	32	42.083,00
711  Sorvilier	7	18	42.016,00
710  Sornetan	9	26	42.203,00
71  Wil (ZH)	24	62	38.2
709  Seehof	13	30	42.089,00
708  Schelten	8	26	42.171,00
707  Saules (BE)	6	16	42.224,00
706  Saicourt	19	49	34.6
704  Roches (BE)	7	18	42.075,00
703  Reconvilier	9	24	42.139,00
702  Pontenet	3	7	42.221,00
701  Perrefitte	10	26	42.078,00
700  Moutier	16	46	33.4
70  Wasterkingen	9	20	42.136,00
7  Knonau	26	66	45.8
699  Monible	3	13	42.132,00
697  Malleray	12	30	42.235,00
696  Loveresse	6	22	42.138,00
694  Grandval	8	20	42.199,00
692  Eschert	6	17	42.072,00
691  Crémines	7	20	42.018,00
690  Court	24	72	47.6
69  Wallisellen	8	53	38.1
687  Corcelles (BE)	6	19	42.229,00
684  Châtelat	15	34	42.237,00
683  Champoz	12	30	42.081,00
682  Bévilard	12	25	42.081,00
6810  La Baroche	43	116	85.1
681  Belprahon	3	7	42.220,00
6809  Haute-Ajoie	40	121	95.2
6808  Clos du Doubs	76	225	158.7
6807  Basse-Allaine	35	145	79.8
6806  Vendlincourt	9	33	42.027,00
6803  Rocourt	9	24	42.233,00
6800  Porrentruy	18	51	36.6
68  Rorbas	8	36	42.183,00
6793  Lugnez	6	17	42.227,00
6792  Grandfontaine	13	38	42.090,00
6790  Fontenais	21	54	41.0
6789  Fahy	13	32	42.236,00
6787  Damphreux	8	25	42.082,00
6785  Courtedoux	9	27	42.140,00
6784  Courgenay	29	80	53.1
6783  Courchavon	7	22	42.076,00
6782  Cornol	10	29	42.176,00
6781  Coeuve	17	62	35.2
6778  Bure	12	33	42.093,00
6775  Bonfol	13	38	42.180,00
6774  Boncourt	11	40	42.058,00
6773  Beurnevésin	9	24	42.232,00
6771  Alle	20	69	48.3
6759  Soubey	12	32	42.086,00
6758  Saint-Brais	23	59	42.1
6757  Saignelégier	38	94	69.6
6754  Le Noirmont	24	60	41.9
6753  Muriaux	33	88	62.5
6751  Montfaucon	29	64	49.3
6750  Lajoux (JU)	18	41	42.093,00
6748  Les Genevez (JU)	19	42	31.2
6745  Les Enfers	10	32	42.180,00
6744  La Chaux-des-Breuleux	6	15	42.194,00
6743  Les Breuleux	26	74	51.0
6742  Les Bois	45	124	85.5
6741  Le Bémont (JU)	29	70	51.4
6730  Val Terbi	52	146	94.2
6729  Haute-Sorne	66	182	130.0
6728  Vellerat	2	3	42.125,00
6724  Soyhières	7	19	42.229,00
6722  Saulcy	12	31	42.084,00
6721  Rossemaison	8	24	42.141,00
6720  Rebeuvelier	7	24	42.018,00
6719  Pleigne	14	45	36.1
6718  Movelier	9	36	42.181,00
6716  Mettembert	2	7	42.130,00
6715  Mervelier	13	24	42.230,00
6713  Ederswiler	7	19	14.0
6712  Develier	20	60	42.2
6711  Delémont	19	56	43.5
6710  Courtételle	17	35	42.267,00
671  Wileroltigen	17	60	37.2
6709  Courroux	34	85	63.1
6708  Courrendlin	14	32	23.0
6706  Courchapoix	10	31	42.236,00
6705  Corban	11	27	42.238,00
6704  Châtillon (JU)	12	43	42.183,00
6703  Bourrignon	18	54	39.6
6702  Boécourt	10	31	42.238,00
670  Neuenegg	68	224	149.4
67  Rafz	28	186	143.9
669  Münchenwiler	11	32	42.028,00
668  Mühleberg	69	207	133.5
667  Laupen	3	9	42.223,00
666  Kriechenwil	18	50	42.122,00
665  Gurbrü	14	120	82.6
6645  Veyrier	6	29	42.030,00
6644  Versoix	10	26	42.232,00
6643  Vernier	4	7	42.127,00
6642  Vandoeuvres	3	12	42.072,00
6641  Troinex	12	161	135.6
6640  Thônex	5	6	42.007,00
664  Golaten	24	137	107.6
6639  Soral	13	47	32.4
6638  Satigny	43	201	152.5
6637  Russin	7	35	42.175,00
6636  Puplinge	6	20	15.0
6635  Presinge	10	27	19.0
6634  Pregny-Chambésy	2	7	42.127,00
6633  Plan-les-Ouates	13	36	42.093,00
6632  Perly-Certoux	9	74	63.4
6631  Onex	2	3	42.064,00
6630  Meyrin	7	27	42.238,00
663  Frauenkappelen	21	66	43.9
6629  Meinier	17	68	60.7
6628  Lancy	2	3	3.0
6627  Laconnex	8	35	42.115,00
6626  Jussy	20	55	42.8
6625  Hermance	3	4	3.0
6624  Gy	13	34	42.208,00
6623  Le Grand-Saconnex	1	1	1.0
6622  Genthod	3	13	42.227,00
6621  Genève	13	32	42.239,00
6620  Dardagny	21	97	73.7
662  Ferenbalm	35	86	55.5
6619  Corsier (GE)	5	10	42.070,00
6618  Confignon	5	20	42.079,00
6617  Cologny	1	5	5.0
6616  Collonge-Bellerive	12	69	61.1
6615  Collex-Bossy	12	36	42.182,00
6614  Choulex	12	32	42.023,00
6613  Chêne-Bourg	2	5	42.218,00
6612  Chêne-Bougeries	1	1	0.3
6611  Chancy	8	14	42.221,00
6610  Céligny	6	14	42.167,00
661  Clavaleyres	5	20	42.226,00
6609  Cartigny	11	26	42.077,00
6608  Carouge (GE)	1	1	0.3
6607  Bernex	29	196	165.4
6606  Bellevue	3	5	42.127,00
6605  Bardonnex	17	77	64.2
6604  Avusy	13	64	32.7
6603  Avully	9	41	42.276,00
6602  Anières	10	36	42.244,00
6601  Aire-la-Ville	4	6	42.220,00
66  Opfikon	6	19	42.167,00
6512  Val-de-Travers	119	296	229.9
6511  Les Verrières	22	53	45.3
6504  La Côte-aux-Fées	18	41	42.035,00
65  Oberembrach	30	68	43.6
6487  Val-de-Ruz	144	354	263.2
6485  Valangin	5	16	42.167,00
6461  La Tène	11	28	42.146,00
6459  Saint-Blaise	8	27	42.083,00
6458  Neuchâtel	12	53	42.4
6456  Lignières	21	51	37.9
6455  Le Landeron	19	56	47.1
6454  Hauterive (NE)	5	9	42.162,00
6453  Enges	13	23	42.078,00
6452  Cressier (NE)	9	33	42.090,00
6451  Cornaux	6	17	42.259,00
6437  Les Ponts-de-Martel	40	97	72.4
6436  Le Locle	33	81	55.4
6435  La Chaux-du-Milieu	22	57	39.6
6434  Le Cerneux-Péquignot	22	52	37.8
6433  Brot-Plamboz	26	70	52.8
6432  La Brévine	56	151	115.6
6431  Les Brenets	15	30	42.239,00
6423  La Sagne	38	82	60.9
6422  Les Planchettes	16	37	42.243,00
6421  La Chaux-de-Fonds	83	218	166.8
6416  Milvignes	24	113	89.8
6415  Vaumarcus	4	10	42.222,00
6414  Saint-Aubin-Sauges	12	35	42.212,00
6413  Rochefort	9	29	42.086,00
6412  Peseux	3	5	42.067,00
6411  Montalchez	11	25	42.080,00
6410  Gorgier	18	50	42.216,00
6409  Fresens	8	21	42.078,00
6408  Cortaillod	11	32	42.115,00
6407  Corcelles-Cormondrèche	10	32	25.0
6405  Brot-Dessous	1	3	2.0
6404  Boudry	16	54	36.0
6402  Bevaix	16	51	32.7
64  Nürensdorf	19	49	42.034,00
632  Wichtrach	44	110	69.7
6300  Zermatt	18	40	42.144,00
630  Allmendingen	13	41	42.245,00
63  Lufingen	10	22	42.074,00
6299  Zeneggen	14	32	42.260,00
6298  Visperterminen	38	91	32.9
6297  Visp	23	84	55.5
6296  Törbel	40	85	32.1
6295  Täsch	7	13	42.160,00
6294  Staldenried	17	34	42.048,00
6293  Stalden (VS)	13	36	42.264,00
6292  St. Niklaus	55	116	46.2
6291  Saas-Grund	15	43	42.263,00
6290  Saas-Fee	5	26	42.224,00
629  Oberhünigen	21	47	42.276,00
6289  Saas-Balen	9	24	42.045,00
6288  Saas-Almagell	5	17	42.071,00
6287  Randa	9	24	42.017,00
6286  Lalden	17	38	42.198,00
6285  Grächen	25	61	42.242,00
6283  Embd	19	46	42.078,00
6282  Eisten	5	13	42.158,00
6281  Baltschieder	14	30	42.227,00
628  Zäziwil	22	64	40.1
627  Worb	87	234	147.0
6267  Veysonnaz	8	20	42.014,00
6266  Sion	100	455	249.8
6265  Savièse	136	279	169.0
6263  Grimisuat	35	81	49.4
6261  Arbaz	17	29	42.047,00
626  Walkringen	73	199	123.3
6252  Anniviers	49	107	56.8
6250  Veyras	12	40	42.209,00
625  Tägertschi	19	51	34.1
6249  Venthône	15	40	42.059,00
6248  Sierre	63	200	127.7
6246  Saint-Léonard	17	62	36.5
6244  Randogne	10	22	42.017,00
6243  Montana	20	42	42.203,00
6242  Mollens (VS)	2	11	42.219,00
6241  Miège	32	66	34.0
6240  Lens	41	127	74.0
624  Schlosswil	19	59	38.6
6239  Icogne	6	10	5.0
6238  Grône	23	44	42.055,00
6235  Chippis	12	35	42.052,00
6234  Chermignon	38	96	46.2
6232  Chalais	28	59	36.0
623  Rubigen	20	55	36.6
6220  Vérossaz	14	27	42.077,00
622  Oppligen	12	61	33.3
6219  Vernayaz	8	17	42.012,00
6218  Salvan	6	13	5.0
6217  Saint-Maurice	12	25	15.0
6215  Massongex	9	19	42.137,00
6214  Finhaut	3	7	42.217,00
6213  Evionnaz	5	15	12.0
6212  Dorénaz	8	20	42.164,00
6211  Collonges	6	38	42.181,00
6204  Steg-Hohtenn	21	45	42.177,00
6203  Mörel-Filet	13	25	42.103,00
6202  Wiler (Lötschen)	16	37	42.142,00
6201  Unterbäch	12	33	42.112,00
620  Oberthal	55	143	86.8
62  Kloten	16	49	32.8
6199  Raron	26	100	57.2
6198  Niedergesteln	13	36	42.111,00
6197  Kippel	3	6	2.0
6195  Ferden	11	26	42.073,00
6194  Eischoll	9	22	42.136,00
6193  Bürchen	16	44	42.054,00
6192  Blatten	9	22	42.163,00
6191  Ausserberg	20	61	42.149,00
619  Oberdiessbach	42	119	78.3
6181  Riederalp	12	47	42.057,00
6178  Martisberg	2	4	2.0
6177  Grengiols	21	50	42.119,00
6173  Bitsch	9	18	42.099,00
6172  Bister	3	9	42.068,00
6171  Betten	12	23	42.016,00
617  Niederhünigen	17	52	33.3
616  Münsingen	38	226	169.4
6159  Vouvry	16	48	37.7
6158  Vionnaz	12	40	42.153,00
6157  Val-d'Illiez	46	93	56.4
6156  Troistorrents	29	62	36.0
6155  Saint-Gingolph	2	2	0.7
6154  Port-Valais	12	27	42.176,00
6153  Monthey	17	32	42.142,00
6152  Collombey-Muraz	23	90	69.7
6151  Champéry	14	39	42.092,00
615  Mirchel	20	47	42.090,00
6142  Trient	3	16	42.077,00
6141  Saxon	68	184	110.2
6140  Saillon	46	145	107.7
614  Linden	66	183	96.8
6139  Riddes	36	125	91.0
6137  Martigny-Combe	23	91	47.0
6136  Martigny	57	197	109.8
6135  Leytron	79	288	138.0
6134  Isérables	29	73	34.4
6133  Fully	164	618	373.2
6132  Charrat	21	88	57.7
6131  Bovernier	6	18	42.075,00
613  Landiswil	54	165	106.8
612  Konolfingen	64	187	112.4
6119  Turtmann-Unterems	36	92	44.4
6118  Gampel-Bratsch	35	82	38.3
6117  Guttet-Feschel	5	14	42.221,00
6116  Varen	37	84	44.2
6113  Salgesch	91	216	125.5
6112  Oberems	5	11	6.0
6111  Leukerbad	12	20	42.165,00
6110  Leuk	52	155	94.4
611  Kiesen	12	32	42.237,00
6109  Inden	3	13	42.161,00
6104  Ergisch	13	28	42.106,00
6102  Albinen	5	11	5.0
6101  Agarn	15	30	42.166,00
610  Herbligen	14	48	42.119,00
61  Hüntwangen	9	17	42.225,00
6090  Mont-Noble	8	16	42.073,00
609  Häutligen	15	38	42.088,00
6089  Vex	17	37	42.117,00
6087  Saint-Martin (VS)	12	21	42.013,00
6084  Hérémence	22	41	42.027,00
6083  Evolène	64	155	88.8
6082  Ayent	51	105	60.3
6081  Les Agettes	5	9	42.067,00
608  Grosshöchstetten	14	65	33.0
6076  Obergoms	18	48	42.035,00
6075  Reckingen-Gluringen	15	23	42.169,00
6074  Münster-Geschinen	13	29	42.080,00
6073  Grafschaft	7	15	42.226,00
607  Freimettigen	12	32	42.024,00
6064  Niederwald	1	3	42.126,00
6061  Lax	6	12	8.0
606  Brenzikofen	10	26	42.019,00
6058  Fieschertal	12	30	42.177,00
6057  Fiesch	5	14	42.194,00
6056  Ernen	13	30	42.084,00
6055  Blitzingen	3	6	42.128,00
6054  Binn	7	13	42.223,00
6052  Bellwald	6	16	42.072,00
605  Bowil	56	141	93.4
604  Bleiken bei Oberdiessbach	12	31	42.024,00
6036  Vollèges	29	81	40.9
6035  Sembrancher	11	23	42.166,00
6034  Orsières	50	123	75.0
6033  Liddes	19	64	37.0
6032  Bourg-Saint-Pierre	2	3	42.217,00
6031  Bagnes	88	228	106.4
603  Biglen	20	53	42.122,00
6025  Vétroz	57	198	122.6
6024  Nendaz	126	233	125.6
6023  Conthey	133	307	173.2
6022  Chamoson	101	388	216.2
6021  Ardon	33	101	62.0
602  Arni (BE)	49	138	89.3
6011  Zwischbergen	1	3	42.125,00
6010  Termen	19	37	42.047,00
6009  Simplon	18	45	42.063,00
6008  Ried-Brig	28	74	44.0
6007  Naters	104	215	85.7
6004  Eggerberg	15	28	42.131,00
6002  Brig-Glis	43	113	45.4
60  Höri	11	30	42.174,00
6  Kappel am Albis	22	55	35.6
594  Wilderswil	20	43	42.149,00
5939  Yvonand	16	43	42.273,00
5938  Yverdon-les-Bains	19	242	231.6
5937  Vugelles-La Mothe	4	11	42.223,00
5935  Villars-Epeney	3	12	42.046,00
5934  Valeyres-sous-Ursins	12	24	42.077,00
5933  Valeyres-sous-Montagny	6	22	42.139,00
5932  Ursins	7	15	42.012,00
5931  Treycovagnes	2	4	42.218,00
5930  Suscévaz	9	21	42.137,00
593  Unterseen	18	57	35.9
5929  Suchy	14	33	42.114,00
5928  Rovray	11	31	42.086,00
5926  Pomy	17	73	54.5
5925  Orzens	6	15	42.012,00
5924  Orges	5	12	42.071,00
5923  Oppens	9	73	56.3
5922  Montagny-près-Yverdon	6	19	42.020,00
5921  Molondin	10	30	42.026,00
592  Schwanden bei Brienz	5	11	42.068,00
5919  Mathod	10	37	42.092,00
5915  Essert-Pittet	4	9	42.222,00
5914  Ependes (VD)	6	13	42.134,00
5913  Donneloye	23	60	36.7
5912  Démoret	12	33	42.176,00
5911  Cuarny	12	25	16.0
5910  Cronay	16	46	42.063,00
591  Saxeten	10	25	42.078,00
5909  Cheseaux-Noréaz	6	29	42.084,00
5908  Chêne-Pâquier	4	9	42.191,00
5907  Chavannes-le-Chêne	7	15	42.013,00
5905  Champvent	19	67	50.3
5904  Chamblon	2	3	42.125,00
5903  Bioley-Magnoux	7	19	42.014,00
5902  Belmont-sur-Yverdon	12	29	42.145,00
590  Ringgenberg (BE)	13	35	42.115,00
59  Hochfelden	10	28	42.233,00
5891  Veytaux	0	0	0.0
5890  Vevey	6	38	42.264,00
589  Oberried am Brienzersee	8	21	42.045,00
5889  La Tour-de-Peilz	9	30	42.031,00
5888  Saint-Légier-La Chiésaz	15	34	42.241,00
5886  Montreux	32	94	67.6
5885  Jongny	7	12	42.070,00
5884  Corsier-sur-Vevey	13	28	42.237,00
5883  Corseaux	4	41	19.0
5882  Chardonne	28	111	69.3
5881  Blonay	13	39	42.152,00
588  Niederried bei Interlaken	4	10	42.128,00
5873  Le Lieu	12	32	42.180,00
5872  Le Chenit	29	90	71.5
5871  L'Abbaye	12	34	42.087,00
587  Matten bei Interlaken	15	36	42.203,00
5863  Vinzel	6	37	42.241,00
5862  Tartegnin	9	37	42.092,00
5861  Rolle	11	60	40.3
5860  Perroy	9	60	34.1
586  Lütschental	14	33	42.263,00
5859  Mont-sur-Rolle	28	97	72.2
5858  Luins	10	51	35.9
5857  Gilly	20	113	69.7
5856  Essertines-sur-Rolle	13	30	42.240,00
5855  Dully	4	21	42.076,00
5854  Burtigny	8	20	42.229,00
5853  Bursins	9	39	42.091,00
5852  Bursinel	7	36	42.204,00
5851  Allaman	17	53	36.1
585  Leissigen	9	21	42.196,00
5843  Rougemont	29	69	48.0
5842  Rossinière	16	48	35.3
5841  Château-d'Oex	92	238	169.2
584  Lauterbrunnen	54	145	78.6
5831  Valbroye	80	288	182.2
5830  Villarzel	20	66	37.9
5828  Treytorrens (Payerne)	8	20	42.139,00
5827  Trey	14	71	53.3
5822  Payerne	36	115	93.0
5821  Missy	18	50	34.4
582  Iseltwald	7	20	42.227,00
5819  Henniez	3	12	42.069,00
5817  Grandcour	29	86	60.4
5816  Corcelles-près-Payerne	34	117	83.4
5813  Chevroux	16	30	42.055,00
5812  Champtauroz	8	20	42.165,00
581  Interlaken	5	15	42.106,00
5805  Oron	61	156	115.4
5804  Jorat-Menthue	33	87	60.5
5803  Vulliens	16	39	42.243,00
580  Hofstetten bei Brienz	14	37	42.027,00
58  Glattfelden	21	56	37.2
5799  Servion	6	16	42.075,00
5798  Ropraz	12	30	42.205,00
5792  Montpreveyres	2	4	42.126,00
5791  Mézières (VD)	9	29	42.239,00
5790  Maracon	8	19	13.0
579  Habkern	47	147	81.7
5789  Ferlens (VD)	7	15	42.070,00
5788  Essertes	3	8	42.222,00
5785  Corcelles-le-Jorat	12	31	25.0
5782  Carrouge (VD)	13	71	53.0
578  Gündlischwand	2	3	0.8
577  Gsteigwiler	12	30	42.109,00
5766  Vuiteboeuf	9	20	42.079,00
5765  Vaulion	13	55	40.9
5764  Vallorbe	14	30	42.115,00
5763  Valeyres-sous-Rances	17	44	32.3
5762  Sergey	3	7	42.067,00
5761  Romainmôtier-Envy	4	11	42.131,00
5760  Rances	10	28	42.177,00
576  Grindelwald	120	292	150.3
5759  Premier	6	14	42.016,00
5758  La Praz	5	12	10.0
5757  Orbe	19	57	45.1
5756  Montcherand	7	21	42.078,00
5755  Lignerolle	9	24	18.0
5754  Juriens	9	24	42.022,00
5752  Croy	3	5	42.127,00
5751  Corcelles-sur-Chavornay	13	41	42.211,00
5750  Les Clées	3	6	5.0
575  Därligen	8	18	42.042,00
5749  Chavornay	18	62	54.8
5748  Bretonnières	7	19	42.076,00
5747  Bofflens	10	28	42.082,00
5746  Bavois	15	40	42.032,00
5745  Baulmes	16	41	42.030,00
5744  Ballaigues	8	38	42.241,00
5743  Arnex-sur-Orbe	20	68	47.7
5742  Agiez	10	33	23.0
5741  L'Abergement	8	27	42.143,00
574  Brienzwiler	7	23	42.166,00
5732  Vich	4	13	8.0
5731  Le Vaud	8	23	42.229,00
5730  Trélex	11	28	23.0
573  Brienz (BE)	34	106	69.6
5729  Tannay	3	15	42.163,00
5728  Signy-Avenex	7	57	28.0
5727  Saint-Cergue	4	22	42.051,00
5726  La Rippe	10	31	42.149,00
5725  Prangins	7	20	42.019,00
5724  Nyon	12	36	42.153,00
5723  Mies	5	7	42.010,00
5722  Grens	6	28	42.142,00
5721  Gland	11	69	37.8
5720  Givrins	9	28	42.082,00
572  Bönigen	16	42	19.0
5719  Gingins	13	37	42.028,00
5718  Genolier	6	24	42.082,00
5717  Founex	10	109	61.9
5716  Eysins	9	30	42.238,00
5715  Duillier	7	22	17.0
5714  Crassier	5	26	42.049,00
5713  Crans-près-Céligny	6	12	42.014,00
5712  Coppet	3	5	3.0
5711  Commugny	8	21	42.079,00
5710  Coinsins	5	14	42.227,00
571  Beatenberg	27	73	39.8
5709  Chéserex	9	23	42.018,00
5708  Chavannes-des-Bois	1	2	0.8
5707  Chavannes-de-Bogis	7	13	42.223,00
5706  Borex	8	18	13.0
5705  Bogis-Bossey	5	17	42.072,00
5704  Begnins	16	64	40.5
5703  Bassins	15	51	42.245,00
5702  Arzier	11	25	42.204,00
5701  Arnex-sur-Nyon	3	9	42.071,00
57  Freienstein-Teufen	23	84	54.2
5693  Montanaire	67	207	136.9
5692  Vucherens	10	24	42.020,00
5690  Villars-le-Comte	5	11	42.223,00
5688  Syens	5	9	42.129,00
5686  Sarzens	5	16	42.228,00
5684  Rossenges	4	8	42.067,00
5683  Prévonloup	4	11	42.222,00
5680  Ogens	8	18	42.077,00
5678  Moudon	21	79	61.2
5675  Lucens	7	13	42.132,00
5674  Lovatens	9	24	17.0
5673  Hermenches	9	25	42.172,00
5672  Forel-sur-Lucens	14	37	42.121,00
5671  Dompierre (VD)	12	39	42.114,00
567  Reichenbach im Kandertal	133	356	205.0
5669  Curtilles	10	25	42.022,00
5668  Cremin	5	15	42.225,00
5666  Chesalles-sur-Moudon	5	15	42.131,00
5665  Chavannes-sur-Moudon	15	41	42.153,00
5663  Bussy-sur-Moudon	7	17	42.224,00
5662  Brenles	8	26	42.172,00
5661  Boulens	8	23	42.233,00
566  Krattigen	10	27	42.023,00
5655  Yens	20	81	70.6
5654  Vullierens	11	36	42.241,00
5653  Vufflens-le-Château	5	33	42.110,00
5652  Villars-sous-Yens	11	57	33.2
5651  Villars-Sainte-Croix	2	5	3.0
5650  Vaux-sur-Morges	8	19	42.227,00
565  Kandersteg	15	45	42.146,00
5649  Tolochenaz	2	5	42.067,00
5648  Saint-Sulpice (VD)	2	5	42.097,00
5646  Saint-Prex	13	50	32.3
5645  Romanel-sur-Morges	4	22	42.258,00
5644  Reverolle	10	18	42.165,00
5643  Préverenges	2	19	42.102,00
5642  Morges	5	89	52.1
5640  Lussy-sur-Morges	6	27	42.017,00
564  Kandergrund	42	120	73.1
5639  Lully (VD)	7	17	42.135,00
5638  Lonay	6	35	34.5
5637  Lavigny	10	34	42.084,00
5636  Etoy	16	98	58.4
5635  Ecublens (VD)	6	14	42.073,00
5634  Echichens	34	99	60.3
5633  Echandens	6	27	42.082,00
5632  Denges	4	45	29.2
5631  Denens	12	56	42.152,00
563  Frutigen	206	651	383.5
5629  Clarmont	7	31	42.021,00
5628  Chigny	2	26	42.018,00
5627  Chavannes-près-Renens	0	0	0.0
5625  Bussy-Chardonney	6	28	42.081,00
5624  Bussigny-près-Lausanne	6	11	42.191,00
5623  Buchillon	5	11	42.193,00
5622  Bremblens	8	44	39.7
5621  Aclens	8	25	42.019,00
562  Aeschi bei Spiez	64	165	91.2
5613  Bourg-en-Lavaux	83	320	217.1
5611  Savigny	40	98	63.6
5610  Saint-Saphorin (Lavaux)	4	18	42.077,00
561  Adelboden	121	342	190.1
5609  Rivaz	15	82	41.9
5607  Puidoux	53	164	110.4
5606  Lutry	30	86	67.6
5604  Forel (Lavaux)	45	121	80.7
5601  Chexbres	16	55	34.4
56  Embrach	22	64	38.9
5592  Romanel-sur-Lausanne	6	15	42.164,00
5591  Renens (VD)	1	30	26.0
5590  Pully	8	27	42.144,00
5589  Prilly	1	2	42.125,00
5588  Paudex	2	2	42.217,00
5587  Le Mont-sur-Lausanne	17	51	32.6
5586  Lausanne	17	81	61.0
5585  Jouxtens-Mézery	0	0	0.0
5584  Epalinges	2	5	42.127,00
5583  Crissier	5	14	42.132,00
5582  Cheseaux-sur-Lausanne	12	29	42.172,00
5581  Belmont-sur-Lausanne	5	27	42.260,00
5571  Tévenon	12	31	42.119,00
557  Zuzwil (BE)	12	32	42.238,00
5568  Sainte-Croix	35	83	55.0
5566  Provence	20	56	42.9
5565  Onnens (VD)	9	37	42.089,00
5564  Novalles	4	11	42.131,00
5563  Mutrux	4	13	9.0
5562  Mauborget	5	15	42.072,00
5561  Grandson	5	12	42.225,00
5560  Grandevent	3	8	42.040,00
556  Zielebach	6	23	42.169,00
5559  Giez	12	33	42.023,00
5557  Fontaines-sur-Grandson	5	16	42.223,00
5556  Fiez	8	18	42.076,00
5555  Corcelles-près-Concise	12	37	42.089,00
5554  Concise	12	66	35.2
5553  Champagne	8	24	42.234,00
5552  Bullet	11	33	26.0
5551  Bonvillars	12	37	42.180,00
555  Zauggenried	12	41	42.155,00
5541  Goumoëns	23	58	38.6
5540  Montilliez	30	82	54.4
554  Wiler bei Utzenstorf	14	57	38.5
5539  Vuarrens	25	49	34.3
5537  Villars-le-Terroir	26	63	39.7
5535  Saint-Barthélemy (VD)	15	34	42.143,00
5534  Rueyres	7	17	11.0
5533  Poliez-Pittet	12	34	42.236,00
5531  Penthéréaz	11	26	19.0
5530  Pailly	14	59	38.9
553  Wiggiswil	5	20	42.167,00
5529  Oulens-sous-Echallens	13	34	42.143,00
5527  Morrens (VD)	6	12	42.071,00
5523  Froideville	7	17	42.075,00
5522  Fey	15	37	42.243,00
5521  Etagnières	6	16	13.0
5520  Essertines-sur-Yverdon	18	50	37.3
552  Utzenstorf	35	114	73.5
5518  Echallens	17	39	42.246,00
5516  Cugy (VD)	5	13	42.074,00
5515  Bretigny-sur-Morrens	2	5	3.0
5514  Bottens	16	39	32.1
5513  Bioley-Orjulaz	4	9	8.0
5512  Bercher	8	18	42.136,00
5511  Assens	13	40	42.034,00
551  Urtenen-Schönbühl	16	43	42.209,00
5503  Vufflens-la-Ville	8	15	42.133,00
5501  Sullens	10	26	42.138,00
5500  Sévery	7	26	42.084,00
550  Scheunen	6	16	42.074,00
55  Eglisau	22	65	44.3
5499  Senarclens	7	17	42.074,00
5498  La Sarraz	6	22	42.231,00
5497  Pompaples	8	19	42.076,00
5496  Penthaz	3	6	42.068,00
5495  Penthalaz	6	14	42.070,00
5494  Pampigny	21	54	42.1
5493  Orny	9	29	42.025,00
5492  Montricher	19	47	37.8
5491  Mont-la-Ville	11	22	42.232,00
5490  Moiry	9	29	42.237,00
549  Schalunen	3	9	42.130,00
5489  Mex (VD)	4	7	42.069,00
5488  Mauraz	3	9	5.0
5487  Lussery-Villars	7	21	42.078,00
5486  L'Isle	19	49	37.9
5485  Grancy	6	19	42.017,00
5484  Gollion	15	50	41.7
5483  Ferreyres	4	11	8.0
5482  Eclépens	8	33	42.237,00
5481  Dizy	5	17	42.049,00
5480  Daillens	13	32	42.236,00
5479  Cuarnens	15	40	42.179,00
5478  Cottens (VD)	10	41	42.089,00
5477  Cossonay	17	51	32.5
5476  Chevilly	5	14	42.072,00
5475  Chavannes-le-Veyron	8	19	42.199,00
5474  La Chaux (Cossonay)	13	28	42.085,00
5473  Boussens	8	16	42.226,00
5472  Bournens	8	23	42.138,00
5471  Bettens	11	23	16.0
547  Münchringen	7	24	42.077,00
5464  Vully-les-Lacs	57	191	129.0
546  Münchenbuchsee	11	29	42.175,00
5458  Faoug	9	23	42.168,00
5456  Cudrefin	25	90	61.0
5451  Avenches	31	82	56.2
545  Mülchi	17	44	42.243,00
544  Moosseedorf	14	34	42.147,00
5437  Saubraz	3	7	5.0
5436  Saint-Oyens	8	21	13.0
5435  Saint-Livres	14	40	42.033,00
5434  Saint-George	8	25	20.0
5432  Montherod	11	21	42.078,00
5431  Mollens (VD)	15	36	42.177,00
5430  Marchissy	10	38	42.122,00
543  Mattstetten	9	32	18.0
5429  Longirod	16	45	42.123,00
5428  Gimel	20	71	53.3
5427  Féchy	11	43	42.246,00
5426  Bougy-Villars	4	46	24.0
5425  Bière	20	63	46.1
5424  Berolle	10	25	42.144,00
5423  Ballens	12	61	35.5
5422  Aubonne	24	117	64.5
5421  Apples	17	48	36.0
542  Limpach	12	39	42.179,00
5415  Yvorne	33	185	133.4
5414  Villeneuve (VD)	14	50	27.0
5413  Roche (VD)	10	53	30.2
5412  Rennaz	4	16	14.0
5411  Ormont-Dessus	26	47	35.1
5410  Ormont-Dessous	39	89	55.2
541  Iffwil	13	60	35.4
5409  Ollon	62	187	124.5
5408  Noville	18	67	61.8
5407  Leysin	13	40	42.063,00
5406  Lavey-Morcles	5	10	42.071,00
5405  Gryon	5	12	42.069,00
5404  Corbeyrier	4	20	42.162,00
5403  Chessel	14	90	55.5
5402  Bex	52	178	107.9
5401  Aigle	47	253	155.8
540  Jegenstorf	21	58	37.6
54  Dietlikon	5	11	42.252,00
5398  Gambarogno	24	70	51.4
5397  Centovalli	20	35	19.0
5396  Terre di Pedemonte	9	11	42.221,00
539  Grafenried	16	40	42.238,00
538  Fraubrunnen	9	27	42.235,00
537  Etzelkofen	8	24	42.229,00
536  Diemerswil	13	44	42.183,00
535  Deisswil bei Münchenbuchsee	5	18	42.227,00
534  Büren zum Hof	14	48	42.035,00
533  Bätterkinden	18	68	44.4
5324  Avegno Gordevio	10	55	41.0
5323  Lavizzara	29	61	39.3
532  Bangerten	8	24	16.0
5317  Maggia	23	45	42.057,00
5315  Linescio	1	4	42.127,00
5310  Cevio	13	35	42.118,00
5309  Cerentino	6	14	42.072,00
5307  Campo (Vallemaggia)	5	9	42.069,00
5304  Bosco/Gurin	5	11	42.100,00
53  Bülach	26	89	60.5
5286  Osogna	4	18	13.0
5285  Lodrino	10	19	42.071,00
5284  Iragna	5	13	6.0
5283  Cresciano	5	11	5.0
5282  Claro	12	30	42.110,00
5281  Biasca	27	71	39.4
5269  Breggia	27	59	34.0
5268  Vacallo	1	1	0.5
5266  Stabio	15	39	42.063,00
5263  Riva San Vitale	6	48	35.0
5260  Novazzano	17	55	37.6
5257  Morbio Inferiore	3	11	5.0
5254  Mendrisio	62	180	117.0
5251  Coldrerio	7	24	19.0
5250  Chiasso	8	17	42.073,00
5249  Castel San Pietro	28	73	44.3
5242  Balerna	3	6	42.127,00
5238  Monteceneri	14	26	42.137,00
5237  Alto Malcantone	8	22	42.171,00
5236  Collina d'Oro	6	12	42.102,00
5233  Vico Morcote	1	8	42.131,00
5231  Vezia	4	13	42.073,00
5230  Vernate	2	3	42.064,00
5227  Torricella-Taverne	8	46	42.247,00
5226  Capriasca	28	68	36.8
5225  Sorengo	0	0	0.0
5222  Sessa	7	14	42.223,00
5221  Savosa	1	4	42.127,00
5219  Rovio	4	7	42.126,00
5216  Pura	1	8	6.0
5214  Porza	2	4	42.125,00
5213  Ponte Tresa	0	0	0.0
5212  Ponte Capriasca	6	15	42.194,00
5210  Paradiso	0	0	0.0
5208  Origlio	1	2	0.8
5207  Novaggio	3	6	42.098,00
5206  Neggio	2	3	1.0
5205  Muzzano	5	55	53.3
5203  Morcote	0	0	0.0
5202  Monteggio	3	14	42.074,00
5200  Miglieglia	3	6	42.128,00
52  Bassersdorf	14	44	31.4
5199  Mezzovico-Vira	7	18	42.072,00
5198  Melide	0	0	0.0
5197  Melano	3	7	42.219,00
5196  Massagno	1	5	42.218,00
5195  Maroggia	1	2	0.8
5194  Manno	2	13	42.194,00
5193  Magliaso	3	6	42.127,00
5192  Lugano	38	100	60.4
5189  Lamone	1	1	0.3
5187  Gravesano	1	1	0.3
5186  Grancia	0	0	0.0
5181  Curio	3	6	42.125,00
5180  Cureglia	2	4	1.0
5178  Croglio	11	37	42.146,00
5176  Comano	2	4	2.0
5171  Caslano	2	4	42.125,00
5167  Canobbio	2	3	42.125,00
5162  Cadempino	1	2	1.0
5161  Cademario	5	12	42.071,00
5160  Brusino Arsizio	0	0	0.0
5154  Bissone	1	1	0.8
5151  Bioggio	1	1	0.3
5149  Bedigliora	5	11	42.069,00
5148  Bedano	4	8	3.0
5146  Astano	3	7	5.0
5144  Arogno	10	24	42.230,00
5143  Aranno	2	19	42.138,00
5141  Agno	2	3	42.125,00
5138  Cugnasco-Gerra	23	51	42.247,00
5137  Isorno	5	8	42.066,00
5136  Onsernone	10	20	42.014,00
5135  Vogorno	5	10	42.068,00
5132  Vergeletto	4	6	42.066,00
5131  Tenero-Contra	9	26	42.233,00
5129  Sonogno	8	17	42.016,00
5125  Ronco sopra Ascona	4	9	42.160,00
5121  Orselina	0	0	0.0
5120  Muralto	1	1	1.0
5119  Mosogno	4	6	42.065,00
5118  Minusio	6	8	42.009,00
5117  Mergoscia	4	11	42.068,00
5115  Losone	10	69	53.5
5113  Locarno	17	62	49.8
5112  Lavertezzo	16	41	42.059,00
5109  Gresso	2	3	0.8
5108  Gordola	15	53	37.1
5105  Frasco	4	8	4.0
5102  Corippo	1	1	0.5
51  Bachenbülach	3	5	3.0
5097  Brissago	12	20	42.045,00
5096  Brione sopra Minusio	2	3	42.217,00
5095  Brione (Verzasca)	7	14	42.164,00
5091  Ascona	4	15	13.0
5081  Sobrio	2	7	5.0
5079  Quinto	26	85	58.2
5078  Prato (Leventina)	3	5	4.0
5077  Pollegio	5	13	42.011,00
5076  Personico	7	11	42.162,00
5073  Giornico	10	19	42.102,00
5072  Faido	60	127	76.5
5071  Dalpe	4	8	42.219,00
5064  Bodio	3	6	3.0
5063  Bedretto	2	8	42.008,00
5061  Airolo	22	62	41.9
5050  Serravalle	51	123	69.3
5049  Blenio	43	122	80.5
5048  Acquarossa	39	91	59.6
502  Vinelz	13	41	42.086,00
5019  Sementina	16	47	34.6
5018  Sant'Antonio	4	11	42.066,00
5017  Sant'Antonino	15	60	50.6
5015  Preonzo	9	11	42.042,00
5014  Pianezzo	2	5	42.127,00
5013  Monte Carasso	12	35	42.115,00
5012  Moleno	1	1	0.3
5010  Lumino	1	3	3.0
501  Tschugg	5	15	42.014,00
5009  Isone	9	23	42.077,00
5008  Gudo	14	35	42.178,00
5007  Gorduno	2	6	3.0
5006  Gnosca	4	10	6.0
5005  Giubiasco	24	102	79.8
5004  Camorino	12	30	42.054,00
5003  Cadenazzo	19	91	75.0
5002  Bellinzona	15	29	42.264,00
5001  Arbedo-Castione	6	26	42.054,00
500  Treiten	22	106	78.6
5  Hedingen	12	34	42.205,00
499  Siselen	25	87	51.6
498  Müntschemier	23	107	85.6
497  Lüscherz	14	41	42.211,00
496  Ins	50	236	179.7
4951  Wigoltingen	62	220	163.8
495  Gampelen	16	75	53.4
4946  Weinfelden	44	144	95.3
4941  Märstetten	44	120	74.5
494  Gals	15	84	47.8
493  Finsterhennen	16	60	48.4
4921  Bussnang	68	272	169.8
492  Erlach	8	34	42.085,00
4911  Bürglen (TG)	38	110	74.7
491  Brüttelen	18	110	85.3
4901  Birwinken	52	179	124.5
4891  Berg (TG)	48	184	120.7
4881  Amlikon-Bissegg	55	151	95.3
4871  Wagenhausen	28	92	51.0
4864  Steckborn	16	44	42.032,00
4851  Salenstein	15	53	32.7
4846  Raperswilen	27	66	43.2
4841  Pfyn	42	111	75.2
4831  Müllheim	24	69	47.0
4826  Mammern	13	56	37.7
4821  Hüttwilen	52	166	100.2
4816  Homburg	90	246	157.7
4811  Herdern	34	86	57.3
4806  Eschenz	36	89	61.3
4801  Berlingen	4	18	42.100,00
4791  Wuppenau	52	136	96.3
4786  Wilen (TG)	4	7	42.129,00
4781  Wängi	52	140	95.7
4776  Tobel-Tägerschen	21	59	40.2
4761  Sirnach	37	105	77.1
4756  Schönholzerswilen	52	152	101.1
4751  Rickenbach (TG)	3	8	42.068,00
4746  Münchwilen (TG)	22	66	47.0
4741  Lommis	24	58	37.4
4726  Fischingen	88	215	140.7
4724  Eschlikon	16	40	42.149,00
4723  Braunau	32	90	60.7
4721  Bichelsee-Balterswil	40	95	66.5
4716  Bettwiesen	15	34	42.152,00
4711  Affeltrangen	63	175	121.2
4701  Wäldi	45	124	84.5
4696  Tägerwilen	30	147	115.9
4691  Münsterlingen	10	34	26.0
4683  Lengwil	33	91	61.7
4681  Langrickenbach	59	182	117.7
4671  Kreuzlingen	10	39	42.151,00
4666  Kemmental	91	229	147.7
4656  Güttingen	34	121	81.7
4651  Gottlieben	0	0	0.0
4646  Ermatingen	31	73	39.5
4643  Bottighofen	2	6	42.220,00
4641  Altnau	30	117	74.4
4621  Warth-Weiningen	18	70	49.0
4616  Uesslingen-Buch	62	171	110.2
4611  Thundorf	53	142	92.1
4606  Stettfurt	16	135	117.7
4601  Neunforn	41	124	76.4
4591  Matzingen	31	65	39.9
4590  Hüttlingen	32	117	64.5
4571  Gachnang	30	80	55.9
4566  Frauenfeld	55	139	85.8
4561  Felben-Wellhausen	14	50	36.3
4551  Aadorf	49	134	93.7
4546  Schlatt (TG)	28	83	60.3
4545  Diessenhofen	18	50	42.031,00
4536  Basadingen-Schlattingen	40	221	188.5
4511  Zihlschlacht-Sitterdorf	43	131	84.1
4506  Sulgen	37	112	76.4
4501  Kradolf-Schönenberg	37	99	70.7
4495  Hohentannen	35	107	71.0
4486  Hauptwil-Gottshaus	56	163	109.8
448  Villeret	14	42	30.0
4476  Erlen	49	146	95.2
4471  Bischofszell	34	94	64.9
447  Vauffelin	5	12	8.0
4461  Amriswil	76	234	147.8
446  Tramelan	44	104	75.9
4451  Uttwil	17	56	43.5
445  Sonvilier	40	104	76.3
4446  Sommeri	18	50	30.2
4441  Salmsach	14	85	73.2
444  Sonceboz-Sombeval	13	36	42.272,00
4436  Romanshorn	26	56	39.2
4431  Roggwil (TG)	51	162	116.2
443  Saint-Imier	23	66	42.0
4426  Kesswil	14	115	86.0
4421  Horn	2	7	42.221,00
442  Romont (BE)	7	21	42.075,00
4416  Hefenhofen	23	79	56.4
4411  Egnach	107	377	265.7
441  Renan (BE)	25	72	50.8
4406  Dozwil	10	27	42.234,00
4401  Arbon	12	43	42.032,00
440  Plagne	5	15	42.258,00
44  Waltalingen	27	73	40.8
439  Péry	6	17	12.0
438  Orvin	23	52	32.1
437  Mont-Tramelan	13	40	42.116,00
436  La Heutte	4	10	42.010,00
435  La Ferrière	30	73	52.9
434  Courtelary	19	43	42.094,00
433  Cortébert	18	48	42.277,00
4323  Bad Zurzach	11	24	42.228,00
4322  Wislikofen	15	42	42.239,00
4321  Unterendingen	7	58	55.3
4320  Tegerfelden	23	78	58.3
432  Cormoret	10	25	42.234,00
4319  Siglistorf	7	19	42.228,00
4318  Schneisingen	20	56	30.2
4317  Rümikon	3	8	42.066,00
4316  Rietheim	6	15	9.0
4315  Rekingen (AG)	1	2	42.125,00
4314  Mellikon	4	13	42.131,00
4313  Leuggern	45	123	66.7
4312  Lengnau (AG)	42	101	62.3
4311  Leibstadt	20	53	42.242,00
4310  Koblenz	4	22	42.078,00
431  Corgémont	27	72	43.9
4309  Klingnau	14	37	42.174,00
4308  Kaiserstuhl	1	3	42.065,00
4307  Full-Reuenthal	16	135	78.3
4306  Fisibach	14	36	42.175,00
4305  Endingen	27	68	43.4
4304  Döttingen	12	48	42.183,00
4303  Böttstein	14	53	35.0
4302  Böbikon	11	26	42.170,00
4301  Baldingen	9	25	42.170,00
43  Volken	15	37	42.087,00
4289  Zofingen	26	58	42.277,00
4288  Wiliberg	9	20	42.073,00
4287  Vordemwald	25	60	42.155,00
4286  Uerkheim	38	84	43.4
4285  Strengelbach	14	36	42.267,00
4284  Staffelbach	25	68	42.0
4283  Safenwil	16	51	42.094,00
4282  Rothrist	27	63	33.9
4281  Reitnau	30	80	40.3
4280  Oftringen	35	131	97.0
4279  Murgenthal	34	79	43.0
4277  Moosleerau	12	26	42.018,00
4276  Kölliken	12	31	42.024,00
4275  Kirchleerau	18	69	46.8
4274  Brittnau	56	133	65.5
4273  Bottenwil	22	48	23.0
4272  Attelwil	10	24	42.140,00
4271  Aarburg	3	8	42.130,00
4264  Zuzgen	22	57	37.1
4263  Zeiningen	24	66	42.4
4262  Wegenstetten	15	52	36.0
4261  Wallbach	11	32	42.262,00
4260  Stein (AG)	4	10	42.008,00
4259  Schupfart	23	58	42.091,00
4258  Rheinfelden	3	8	42.222,00
4257  Olsberg	11	31	42.206,00
4256  Obermumpf	10	37	42.269,00
4255  Mumpf	3	9	42.067,00
4254  Möhlin	38	119	83.1
4253  Magden	23	68	35.6
4252  Kaiseraugst	2	5	42.219,00
4251  Hellikon	24	74	40.9
4240  Waltenschwil	17	58	38.1
424  Wynigen	102	288	178.6
4239  Sins	86	273	180.2
4238  Rottenschwil	10	26	42.232,00
4237  Oberrüti	25	58	36.4
4236  Muri (AG)	42	136	94.5
4235  Mühlau	28	83	51.5
4234  Merenschwand	52	158	104.5
4233  Kallern	16	44	42.057,00
4232  Geltwil	12	33	42.269,00
4231  Dietwil	25	71	45.2
4230  Buttwil	14	37	42.240,00
423  Willadingen	8	24	42.077,00
4229  Bünzen	22	59	29.0
4228  Boswil	42	132	87.5
4227  Bettwil	16	44	42.092,00
4226  Besenbüren	14	33	42.264,00
4224  Beinwil (Freiamt)	42	113	66.8
4223  Auw	33	88	58.8
4222  Aristau	32	83	53.8
4221  Abtwil	18	49	32.4
422  Rüti bei Lyssach	7	23	42.136,00
4210  Staufen	6	21	42.078,00
421  Rumendingen	11	30	42.023,00
4209  Seon	21	67	43.9
4208  Seengen	24	88	52.9
4207  Schafisheim	15	61	36.1
4206  Rupperswil	8	21	42.076,00
4205  Othmarsingen	8	27	42.232,00
4204  Niederlenz	3	10	42.130,00
4203  Möriken-Wildegg	12	34	42.084,00
4202  Meisterschwanden	12	27	42.233,00
4201  Lenzburg	11	32	42.080,00
4200  Hunzenschwil	12	35	42.115,00
420  Rüdtligen-Alchenflüh	7	35	42.179,00
42  Unterstammheim	24	80	54.5
4199  Holderbank (AG)	3	7	42.220,00
4198  Hendschiken	12	27	42.231,00
4197  Hallwil	6	16	11.0
4196  Fahrwangen	13	31	42.171,00
4195  Egliswil	18	39	42.205,00
4194  Dintikon	11	68	40.2
4193  Brunegg	5	14	42.132,00
4192  Boniswil	6	10	42.160,00
4191  Ammerswil	5	17	42.228,00
419  Oberösch	7	25	42.081,00
4184  Mettauertal	58	141	68.3
4183  Zeihen	24	77	46.2
4182  Wölflinswil	34	110	65.4
4181  Wittnau	17	46	42.033,00
418  Oberburg	53	141	97.9
4179  Ueken	13	51	42.090,00
4177  Sisseln	3	5	42.219,00
4176  Schwaderloch	5	19	42.071,00
4175  Oeschgen	12	39	42.179,00
4173  Oberhof	24	72	42.8
4172  Münchwilen (AG)	2	5	42.187,00
4170  Laufenburg	35	114	67.5
417  Niederösch	16	52	42.214,00
4169  Kaisten	39	102	63.3
4167  Hornussen	13	42	42.209,00
4166  Herznach	24	60	36.1
4165  Gipf-Oberfrick	29	92	48.1
4164  Gansingen	23	66	39.4
4163  Frick	15	54	37.7
4161  Eiken	12	37	42.022,00
416  Mötschwil	8	23	15.0
415  Lyssach	13	42	42.124,00
4147  Zetzwil	16	40	42.087,00
4146  Unterkulm	31	78	43.5
4145  Teufenthal (AG)	11	24	42.230,00
4144  Schöftland	12	25	42.165,00
4143  Schmiedrued	48	107	64.0
4142  Schlossrued	44	98	53.1
4141  Reinach (AG)	22	48	30.0
4140  Oberkulm	33	77	39.7
414  Krauchthal	46	122	79.4
4139  Menziken	9	21	42.106,00
4138  Leutwil	18	50	42.035,00
4137  Leimbach (AG)	7	19	42.166,00
4136  Holziken	7	25	42.260,00
4135  Gontenschwil	37	92	48.6
4134  Dürrenäsch	15	32	42.172,00
4133  Burg (AG)	2	6	3.0
4132  Birrwil	17	33	42.262,00
4131  Beinwil am See	12	34	42.082,00
413  Koppigen	21	59	43.2
4124  Bözberg	46	116	63.6
4123  Windisch	4	11	6.0
4122  Villnachern	14	43	42.115,00
4121  Villigen	15	108	86.9
4120  Veltheim (AG)	13	51	39.6
412  Kirchberg (BE)	25	67	39.0
4117  Thalheim (AG)	28	60	27.0
4115  Schinznach-Dorf	22	131	106.7
4114  Schinznach-Bad	1	1	0.3
4113  Scherz	12	24	42.076,00
4112  Rüfenach	13	38	42.118,00
4111  Riniken	11	27	42.261,00
4110  Remigen	14	56	35.4
411  Kernenried	7	22	42.140,00
4109  Oberflachs	10	35	42.029,00
4107  Mülligen	4	13	42.222,00
4106  Mönthal	10	22	42.163,00
4105  Mandach	17	40	42.269,00
4104  Lupfig	12	51	33.9
4100  Hausen (AG)	3	8	42.251,00
410  Höchstetten	12	40	42.242,00
41  Truttikon	19	52	42.035,00
4099  Habsburg	3	13	42.131,00
4097  Elfingen	12	33	42.263,00
4096  Effingen	15	47	42.270,00
4095  Brugg	5	18	42.166,00
4094  Bözen	11	43	42.092,00
4093  Birrhard	9	24	42.168,00
4092  Birr	8	30	42.208,00
4091  Auenstein	8	16	42.070,00
409  Hindelbank	15	50	33.1
4084  Islisberg	6	19	12.0
4083  Zufikon	11	26	42.107,00
4082  Wohlen (AG)	19	57	35.9
4081  Widen	7	16	9.0
4080  Villmergen	25	64	44.9
408  Hellsau	6	20	42.231,00
4079  Unterlunkhofen	19	47	42.247,00
4078  Uezwil	13	38	42.085,00
4077  Tägerig	5	13	42.133,00
4076  Sarmenstorf	21	57	37.2
4075  Rudolfstetten-Friedlisberg	11	27	42.020,00
4074  Oberwil-Lieli	16	69	43.7
4073  Oberlunkhofen	11	44	33.1
4072  Niederwil (AG)	19	68	43.2
4071  Jonen	20	54	42.154,00
407  Heimiswil	107	303	193.7
4069  Hermetschwil-Staffeln	11	41	42.265,00
4068  Hägglingen	31	87	51.8
4067  Fischbach-Göslikon	11	34	42.265,00
4066  Eggenwil	7	24	42.078,00
4065  Dottikon	9	41	32.5
4064  Büttikon	9	22	42.226,00
4063  Bremgarten (AG)	5	18	42.107,00
4062  Berikon	12	39	42.180,00
4061  Arni (AG)	7	20	42.016,00
406  Hasle bei Burgdorf	90	287	174.6
405  Ersigen	28	76	50.0
4049  Ehrendingen	26	73	43.5
4048  Würenlos	20	61	42.1
4047  Würenlingen	17	61	41.2
4046  Wohlenschwil	11	60	43.7
4045  Wettingen	20	85	51.5
4044  Untersiggenthal	11	42	42.030,00
4042  Turgi	0	0	0.0
4041  Stetten (AG)	16	70	45.9
4040  Spreitenbach	12	27	42.261,00
404  Burgdorf	11	31	42.241,00
4039  Remetschwil	16	52	42.181,00
4038  Obersiggenthal	19	44	42.274,00
4037  Oberrohrdorf	15	25	42.167,00
4035  Niederrohrdorf	8	18	42.230,00
4034  Neuenhof	5	10	42.097,00
4033  Mellingen	7	21	42.136,00
4032  Mägenwil	8	20	42.230,00
4031  Künten	14	38	42.115,00
4030  Killwangen	4	13	42.222,00
403  Bäriswil	9	17	42.043,00
4029  Gebenstorf	11	31	42.110,00
4028  Freienwil	11	29	42.110,00
4027  Fislisbach	7	13	42.072,00
4026  Ennetbaden	5	16	10.0
4024  Birmenstorf (AG)	18	135	110.9
4023  Bergdietikon	21	57	42.033,00
4022  Bellikon	13	35	42.239,00
4021  Baden	9	74	60.3
402  Alchenstorf	22	78	52.2
4013  Unterentfelden	5	24	42.024,00
4012  Suhr	13	50	36.3
4010  Oberentfelden	8	25	42.229,00
401  Aefligen	15	34	42.084,00
4009  Muhen	26	69	41.2
4008  Küttigen	20	65	32.8
4007  Hirschthal	8	66	55.3
4006  Gränichen	36	74	40.9
4005  Erlinsbach (AG)	21	58	37.7
4004  Densbüren	26	74	44.9
4003  Buchs (AG)	2	6	4.0
4002  Biberstein	4	12	42.070,00
4001  Aarau	10	52	33.6
40  Trüllikon	38	117	73.4
4  Hausen am Albis	41	108	69.0
3987  Trun	23	61	38.6
3986  Tujetsch	20	49	34.6
3985  Sumvitg	35	101	63.8
3983  Medel (Lucmagn)	22	56	37.3
3982  Disentis/Mustér	34	86	53.6
3981  Breil/Brigels	27	72	43.1
3972  Seewis im Prättigau	35	97	52.1
3962  Schiers	47	115	69.7
3961  Grüsch	47	124	79.6
3955  Landquart	33	109	76.8
3954  Malans	36	135	78.0
3953  Maienfeld	53	172	119.7
3952  Jenins	28	100	58.6
3951  Fläsch	25	93	66.4
3947  Zizers	21	59	43.2
3946  Untervaz	17	52	34.5
3945  Trimmis	26	67	52.4
3941  Haldenstein	9	29	42.024,00
394  Wengi	23	73	48.9
3932  Tschiertschen-Praden	7	18	42.228,00
393  Rüti bei Büren	20	48	42.092,00
3926  Maladers	9	17	42.018,00
3921  Arosa	51	119	79.9
392  Pieterlen	13	30	42.082,00
3911  Churwalden	37	102	63.5
391  Oberwil bei Büren	23	72	50.0
3901  Chur	27	94	74.9
390  Meinisberg	12	28	42.262,00
39  Thalheim an der Thur	18	59	38.3
3893  St. Antönien	27	70	37.7
3891  Luzein	56	137	71.0
389  Meienried	5	13	42.222,00
3883  Saas	21	59	28.0
3882  Küblis	13	34	42.174,00
3881  Conters im Prättigau	12	22	42.102,00
388  Leuzigen	28	109	72.9
3871  Klosters-Serneus	59	142	82.3
387  Lengnau (BE)	10	29	42.205,00
3863  Jenaz	23	61	38.9
3862  Furna	18	49	42.276,00
3861  Fideris	21	85	42.7
386  Dotzigen	8	27	42.234,00
3851  Davos	80	217	142.4
385  Diessbach bei Büren	21	101	67.2
3847  Val Müstair	53	135	84.3
3836  Verdabbio	4	10	42.221,00
3835  San Vittore	11	27	42.231,00
3834  Roveredo (GR)	20	41	42.026,00
3833  Leggia	7	13	42.222,00
3832  Grono	4	6	42.065,00
3831  Cama	9	24	42.167,00
383  Büren an der Aare	32	112	78.4
3823  Soazza	4	17	42.073,00
3822  Mesocco	13	37	42.089,00
3821  Lostallo	17	42	42.084,00
382  Büetigen	9	28	42.081,00
3811  Selma	3	8	42.041,00
3810  Santa Maria in Calanca	4	6	42.127,00
381  Arch	12	34	42.174,00
3808  Rossa	3	5	42.218,00
3806  Cauco	3	9	5.0
3805  Castaneda	0	0	0.0
3804  Buseno	4	11	42.128,00
3803  Braggio	5	11	42.043,00
3801  Arvigo	4	6	4.0
38  Rheinau	3	22	42.144,00
3792  Bregaglia	29	92	66.4
3791  Zuoz	9	35	42.212,00
3790  Silvaplana	3	6	6.0
3789  Sils im Engadin/Segl	8	25	42.020,00
3788  S-chanf	17	40	42.114,00
3787  St. Moritz	5	14	42.074,00
3786  Samedan	8	27	42.235,00
3785  La Punt-Chamues-ch	10	17	42.076,00
3784  Pontresina	4	7	42.069,00
3783  Madulain	4	11	42.193,00
3782  Celerina/Schlarigna	6	13	42.070,00
3781  Bever	7	20	42.258,00
3764  Valsot	37	99	65.1
3763  Sent	27	66	41.4
3762  Scuol	15	44	42.276,00
3761  Ftan	19	45	42.213,00
3752  Samnaun	23	39	42.089,00
3746  Zernez	18	63	38.3
3745  Tarasp	4	11	7.0
3744  Susch	4	10	42.068,00
3743  Lavin	8	19	42.073,00
3742  Guarda	10	20	42.137,00
3741  Ardez	18	55	37.1
3734  Trin	16	55	35.7
3733  Tamins	10	28	42.265,00
3732  Flims	17	44	42.271,00
3731  Felsberg	9	33	42.178,00
3723  Rhäzüns	7	14	42.223,00
3722  Domat/Ems	18	52	39.2
3721  Bonaduz	10	49	32.7
372  Evilard	8	21	42.137,00
3713  Ferrera	1	2	2.0
3712  Zillis-Reischen	10	30	42.173,00
3711  Rongellen	2	4	42.066,00
371  Biel/Bienne	14	84	61.8
3708  Mathon	7	21	14.0
3707  Lohn (GR)	6	19	42.166,00
3705  Donat	19	61	37.4
3703  Casti-Wergenstein	5	15	42.074,00
3701  Andeer	13	38	42.152,00
37  Ossingen	29	88	57.3
3695  Sufers	7	29	42.023,00
3694  Splügen	17	42	42.273,00
3693  Nufenen	16	44	42.182,00
3691  Hinterrhein	10	24	42.077,00
3681  Avers	15	43	42.034,00
3672  Safiental	78	200	121.9
3671  Tomils	32	82	45.4
3670  Urmein	9	28	42.173,00
3669  Tschappina	19	46	42.117,00
3668  Thusis	3	13	42.225,00
3663  Masein	8	20	42.166,00
3662  Flerden	14	35	42.150,00
3661  Cazis	45	117	73.5
3640  Sils im Domleschg	7	18	42.225,00
3638  Scharans	13	27	42.172,00
3637  Rothenbrunnen	2	8	42.219,00
3636  Rodels	7	17	42.047,00
3635  Pratval	4	15	42.224,00
3634  Paspels	5	13	42.194,00
3633  Fürstenau	4	12	42.070,00
3631  Almens	5	15	10.0
363  Ostermundigen	7	21	42.226,00
362  Ittigen	4	12	42.133,00
3618  Lumnezia	116	274	176.1
3617  Mundaun	11	25	42.022,00
3616  Waltensburg/Vuorz	14	42	42.270,00
3615  Siat	8	18	11.0
3614  Rueun	13	31	42.262,00
3613  Pigniu	2	3	3.0
3612  Obersaxen	36	79	48.1
3611  Andiast	12	29	42.079,00
361  Zollikofen	12	52	45.0
3603  Vals	25	74	43.4
360  Wohlen bei Bern	97	294	186.4
36  Oberstammheim	34	87	53.1
3598  St. Martin	4	9	42.191,00
3593  Duvin	8	16	11.0
359  Vechigen	92	262	155.8
3584  Sevgein	6	21	42.228,00
3583  Schnaus	4	13	10.0
3582  Schluein	6	15	42.224,00
3581  Sagogn	5	14	42.222,00
3580  Ruschein	12	31	42.019,00
358  Stettlen	9	28	42.111,00
3579  Riein	5	13	42.223,00
3578  Pitasch	6	12	42.223,00
3577  Luven	8	18	12.0
3576  Ladir	2	4	42.126,00
3575  Laax	11	28	42.021,00
3574  Ilanz	11	31	22.0
3572  Falera	12	36	42.150,00
3571  Castrisch	7	20	42.079,00
357  Oberbalm	65	180	106.9
3561  Poschiavo	74	204	122.9
356  Muri bei Bern	9	33	42.088,00
3551  Brusio	23	98	71.0
355  Köniz	153	485	314.0
3541  Tinizong-Rona	11	30	42.235,00
3540  Sur	5	14	9.0
354  Kirchlindach	37	113	81.2
3539  Savognin	18	47	42.247,00
3538  Salouf	12	32	42.081,00
3536  Riom-Parsonz	16	47	29.2
3534  Mulegns	5	10	42.223,00
3533  Marmorera	1	2	0.5
3532  Cunter	5	9	42.130,00
3531  Bivio	6	11	42.132,00
353  Bremgarten bei Bern	5	12	42.013,00
3522  Filisur	9	41	30.0
3521  Bergün/Bravuogn	12	71	53.9
352  Bolligen	46	136	89.2
3515  Surava	3	7	42.129,00
3514  Schmitten (GR)	2	5	42.128,00
3513  Lantsch/Lenz	9	23	42.231,00
3512  Brienz/Brinzauls	5	11	42.132,00
3511  Alvaneu	14	33	42.265,00
351  Bern	52	286	216.4
3506  Vaz/Obervaz	28	63	43.4
3505  Tiefencastel	7	24	42.203,00
3504  Stierva	10	17	42.074,00
3503  Mutten	7	12	42.131,00
3502  Mon	7	16	42.134,00
3501  Alvaschein	4	11	42.067,00
35  Marthalen	36	106	55.0
345  Wynau	15	40	42.116,00
3444  Waldkirch	129	344	238.4
3443  Gossau (SG)	93	258	185.6
3442  Gaiserwald	35	96	64.1
3441  Andwil (SG)	29	95	73.4
344  Ursenbach	44	110	65.0
3427  Wil (SG)	52	152	115.7
3426  Zuzwil (SG)	24	68	48.4
3424  Oberbüren	74	226	155.4
3423  Niederhelfenschwil	77	218	141.5
3422  Niederbüren	68	218	135.7
342  Thunstetten	34	158	101.4
341  Schwarzhäusern	9	19	14.0
3408  Uzwil	35	94	60.9
3407  Oberuzwil	62	150	93.9
3405  Jonschwil	43	104	69.1
3402  Flawil	38	114	81.9
3401  Degersheim	42	117	79.8
340  Rütschelen	15	46	42.094,00
34  Laufen-Uhwiesen	19	61	42.2
3395  Bütschwil-Ganterschwil	109	227	151.7
3394  Mosnang	151	345	226.3
3393  Lütisburg	53	122	78.2
3392  Kirchberg (SG)	166	404	274.5
339  Rohrbachgraben	32	87	55.4
338  Rohrbach	20	41	42.212,00
3379  Wattwil	162	362	241.8
3378  Neckertal	156	360	252.9
3375  Oberhelfenschwil	44	100	70.1
3374  Lichtensteig	3	6	42.220,00
3372  Hemberg	69	151	95.9
337  Roggwil (BE)	16	45	29.2
3360  Nesslau	165	413	280.4
336  Reisiswil	8	25	42.020,00
3359  Wildhaus-Alt St. Johann	105	260	172.8
3352  Ebnat-Kappel	80	192	126.1
335  Oeschenbach	18	65	36.4
3342  Eschenbach (SG)	162	418	252.5
3341  Gommiswald	90	230	141.8
3340  Rapperswil-Jona	49	111	69.3
334  Obersteckholz	17	48	42.154,00
3339  Uznach	22	57	35.2
3338  Schmerikon	13	27	42.171,00
333  Melchnau	35	111	57.1
332  Madiswil	95	258	157.0
3316  Weesen	13	29	42.231,00
3315  Schänis	89	236	149.5
3313  Kaltbrunn	59	144	95.5
3312  Benken (SG)	74	199	140.3
3311  Amden	54	141	88.8
331  Lotzwil	13	40	42.213,00
33  Kleinandelfingen	28	66	41.6
3298  Walenstadt	48	133	87.1
3297  Vilters-Wangs	41	101	72.3
3296  Sargans	27	86	54.0
3295  Quarten	47	119	77.8
3294  Pfäfers	50	142	87.5
3293  Mels	108	312	194.5
3292  Flums	128	291	166.7
3291  Bad Ragaz	21	109	73.2
329  Langenthal	20	61	46.1
3276  Wartau	51	119	83.8
3275  Sevelen	37	105	76.4
3274  Sennwald	76	219	159.4
3273  Grabs	92	239	164.5
3272  Gams	72	191	126.8
3271  Buchs (SG)	27	87	65.9
326  Gondiswil	47	135	78.7
3256  Rüthi (SG)	18	49	42.183,00
3255  Rebstein	13	31	42.176,00
3254  Oberriet (SG)	102	375	242.7
3253  Marbach (SG)	22	91	67.4
3252  Eichberg	20	41	42.180,00
3251  Altstätten	123	339	230.7
325  Busswil bei Melchnau	9	22	42.167,00
324  Bleienbach	20	63	40.8
3238  Widnau	5	10	42.222,00
3237  Thal	28	80	53.8
3236  St. Margrethen	13	53	34.3
3235  Rheineck	3	6	4.0
3234  Diepoldsau	29	148	115.2
3233  Berneck	31	78	46.0
3232  Balgach	22	178	138.6
3231  Au (SG)	12	32	42.027,00
323  Bannwil	15	53	42.034,00
322  Auswil	27	71	43.1
3219  Untereggen	28	70	45.4
3218  Tübach	8	24	42.080,00
3217  Steinach	19	79	54.2
3216  Rorschacherberg	17	40	42.028,00
3215  Rorschach	3	7	42.009,00
3214  Mörschwil	37	108	77.3
3213  Goldach	7	33	42.177,00
3212  Eggersriet	38	83	50.1
3211  Berg (SG)	20	58	42.9
321  Aarwangen	25	81	52.5
3204  Wittenbach	42	107	71.0
3203  St. Gallen	69	172	117.2
3202  Muolen	55	135	101.8
3201  Häggenschwil	40	107	81.7
32  Humlikon	7	18	42.196,00
312  Seedorf (BE)	66	228	151.4
3111  Oberegg	55	115	75.2
311  Schüpfen	61	170	104.7
3105  Schwende	54	114	70.6
3104  Schlatt-Haslen	100	220	147.8
3103  Rüte	118	265	175.6
3102  Gonten	96	201	151.0
3101  Appenzell	87	179	121.2
310  Rapperswil (BE)	73	197	122.3
31  Henggart	10	19	42.015,00
309  Radelfingen	42	112	72.6
307  Meikirch	29	80	52.9
306  Lyss	17	58	43.2
305  Kappelen	30	100	71.8
304  Kallnach	43	113	72.4
3038  Wolfhalden	21	48	42.276,00
3037  Walzenhausen	22	47	42.121,00
3036  Wald (AR)	25	57	36.6
3035  Reute (AR)	12	32	23.0
3034  Rehetobel	26	53	32.9
3033  Lutzenberg	16	26	42.172,00
3032  Heiden	35	68	40.6
3031  Grub (AR)	18	46	42.185,00
303  Grossaffoltern	51	161	101.4
3025  Trogen	28	55	38.3
3024  Teufen (AR)	55	114	64.8
3023  Speicher	23	57	40.3
3022  Gais	52	109	75.1
3021  Bühler	22	55	37.6
302  Bargen (BE)	28	74	43.4
301  Aarberg	19	78	49.7
3007  Waldstatt	25	59	40.3
3006  Urnäsch	89	188	130.7
3005  Stein (AR)	40	88	62.2
3004  Schwellbrunn	71	147	107.7
3003  Schönengrund	25	49	36.4
3002  Hundwil	56	138	100.7
3001  Herisau	90	228	145.4
30  Andelfingen	14	41	42.094,00
3  Bonstetten	14	42	21.0
2974  Wilchingen	60	197	110.8
2973  Trasadingen	20	60	34.2
2972  Oberhallau	28	82	55.6
2971  Hallau	46	222	112.6
2964  Stein am Rhein	13	36	42.175,00
2963  Ramsen	34	118	66.1
2962  Hemishofen	11	48	31.9
2961  Buch (SH)	9	21	42.138,00
2953  Siblingen	21	53	42.123,00
2952  Schleitheim	41	113	65.7
2951  Beggingen	22	57	33.4
2939  Schaffhausen	24	103	73.4
2938  Rüdlingen	16	49	42.035,00
2937  Neuhausen am Rheinfall	9	38	42.086,00
2936  Merishausen	17	39	42.028,00
2933  Buchberg	23	62	35.1
2932  Beringen	22	65	40.2
2931  Bargen (SH)	8	21	14.0
2920  Thayngen	75	192	125.2
2919  Stetten (SH)	7	16	42.074,00
2917  Lohn (SH)	6	22	42.075,00
2915  Dörflingen	19	48	32.9
2914  Büttenhardt	12	29	42.050,00
2904  Neunkirch	19	56	38.9
2903  Löhningen	19	55	33.7
2901  Gächlingen	27	78	42.1
29  Flurlingen	3	6	42.220,00
2895  Waldenburg	11	29	42.112,00
2894  Titterten	12	32	42.236,00
2893  Reigoldswil	24	63	39.2
2892  Oberdorf (BL)	11	32	42.267,00
2891  Niederdorf	12	32	42.057,00
2890  Liedertswil	5	7	6.0
2889  Lauwil	9	23	42.077,00
2888  Langenbruck	27	65	43.6
2887  Lampenberg	12	37	42.202,00
2886  Hölstein	10	30	42.237,00
2885  Eptingen	27	79	45.2
2884  Diegten	32	104	67.8
2883  Bretzwil	24	67	39.9
2882  Bennwil	19	50	34.6
2881  Arboldswil	8	17	42.225,00
2869  Zunzgen	12	69	37.7
2868  Zeglingen	21	57	32.6
2867  Wittinsburg	8	23	42.074,00
2866  Wintersingen	16	44	29.2
2865  Wenslingen	17	46	42.148,00
2864  Thürnen	8	23	42.019,00
2863  Tenniken	12	32	42.142,00
2862  Tecknau	4	9	42.129,00
2861  Sissach	20	97	47.4
2860  Rünenberg	12	33	42.024,00
2859  Rümlingen	5	14	42.223,00
2858  Rothenfluh	18	50	42.212,00
2857  Rickenbach (BL)	12	46	42.147,00
2856  Ormalingen	16	59	44.6
2855  Oltingen	19	74	44.6
2854  Nusshof	4	23	42.108,00
2853  Maisprach	19	75	50.6
2852  Läufelfingen	21	47	29.2
2851  Kilchberg (BL)	7	14	42.011,00
2850  Känerkinden	6	29	42.048,00
2849  Itingen	4	11	42.067,00
2848  Hemmiken	11	35	42.239,00
2847  Häfelfingen	13	32	18.0
2846  Gelterkinden	18	47	42.182,00
2845  Diepflingen	0	0	0.0
2844  Buus	27	95	59.9
2843  Buckten	7	18	42.072,00
2842  Böckten	5	12	42.132,00
2841  Anwil	14	43	42.181,00
2834  Ziefen	16	40	42.088,00
2833  Seltisberg	4	10	42.070,00
2832  Ramlinsburg	6	19	42.227,00
2831  Pratteln	11	42	42.272,00
2830  Lupsingen	6	13	7.0
2829  Liestal	16	52	42.035,00
2828  Lausen	6	18	42.074,00
2827  Hersberg	5	14	42.073,00
2826  Giebenach	7	13	42.012,00
2825  Füllinsdorf	10	96	60.5
2824  Frenkendorf	4	11	42.042,00
2823  Bubendorf	16	59	34.5
2822  Augst	4	17	42.136,00
2821  Arisdorf	31	105	64.8
28  Flaach	28	94	58.2
2793  Zwingen	6	13	8.0
2792  Wahlen	14	39	42.209,00
2791  Röschenz	8	20	42.018,00
2790  Roggenburg	11	29	42.080,00
2789  Nenzlingen	6	15	42.225,00
2788  Liesberg	15	47	31.0
2787  Laufen	9	25	42.022,00
2786  Grellingen	2	3	1.0
2785  Duggingen	8	22	42.015,00
2784  Dittingen	10	26	42.167,00
2783  Burg im Leimental	6	13	42.222,00
2782  Brislach	16	49	42.245,00
2781  Blauen	8	17	42.255,00
2775  Therwil	18	118	65.3
2774  Schönenbuch	9	28	42.021,00
2773  Reinach (BL)	8	23	11.0
2772  Pfeffingen	5	16	42.196,00
2771  Oberwil (BL)	12	59	42.7
2770  Muttenz	11	41	42.243,00
2769  Münchenstein	7	35	42.026,00
2768  Ettingen	15	47	36.4
2767  Bottmingen	6	44	35.3
2766  Birsfelden	0	0	0.0
2765  Binningen	7	28	18.0
2764  Biel-Benken	14	66	54.8
2763  Arlesheim	6	28	42.020,00
2762  Allschwil	14	48	33.3
2761  Aesch (BL)	12	76	52.5
2703  Riehen	11	46	36.0
2702  Bettingen	2	9	5.0
2701  Basel	8	53	49.3
27  Feuerthalen	1	9	42.222,00
2622  Zullwil	8	18	42.225,00
2621  Nunningen	19	48	42.118,00
2620  Meltingen	7	18	42.074,00
2619  Kleinlützel	25	53	34.4
2618  Himmelried	19	37	42.174,00
2617  Grindel	6	13	42.132,00
2616  Fehren	6	17	42.104,00
2615  Erschwil	10	33	42.172,00
2614  Büsserach	11	26	42.021,00
2613  Breitenbach	10	35	42.031,00
2612  Beinwil (SO)	34	94	66.1
2611  Bärschwil	18	44	42.151,00
261  Zürich	49	197	139.5
2601  Solothurn	6	55	39.5
26  Dorf	11	35	42.268,00
2586  Wangen bei Olten	8	23	42.233,00
2585  Walterswil (SO)	17	36	42.176,00
2584  Starrkirch-Wil	4	8	4.0
2583  Schönenwerd	3	9	42.068,00
2582  Rickenbach (SO)	6	11	42.069,00
2581  Olten	7	19	42.105,00
2580  Kappel (SO)	8	21	42.228,00
2579  Hägendorf	11	42	42.274,00
2578  Gunzgen	10	25	42.140,00
2576  Gretzenbach	11	29	42.234,00
2575  Fulenbach	17	53	35.0
2574  Eppenberg-Wöschnau	5	15	42.225,00
2573  Dulliken	14	33	19.0
2572  Däniken	10	25	42.080,00
2571  Boningen	7	24	42.231,00
2556  Selzach	45	134	69.6
2555  Rüttenen	11	24	42.140,00
2554  Riedholz	17	38	42.086,00
2553  Oberdorf (SO)	15	39	42.063,00
2551  Lommiswil	14	33	42.235,00
2550  Langendorf	4	9	42.160,00
2549  Kammersrohr	3	8	42.068,00
2548  Hubersdorf	5	12	42.162,00
2547  Günsberg	12	37	42.084,00
2546  Grenchen	32	109	75.5
2545  Flumenthal	8	23	42.077,00
2544  Feldbrunnen-St. Niklaus	4	11	42.222,00
2543  Bettlach	21	52	33.1
2542  Bellach	17	40	42.240,00
2541  Balm bei Günsberg	9	16	42.226,00
2535  Drei Höfe	13	46	42.094,00
2534  Zuchwil	3	7	42.160,00
2532  Subingen	14	51	36.1
2530  Recherswil	9	40	42.267,00
2529  Oekingen	8	19	42.137,00
2528  Obergerlafingen	5	10	42.191,00
2527  Luterbach	7	18	42.043,00
2526  Lohn-Ammannsegg	7	22	42.079,00
2525  Kriegstetten	2	6	42.127,00
2524  Hüniken	2	6	42.219,00
2523  Horriwil	9	21	42.138,00
2520  Halten	9	28	42.170,00
2519  Gerlafingen	2	5	42.096,00
2518  Etziken	13	38	42.238,00
2517  Derendingen	13	33	42.060,00
2516  Deitingen	22	71	51.0
2514  Bolken	5	22	42.195,00
2513  Biberist	21	58	37.7
2511  Aeschi (SO)	18	52	37.0
251  Weiningen (ZH)	13	42	42.275,00
2503  Erlinsbach (SO)	17	46	42.030,00
2502  Wisen (SO)	12	32	42.172,00
2501  Winznau	12	36	42.118,00
2500  Trimbach	15	44	42.120,00
250  Urdorf	7	23	42.228,00
25  Dachsen	7	17	42.194,00
2499  Stüsslingen	17	37	42.026,00
2498  Rohr (SO)	7	20	42.076,00
2497  Obergösgen	8	18	42.075,00
2495  Niedergösgen	15	47	32.7
2493  Lostorf	21	50	42.273,00
2492  Kienberg	22	64	38.1
2491  Hauenstein-Ifenthal	15	38	42.173,00
249  Unterengstringen	4	13	42.072,00
2481  Witterswil	11	58	42.215,00
2480  Seewen	29	77	47.7
248  Uitikon	8	23	42.110,00
2479  Rodersdorf	9	30	42.173,00
2478  Nuglar-St. Pantaleon	17	41	42.228,00
2477  Metzerlen-Mariastein	15	56	34.4
2476  Hofstetten-Flüh	9	27	42.018,00
2475  Hochwald	18	58	31.2
2474  Gempen	11	48	42.247,00
2473  Dornach	7	24	42.078,00
2472  Büren (SO)	12	35	42.026,00
2471  Bättwil	7	21	42.231,00
247  Schlieren	5	21	13.0
2464  Lüsslingen-Nennigkofen	23	62	37.9
2463  Unterramsern	8	19	42.137,00
2462  Tscheppach	7	12	42.072,00
2461  Schnottwil	28	61	35.5
246  Oetwil an der Limmat	2	6	42.068,00
2458  Mühledorf (SO)	13	41	42.180,00
2457  Messen	44	110	66.8
2456  Lüterswil-Gächliwil	10	23	42.015,00
2455  Lüterkofen-Ichertswil	15	32	42.236,00
2453  Kyburg-Buchegg	2	7	42.129,00
2452  Küttigkofen	8	19	42.226,00
2450  Hessigkofen	7	22	42.231,00
245  Oberengstringen	2	7	42.220,00
2449  Gossliwil	7	19	42.227,00
2446  Brügglen	4	14	42.133,00
2445  Biezwil	11	38	42.025,00
2444  Bibern (SO)	10	35	42.178,00
2442  Aetingen	8	16	42.104,00
2441  Aetigkofen	8	21	42.108,00
244  Geroldswil	1	4	4.0
243  Dietikon	5	18	42.138,00
2429  Welschenrohr	16	44	31.6
2428  Mümliswil-Ramiswil	83	210	147.0
2427  Matzendorf	29	61	39.4
2426  Laupersdorf	33	98	60.7
2425  Holderbank (SO)	13	35	42.209,00
2424  Herbetswil	20	45	42.033,00
2423  Gänsbrunnen	5	16	42.165,00
2422  Balsthal	13	33	42.145,00
2421  Aedermannsdorf	16	37	42.060,00
242  Birmensdorf (ZH)	21	60	36.0
241  Aesch (ZH)	18	53	38.0
2408  Wolfwil	18	42	42.063,00
2407  Oensingen	14	67	35.2
2406  Oberbuchsiten	8	18	42.073,00
2405  Niederbuchsiten	19	75	55.9
2404  Neuendorf	19	63	43.7
2403  Kestenholz	19	49	35.1
2402  Härkingen	9	32	42.176,00
2401  Egerkingen	9	28	42.020,00
24  Buch am Irchel	23	67	44.3
2338  La Verrerie	37	103	84.1
2337  Le Flon	27	67	52.6
2336  Semsales	21	52	40.8
2335  Saint-Martin (FR)	33	84	62.4
2333  Remaufens	13	29	21.0
2328  Granges (Veveyse)	9	20	42.077,00
2325  Châtel-Saint-Denis	41	110	83.5
2323  Bossonnens	9	26	42.238,00
2321  Attalens	18	42	32.6
2310  Zumholz	8	18	42.227,00
231  Zell (ZH)	29	89	56.5
2309  Wünnewil-Flamatt	45	121	80.6
2308  Ueberstorf	59	144	97.0
2307  Tentlingen	14	29	20.0
2306  Tafers	23	58	39.6
2305  Schmitten (FR)	36	99	69.1
2304  St. Ursen	48	120	81.3
2303  St. Silvester	20	50	35.1
2302  St. Antoni	59	156	110.5
2301  Rechthalten	22	60	37.7
2300  Plasselb	16	39	42.271,00
230  Winterthur	62	210	142.4
23  Berg am Irchel	22	52	42.124,00
2299  Plaffeien	42	84	57.0
2298  Oberschrot	25	53	36.8
2296  Heitenried	36	98	67.5
2295  Bösingen	41	130	87.3
2294  Giffers	23	64	39.9
2293  Düdingen	80	287	204.7
2292  Brünisried	12	25	42.022,00
2291  Alterswil	53	147	97.8
229  Wiesendangen	31	96	56.3
2283  Wallenried	12	32	42.086,00
2281  Haut-Vully	23	105	68.6
2280  Bas-Vully	12	38	31.0
228  Turbenthal	59	158	95.9
2279  Villarepos	9	26	42.140,00
2278  Ulmiz	8	26	42.022,00
2277  Salvenach	13	31	42.025,00
2276  Ried bei Kerzers	38	307	268.0
2275  Murten	33	156	121.7
2274  Muntelier	2	5	5.0
2272  Misery-Courtion	28	87	62.5
2271  Meyriez	0	0	0.0
2270  Lurtigen	10	34	42.113,00
227  Seuzach	15	52	32.6
2266  Kleinbösingen	7	18	42.227,00
2265  Kerzers	37	207	165.2
2264  Jeuss	9	31	42.268,00
2262  Gurmels	49	145	94.1
2261  Greng	3	16	11.0
2260  Gempenach	9	47	41.3
226  Schlatt (ZH)	24	53	33.6
2259  Galmiz	15	71	53.9
2258  Fräschels	11	37	42.090,00
2257  Cressier (FR)	6	33	42.237,00
2254  Courtepin	5	15	42.226,00
2251  Courlevon	8	24	42.169,00
2250  Courgevaux	6	13	42.132,00
225  Rickenbach (ZH)	25	83	51.5
2243  Barberêche	19	51	36.1
224  Pfungen	7	22	42.075,00
2235  La Sonnaz	13	44	36.8
2234  La Brillaz	23	60	48.6
2233  Hauterive (FR)	16	54	47.1
2231  Vuisternens-en-Ogoz	14	40	42.118,00
2230  Villarsel-sur-Marly	3	12	42.224,00
223  Neftenbach	50	175	110.3
2228  Villars-sur-Glâne	3	14	42.070,00
2226  Treyvaux	34	85	64.6
2225  Senèdes	1	3	42.125,00
2223  Le Glèbe	23	55	39.9
2222  Rossens (FR)	8	19	42.019,00
2221  Prez-vers-Noréaz	14	46	32.4
2220  Le Mouret	36	96	66.4
222  Hofstetten (ZH)	19	46	42.243,00
2217  Ponthaux	14	37	42.245,00
2216  Pierrafortscha	7	19	42.169,00
2213  Noréaz	13	35	42.091,00
2211  Neyruz (FR)	6	16	11.0
221  Hettlingen	22	53	42.245,00
2208  Matran	3	8	42.070,00
2206  Marly	9	18	13.0
2200  Grolley	13	38	42.088,00
220  Hagenbuch	21	59	35.4
22  Benken (ZH)	20	91	64.7
2198  Granges-Paccot	8	25	42.083,00
2197  Givisiez	2	8	42.218,00
2196  Fribourg	2	9	9.0
2194  Ferpicloz	3	13	42.070,00
2192  Farvagny	29	65	49.6
219  Elsau	24	111	49.5
2189  Ependes (FR)	14	45	35.1
2186  Cottens (FR)	14	36	42.244,00
2185  Corserey	7	23	42.081,00
2184  Corpataux-Magnedens	7	18	42.231,00
2183  Corminboeuf	6	25	42.087,00
218  Ellikon an der Thur	19	92	59.8
2179  Chésopelloz	6	19	15.0
2177  Chénens	7	16	10.0
2175  Belfaux	15	37	42.184,00
2174  Avry	13	47	39.1
2173  Autigny	21	51	36.9
2172  Autafond	8	23	42.234,00
2171  Arconciel	8	20	15.0
217  Elgg	23	84	58.9
2162  Bas-Intyamon	16	38	42.122,00
2160  Vuadens	30	83	64.1
216  Dinhard	20	58	36.7
2155  Vaulruz	27	73	50.7
2153  Sorens	23	56	39.1
2152  Sâles	56	148	114.4
215  Dättlikon	10	28	42.236,00
2149  La Roche	38	88	62.5
2148  Riaz	12	38	42.181,00
2147  Pont-la-Ville	16	44	32.3
2145  Le Pâquier (FR)	8	21	15.0
2143  Morlon	6	22	42.050,00
2140  Marsens	13	30	42.088,00
214  Dägerlen	30	65	40.4
2138  Jaun	25	66	39.6
2137  Hauteville	11	24	42.261,00
2135  Gruyères	17	48	35.8
2134  Grandvillard	12	35	42.030,00
2131  Echarlens	15	37	42.211,00
2130  Crésuz	1	2	42.125,00
213  Brütten	21	66	44.1
2129  Corbières	13	27	42.174,00
2128  Châtel-sur-Montsalvens	3	7	5.0
2127  Charmey	26	91	64.7
2126  Cerniat (FR)	12	34	42.240,00
2125  Bulle	20	58	45.8
2124  Broc	4	14	42.075,00
2123  Botterens	4	17	42.226,00
2122  Pont-en-Ogoz	20	55	40.5
2121  Haut-Intyamon	31	82	51.2
212  Bertschikon	32	85	51.2
2116  La Folliaz	29	69	53.4
2115  Torny	18	59	38.4
2114  Villorsonnens	43	122	94.1
2113  Vuisternens-devant-Romont	85	203	158.0
2111  Villaz-Saint-Pierre	18	36	42.089,00
211  Altikon	24	75	46.1
2102  Ursy	46	112	84.0
21  Adlikon	23	57	42.062,00
2099  Siviriez	65	179	125.4
2097  Rue	30	81	53.4
2096  Romont (FR)	29	82	64.6
2089  Montet (Glâne)	4	8	42.221,00
2087  Mézières (FR)	28	77	53.2
2086  Massonnens	16	40	42.246,00
2079  Grangettes	11	23	42.110,00
2072  Ecublens (FR)	11	29	42.147,00
2068  Châtonnaye	17	42	42.030,00
2067  Le Châtelard	25	69	53.6
2066  Chapelle (Glâne)	7	16	42.074,00
2063  Billens-Hennens	16	43	42.247,00
2061  Auboranges	7	16	13.0
2052  Vernay	20	45	33.8
2051  Delley-Portalban	13	82	44.7
2050  Les Montets	25	69	44.9
2049  Vuissens	8	15	42.073,00
2047  Villeneuve (FR)	4	7	7.0
2045  Vallon	8	23	18.0
2044  Surpierre	6	14	42.225,00
2043  Sévaz	4	10	42.070,00
2041  Saint-Aubin (FR)	19	57	34.0
2040  Russy	8	17	13.0
2039  Rueyres-les-Prés	8	18	42.077,00
2038  Prévondavaux	4	13	42.130,00
2035  Nuvilly	12	38	28.0
2034  Murist	21	68	50.9
2033  Morens (FR)	10	32	42.021,00
2029  Montagny (FR)	40	110	75.9
2027  Ménières	12	42	42.033,00
2025  Lully (FR)	14	40	42.146,00
2024  Léchelles	12	30	42.147,00
2022  Gletterens	7	18	42.073,00
2016  Fétigny	8	25	42.170,00
2015  Estavayer-le-Lac	15	39	42.030,00
2014  Dompierre (FR)	17	52	32.6
2013  Domdidier	19	49	32.6
2011  Cugy (FR)	25	106	62.4
2010  Cheyres	10	32	42.083,00
2009  Cheiry	16	51	32.2
2008  Châtillon (FR)	5	19	42.165,00
2005  Châbles	10	39	42.119,00
2004  Bussy (FR)	8	39	42.145,00
200  Wangen-Brüttisellen	20	68	56.0
2  Affoltern am Albis	25	54	35.7
199  Volketswil	29	74	41.0
198  Uster	63	177	122.3
197  Schwerzenbach	10	39	32.3
196  Mönchaltorf	28	64	37.0
195  Maur	33	104	61.7
194  Greifensee	4	12	42.101,00
193  Fällanden	9	21	42.015,00
192  Egg	52	151	93.4
191  Dübendorf	17	150	129.2
182  Wildberg	27	71	48.4
181  Wila	20	54	32.9
180  Weisslingen	24	66	44.6
179  Sternenberg	17	35	42.205,00
178  Russikon	37	133	85.6
177  Pfäffikon	41	167	126.1
176  Lindau	24	64	46.7
175  Kyburg	9	21	42.077,00
174  Illnau-Effretikon	66	245	159.6
173  Hittnau	29	75	48.4
172  Fehraltorf	22	53	40.3
1711  Zug	43	142	97.8
1710  Walchwil	44	107	60.6
171  Bauma	47	123	67.7
1709  Unterägeri	51	132	87.0
1708  Steinhausen	20	47	42.274,00
1707  Risch	39	124	83.3
1706  Oberägeri	76	213	134.3
1705  Neuheim	28	72	45.4
1704  Menzingen	102	280	172.4
1703  Hünenberg	60	253	149.1
1702  Cham	55	169	119.1
1701  Baar	80	305	200.1
1632  Glarus	60	178	115.0
1631  Glarus Süd	178	464	293.8
1630  Glarus Nord	159	428	277.2
161  Zollikon	6	15	42.166,00
160  Zumikon	4	5	42.187,00
159  Uetikon am See	11	29	42.022,00
158  Stäfa	26	86	64.3
157  Oetwil am See	22	47	42.061,00
156  Meilen	29	92	55.3
155  Männedorf	12	30	42.265,00
154  Küsnacht (ZH)	25	87	56.9
153  Hombrechtikon	70	193	105.8
152  Herrliberg	20	58	37.5
1511  Wolfenschiessen	89	224	130.8
1510  Stansstad	25	66	43.5
151  Erlenbach (ZH)	4	17	42.196,00
1509  Stans	31	88	59.1
1508  Oberdorf (NW)	60	162	99.7
1507  Hergiswil (NW)	24	65	40.9
1506  Ennetmoos	58	166	101.1
1505  Ennetbürgen	43	101	60.7
1504  Emmetten	25	65	35.8
1503  Dallenwil	41	122	76.3
1502  Buochs	45	131	83.6
1501  Beckenried	47	160	90.2
142  Wädenswil	71	190	123.0
141  Thalwil	3	6	42.128,00
1407  Sarnen	152	388	239.8
1406  Sachseln	81	210	138.5
1405  Lungern	56	147	88.9
1404  Kerns	151	392	248.1
1403  Giswil	111	286	180.1
1402  Engelberg	60	154	96.7
1401  Alpnach	80	203	131.6
140  Schönenberg (ZH)	46	115	76.0
14  Wettswil am Albis	9	22	42.014,00
139  Rüschlikon	4	15	42.076,00
138  Richterswil	26	81	56.6
1375  Unteriberg	52	140	81.1
1374  Steinerberg	39	103	66.0
1373  Steinen	60	158	97.1
1372  Schwyz	164	423	265.3
1371  Sattel	57	171	107.7
1370  Rothenthurm	45	117	75.7
137  Oberrieden	1	16	16.0
1369  Riemenstalden	11	27	42.078,00
1368  Oberiberg	36	89	48.9
1367  Muotathal	115	296	161.8
1366  Morschach	33	74	52.5
1365  Lauerz	27	64	37.5
1364  Ingenbohl	40	103	59.9
1363  Illgau	25	70	44.2
1362  Arth	108	270	161.0
1361  Alpthal	21	52	42.154,00
136  Langnau am Albis	11	25	42.172,00
135  Kilchberg (ZH)	3	10	42.253,00
1349  Wangen (SZ)	44	99	71.3
1348  Vorderthal	48	102	65.1
1347  Tuggen	49	129	92.6
1346  Schübelbach	74	178	112.5
1345  Reichenburg	38	112	82.6
1344  Lachen	2	5	4.0
1343  Innerthal	5	13	8.0
1342  Galgenen	66	161	95.9
1341  Altendorf	79	262	171.0
134  Hütten	28	90	46.7
1331  Küssnacht (SZ)	113	288	177.8
133  Horgen	29	107	74.8
1323  Wollerau	23	72	40.4
1322  Freienbach	39	130	90.8
1321  Feusisberg	69	166	100.8
132  Hirzel	40	106	72.2
1311  Gersau	42	109	58.8
131  Adliswil	4	13	42.073,00
1301  Einsiedeln	206	519	309.2
13  Stallikon	15	42	42.210,00
1220  Wassen	15	37	42.088,00
1219  Unterschächen	47	136	63.5
1218  Spiringen	69	169	97.1
1217  Sisikon	9	26	42.077,00
1216  Silenen	50	121	64.4
1215  Seelisberg	27	60	32.5
1214  Seedorf (UR)	15	44	42.088,00
1213  Schattdorf	44	128	71.6
1212  Realp	2	6	42.125,00
1211  Isenthal	45	128	68.5
1210  Hospental	4	11	42.070,00
121  Wetzikon (ZH)	28	87	52.5
1209  Gurtnellen	32	77	46.4
1208  Göschenen	10	27	42.229,00
1207  Flüelen	15	57	42.152,00
1206  Erstfeld	36	98	57.7
1205  Bürglen (UR)	106	259	147.4
1204  Bauen	3	8	42.127,00
1203  Attinghausen	37	97	55.7
1202  Andermatt	21	50	42.123,00
1201  Altdorf (UR)	41	100	61.8
120  Wald (ZH)	81	179	112.9
12  Rifferswil	17	43	42.119,00
119  Seegräben	12	37	42.028,00
118  Rüti (ZH)	22	62	38.9
117  Hinwil	71	198	129.3
116  Grüningen	43	128	88.3
1151  Willisau	183	488	298.7
1150  Zell (LU)	61	159	101.7
115  Gossau (ZH)	58	195	137.1
1147  Wikon	18	70	47.1
1146  Wauwil	18	189	157.9
1145  Ufhusen	62	152	106.3
1143  Schötz	65	171	103.7
1142  Roggliswil	33	91	50.4
1140  Reiden	79	195	117.7
114  Fischenthal	57	143	75.3
1139  Pfaffnau	68	176	104.3
1137  Nebikon	12	37	42.240,00
1136  Menznau	118	325	199.8
1135  Luthern	126	328	199.5
1132  Hergiswil bei Willisau	152	376	213.5
1131  Grossdietwil	41	119	83.8
1130  Gettnau	29	83	49.3
113  Dürnten	36	141	104.3
1129  Fischbach	38	103	62.7
1128  Ettiswil	50	142	99.3
1127  Egolzwil	13	49	37.6
1126  Ebersecken	43	124	83.0
1125  Dagmersellen	91	233	140.7
1123  Altishofen	22	81	60.8
1122  Altbüron	34	99	67.1
1121  Alberswil	10	26	42.080,00
112  Bubikon	37	98	59.0
111  Bäretswil	65	151	92.9
1107  Wolhusen	66	183	117.7
1104  Triengen	86	275	168.2
1103  Sursee	9	39	42.147,00
1102  Sempach	32	137	83.4
1100  Schlierbach	26	59	39.9
11  Ottenbach	16	40	42.265,00
1099  Schenkon	33	85	50.0
1098  Ruswil	205	621	413.4
1097  Rickenbach (LU)	40	107	69.8
1095  Oberkirch	50	141	95.6
1094  Nottwil	59	158	101.8
1093  Neuenkirch	117	334	221.6
1091  Mauensee	28	104	68.3
1089  Knutwil	36	103	65.3
1088  Hildisrieden	34	111	71.9
1086  Grosswangen	110	317	211.8
1085  Geuensee	29	79	48.7
1084  Eich	25	76	51.9
1083  Buttisholz	89	239	159.1
1082  Büron	21	61	43.4
1081  Beromünster	166	487	313.8
1069  Weggis	35	120	79.2
1068  Vitznau	23	60	34.5
1067  Udligenswil	27	73	45.7
1066  Schwarzenberg	58	143	88.8
1065  Root	22	57	31.2
1064  Meierskappel	31	103	55.9
1063  Meggen	23	70	45.2
1062  Malters	114	343	227.0
1061  Luzern	51	176	121.0
1059  Kriens	51	112	69.1
1058  Horw	36	115	72.5
1057  Honau	6	18	42.227,00
1056  Greppen	12	30	42.263,00
1055  Gisikon	5	73	61.3
1054  Ebikon	22	66	49.3
1053  Dierikon	9	26	42.142,00
1052  Buchrain	9	42	33.0
1051  Adligenswil	21	57	40.4
1041  Schongau	57	147	84.9
1040  Rothenburg	68	182	129.9
1039  Römerswil	85	239	144.6
1037  Rain	47	128	89.7
1033  Inwil	44	133	97.5
1032  Hohenrain	110	321	214.1
1031  Hochdorf	30	131	95.9
1030  Hitzkirch	107	344	206.2
1026  Eschenbach (LU)	51	146	106.7
1025  Ermensee	16	46	42.182,00
1024  Emmen	46	186	140.8
1023  Ballwil	40	112	80.2
1022  Altwis	16	80	52.0
1021  Aesch (LU)	24	84	57.0
102  Weiach	12	32	42.026,00
1010  Escholzmatt-Marbach	297	784	449.8
101  Steinmaur	32	171	133.2
1009  Werthenstein	76	187	100.1
1008  Schüpfheim	157	412	278.5
1007  Romoos	82	218	129.4
1005  Hasle (LU)	85	257	147.0
1004  Flühli	98	236	135.4
1002  Entlebuch	162	398	246.6
1001  Doppleschwand	33	97	54.1
100  Stadel	38	135	92.5
10  Obfelden	20	65	42.4
1  Aeugst am Albis	15	37	42.030,00