Regions-ID	Regionsname	Pendlersaldo in Personen 	Bilanz der Zu- und Wegpendler pro 100 Erwerbstätige sowie Schüler/Studierende
1	Aeugst am Albis	-667	-59
2	Affoltern am Albis	-461	-6.6
3	Bonstetten	-1467	-51.7
4	Hausen am Albis	-977	-43.2
5	Hedingen	-435	-20.1
6	Kappel am Albis	-309	-48.6
7	Knonau	-529	-50.6
8	Maschwanden	-226	-57.5
9	Mettmenstetten	-1108	-40.2
10	Obfelden	-1322	-43.5
11	Ottenbach	-866	-53.2
12	Rifferswil	-266	-51.6
13	Stallikon	-951	-48.9
14	Wettswil am Albis	-1497	-55.8
21	Adlikon	-275	-63.8
22	Benken (ZH)	-243	-49.7
23	Berg am Irchel	-143	-33.6
24	Buch am Irchel	-347	-63.6
25	Dachsen	-504	-49.3
26	Dorf	-249	-59.3
27	Feuerthalen	-443	-22.8
28	Flaach	0	0
29	Flurlingen	-413	-47.1
30	Andelfingen	384	34.3
31	Henggart	-568	-49.7
32	Humlikon	-49	-17.3
33	Kleinandelfingen	-321	-24.6
34	Laufen-Uhwiesen	-435	-46.7
35	Marthalen	-77	-6
36	Oberstammheim	-206	-28.2
37	Ossingen	-213	-24.3
38	Rheinau	190	21.2
39	Thalheim an der Thur	-265	-58.8
40	Trüllikon	-390	-52.7
41	Truttikon	-73	-22.7
42	Unterstammheim	-27	-4.5
43	Volken	-105	-53.8
44	Waltalingen	-266	-52.5
51	Bachenbülach	-546	-24.5
52	Bassersdorf	-1496	-28
53	Bülach	977	9.9
54	Dietlikon	2173	50.3
55	Eglisau	-418	-20.8
56	Embrach	-1263	-22.7
57	Freienstein-Teufen	-820	-51.6
58	Glattfelden	-1247	-50.2
59	Hochfelden	-731	-63.3
60	Höri	-279	-17.1
61	Hüntwangen	-306	-56.2
62	Kloten	19841	164.3
63	Lufingen	-549	-64.4
64	Nürensdorf	-1805	-56.3
65	Oberembrach	-427	-58.6
66	Opfikon	7388	87.9
67	Rafz	-741	-31.1
68	Rorbas	-665	-40.7
69	Wallisellen	4881	59.9
70	Wasterkingen	-276	-64.6
71	Wil (ZH)	-315	-33.1
72	Winkel	-1572	-65.4
81	Bachs	-150	-35.3
82	Boppelsen	-488	-66.8
83	Buchs (ZH)	-868	-27.3
84	Dällikon	37	1.5
85	Dänikon	-639	-48.2
86	Dielsdorf	644	18.4
87	Hüttikon	-248	-61.4
88	Neerach	-1172	-65.8
89	Niederglatt	-1228	-45.6
90	Niederhasli	-2928	-52.6
91	Niederweningen	-317	-19.4
92	Oberglatt	-2121	-56.3
93	Oberweningen	-646	-66.8
94	Otelfingen	1062	77.3
95	Regensberg	-126	-33.9
96	Regensdorf	-316	-2.9
97	Rümlang	1456	37.8
98	Schleinikon	-284	-61.2
99	Schöfflisdorf	-363	-45.2
100	Stadel	-525	-43.1
101	Steinmaur	-999	-50.3
102	Weiach	-320	-47.4
111	Bäretswil	-1382	-46.3
112	Bubikon	-731	-18.6
113	Dürnten	-2145	-51.3
114	Fischenthal	-485	-34.2
115	Gossau (ZH)	-2798	-44.4
116	Grüningen	-408	-19.7
117	Hinwil	191	3
118	Rüti (ZH)	-1670	-22.7
119	Seegräben	-384	-39.4
120	Wald (ZH)	-1521	-26.7
121	Wetzikon (ZH)	2925	23.7
131	Adliswil	-3551	-33.2
132	Hirzel	-461	-34.4
133	Horgen	-1718	-14.6
134	Hütten	-245	-41.4
135	Kilchberg (ZH)	-507	-10.5
136	Langnau am Albis	-2524	-55.6
137	Oberrieden	-1649	-54.7
138	Richterswil	-2795	-39.2
139	Rüschlikon	-447	-14.2
140	Schönenberg (ZH)	-664	-53
141	Thalwil	-3892	-36
142	Wädenswil	-2478	-18.5
151	Erlenbach (ZH)	-865	-28.1
152	Herrliberg	-2010	-54.9
153	Hombrechtikon	-1220	-23.9
154	Küsnacht (ZH)	-1754	-22
155	Männedorf	-1159	-21.1
156	Meilen	-1328	-17.3
157	Oetwil am See	-817	-25.8
158	Stäfa	-1908	-24.3
159	Uetikon am See	-1420	-42
160	Zumikon	-586	-19
161	Zollikon	-1580	-21.7
171	Bauma	-895	-30
172	Fehraltorf	-571	-16.3
173	Hittnau	-1070	-48
174	Illnau-Effretikon	-3457	-34
175	Kyburg	-162	-57.9
176	Lindau	-370	-12.6
177	Pfäffikon	-746	-11.3
178	Russikon	-1328	-46.3
179	Sternenberg	-63	-27.4
180	Weisslingen	-918	-44.4
181	Wila	-411	-31.9
182	Wildberg	-357	-55.6
191	Dübendorf	894	5.7
192	Egg	-2185	-42.5
193	Fällanden	-1504	-32.6
194	Greifensee	-1797	-48.3
195	Maur	-3440	-55.5
196	Mönchaltorf	-1029	-42.4
197	Schwerzenbach	117	3.9
198	Uster	-3640	-18.3
199	Volketswil	176	1.7
200	Wangen-Brüttisellen	-740	-16.6
211	Altikon	-263	-59
212	Bertschikon	-345	-47.4
213	Brütten	-816	-64.2
214	Dägerlen	-295	-47.8
215	Dättlikon	-239	-60.7
216	Dinhard	-556	-57.7
217	Elgg	-537	-22.2
218	Ellikon an der Thur	-150	-27.6
219	Elsau	-882	-44.2
220	Hagenbuch	-456	-55.9
221	Hettlingen	-821	-50.6
222	Hofstetten bei Elgg	-159	-54.5
223	Neftenbach	-1507	-45.7
224	Pfungen	-915	-52.3
225	Rickenbach (ZH)	-635	-46.2
226	Schlatt (ZH)	-231	-51.3
227	Seuzach	-1496	-33.6
228	Turbenthal	-842	-29.1
229	Wiesendangen	-1546	-57.4
230	Winterthur	9094	15.2
231	Zell (ZH)	-1244	-40.7
241	Aesch bei Birmensdorf	-350	-50.7
242	Birmensdorf (ZH)	-1432	-37.2
243	Dietikon	1118	7.8
244	Geroldswil	-1404	-41.5
245	Oberengstringen	-1979	-51.1
246	Oetwil an der Limmat	-1100	-70.7
247	Schlieren	4795	53.9
248	Uitikon	-1141	-49.2
249	Unterengstringen	-989	-49.1
250	Urdorf	890	13.8
251	Weiningen (ZH)	-745	-27.4
261	Zürich	170051	70.4
301	Aarberg	641	24.2
302	Bargen (BE)	-311	-47.3
303	Grossaffoltern	-1128	-58.3
304	Kallnach	-204	-20
305	Kappelen	-295	-41.4
306	Lyss	843	11.1
307	Meikirch	-975	-55.4
308	Niederried bei Kallnach	-142	-70
309	Radelfingen	-453	-53.2
310	Rapperswil (BE)	-530	-37.7
311	Schüpfen	-1026	-43.4
312	Seedorf (BE)	-846	-41.2
321	Aarwangen	-1024	-37.7
322	Auswil	-159	-45
323	Bannwil	-222	-53.1
324	Bleienbach	240	48.4
325	Busswil bei Melchnau	-45	-36.6
326	Gondiswil	-206	-43.7
327	Gutenburg	-63	-67
328	Kleindietwil	44	12.3
329	Langenthal	4385	47.4
330	Leimiswil	-113	-37
331	Lotzwil	-468	-30.7
332	Madiswil	-388	-28.9
333	Melchnau	-261	-24.5
334	Obersteckholz	-134	-51
335	Oeschenbach	-76	-40.2
336	Reisiswil	-46	-34.6
337	Roggwil (BE)	-303	-13.1
338	Rohrbach	-282	-32.1
339	Rohrbachgraben	-120	-42.9
340	Rütschelen	-196	-56
341	Schwarzhäusern	-151	-52.4
342	Thunstetten	255	12.8
343	Untersteckholz	-71	-59.7
344	Ursenbach	-147	-26
345	Wynau	-415	-39.8
351	Bern	85803	101.5
352	Bolligen	-1625	-42.3
353	Bremgarten bei Bern	-1613	-63.3
354	Kirchlindach	-997	-53.4
355	Köniz	-4497	-18
356	Muri bei Bern	-98	-1.2
357	Oberbalm	-307	-52
358	Stettlen	-935	-45.6
359	Vechigen	-1442	-48.2
360	Wohlen bei Bern	-3632	-57.6
361	Zollikofen	233	3.7
362	Ittigen	600	7.9
363	Ostermundigen	-2558	-24.6
371	Biel (BE)	12181	39.8
372	Evilard	-747	-49.1
381	Arch	-326	-29
382	Büetigen	-284	-56.7
383	Büren an der Aare	-160	-7.6
384	Busswil bei Büren	-700	-52.7
385	Diessbach bei Büren	-239	-39.3
386	Dotzigen	-245	-24.4
387	Lengnau (BE)	-877	-30
388	Leuzigen	-411	-53.7
389	Meienried	-34	-69.4
390	Meinisberg	-502	-59.8
391	Oberwil bei Büren	-292	-53.8
392	Pieterlen	-590	-27.1
393	Rüti bei Büren	-230	-38.5
394	Wengi	-190	-50.7
401	Aefligen	-334	-45.6
402	Alchenstorf	-95	-24.4
403	Bäriswil	-491	-66.4
404	Burgdorf	5012	52.4
405	Ersigen	-509	-49.7
406	Hasle bei Burgdorf	-530	-27.2
407	Heimiswil	-484	-45.9
408	Hellsau	25	19.2
409	Hindelbank	-279	-19.5
410	Höchstetten	-89	-50.6
411	Kernenried	-173	-58.4
412	Kirchberg (BE)	-269	-7.3
413	Koppigen	-209	-15
414	Krauchthal	-996	-54.9
415	Lyssach	293	30.3
416	Mötschwil	-55	-66.3
417	Niederösch	-54	-39.4
418	Oberburg	-240	-12.7
419	Oberösch	-55	-68.8
420	Rüdtligen-Alchenflüh	-964	-66.4
421	Rumendingen	14	12.7
422	Rüti bei Lyssach	-86	-76.8
423	Willadingen	-85	-69.7
424	Wynigen	-409	-28.6
431	Corgémont	-174	-17.8
432	Cormoret	-180	-51.9
433	Cortébert	-283	-57.1
434	Courtelary	32	4.2
435	La Ferrière	-121	-33.2
436	La Heutte	-217	-64.8
437	Mont-Tramelan	-26	-31
438	Orvin	-185	-23.2
439	Péry	-341	-38.8
440	Plagne	-160	-62.3
441	Renan (BE)	-197	-40.5
442	Romont (BE)	-59	-43.1
443	Saint-Imier	908	32.3
444	Sonceboz-Sombeval	291	26
445	Sonvilier	-348	-49.4
446	Tramelan	-186	-7.4
447	Vauffelin	-186	-67.9
448	Villeret	-39	-6.9
491	Brüttelen	-139	-32.9
492	Erlach	-56	-6.9
493	Finsterhennen	-154	-54.2
494	Gals	-97	-20.6
495	Gampelen	-12	-2.4
496	Ins	-144	-7.4
497	Lüscherz	-176	-52.7
498	Müntschemier	-67	-8.7
499	Siselen	-188	-44.5
500	Treiten	-127	-46.2
501	Tschugg	57	18.6
502	Vinelz	-255	-51.2
531	Ballmoos	-26	-65
532	Bangerten	-68	-61.8
533	Bätterkinden	-854	-44.3
534	Büren zum Hof	-216	-70.6
535	Deisswil bei Münchenbuchsee	-29	-47.5
536	Diemerswil	-63	-52.5
537	Etzelkofen	-119	-42.2
538	Fraubrunnen	-260	-22.6
539	Grafenried	-403	-63.9
540	Jegenstorf	-601	-21.5
541	Iffwil	-159	-54.3
542	Limpach	-67	-33.7
543	Mattstetten	-223	-54.5
544	Moosseedorf	1527	59.9
545	Mülchi	-93	-53.4
546	Münchenbuchsee	-1158	-17.2
547	Münchringen	-299	-77.1
548	Ruppoldsried	-115	-67.3
549	Schalunen	-184	-71.9
550	Scheunen	-27	-65.9
551	Urtenen	-531	-14
552	Utzenstorf	-295	-11.8
553	Wiggiswil	-16	-21.9
554	Wiler bei Utzenstorf	-81	-15.5
555	Zauggenried	-146	-67.3
556	Zielebach	-168	-72.4
557	Zuzwil (BE)	-166	-53.5
561	Adelboden	-41	-1.7
562	Aeschi bei Spiez	-187	-14.1
563	Frutigen	-291	-6.7
564	Kandergrund	-150	-21.7
565	Kandersteg	-47	-6.1
566	Krattigen	-189	-38.1
567	Reichenbach im Kandertal	-632	-29.5
571	Beatenberg	-103	-12.2
572	Bönigen	-520	-37.4
573	Brienz (BE)	95	4.9
574	Brienzwiler	-192	-47.6
575	Därligen	-146	-60.6
576	Grindelwald	148	5.2
577	Gsteigwiler	-138	-41.8
578	Gündlischwand	-7	-4
579	Habkern	-164	-39.9
580	Hofstetten bei Brienz	-157	-41.8
581	Interlaken	3508	102.8
582	Iseltwald	-67	-25.9
584	Lauterbrunnen	67	3.3
585	Leissigen	-220	-40.8
586	Lütschental	-70	-42.7
587	Matten bei Interlaken	-1074	-44
588	Niederried bei Interlaken	-36	-17.4
589	Oberried am Brienzersee	-97	-33.1
590	Ringgenberg (BE)	-599	-37.6
591	Saxeten	-28	-35
592	Schwanden bei Brienz	-254	-62.1
593	Unterseen	-720	-21.6
594	Wilderswil	-467	-32.1
601	Aeschlen	-85	-38.1
602	Arni (BE)	-302	-41.9
603	Biglen	-265	-21.4
604	Bleiken bei Oberdiessbach	-133	-53
605	Bowil	-300	-33.7
606	Brenzikofen	-150	-44.9
607	Freimettigen	-215	-76
608	Grosshöchstetten	-382	-17.6
609	Häutligen	-72	-50
610	Herbligen	-187	-53.3
611	Kiesen	-187	-36.3
612	Konolfingen	-31	-1
613	Landiswil	-155	-37
614	Linden	-266	-31.4
615	Mirchel	-195	-55.9
616	Münsingen	-406	-5.6
617	Niederhünigen	-269	-59
618	Niederwichtrach	-663	-68
619	Oberdiessbach	195	10.1
620	Oberthal	-219	-39.2
621	Oberwichtrach	-628	-37
622	Oppligen	-193	-50.5
623	Rubigen	-784	-44.3
624	Schlosswil	-232	-47.3
625	Tägertschi	-88	-34
626	Walkringen	-324	-25.2
627	Worb	-2740	-36.2
628	Zäziwil	-523	-47.9
629	Oberhünigen	-114	-51.6
630	Allmendingen	-157	-42.2
631	Trimstein	-175	-49.4
661	Clavaleyres	-22	-57.9
662	Ferenbalm	-477	-52.3
663	Frauenkappelen	-387	-41.6
664	Golaten	-82	-34.3
665	Gurbrü	-99	-56.2
666	Kriechenwil	-130	-50
667	Laupen	-180	-9.7
668	Mühleberg	-412	-21
669	Münchenwiler	-138	-45.1
670	Neuenegg	-535	-18.2
671	Wileroltigen	-119	-48.2
681	Belprahon	-104	-46.4
682	Bévilard	-225	-21
683	Champoz	-27	-25.2
684	Châtelat	-19	-22.6
687	Corcelles (BE)	-83	-57.2
690	Court	-12	-1.4
691	Crémines	-95	-28.4
692	Eschert	-47	-20.9
694	Grandval	-101	-40.6
696	Loveresse	-46	-21.2
697	Malleray	-82	-6.6
699	Monible	-5	-19.2
700	Moutier	1053	21.1
701	Perrefitte	-180	-59.4
702	Pontenet	-52	-41.6
703	Reconvilier	2	0.1
704	Roches (BE)	-76	-46.6
706	Saicourt	102	24
707	Saules (BE)	-78	-70.9
708	Schelten	3	9.1
709	Seehof	-7	-14.3
710	Sornetan	-17	-19.3
711	Sorvilier	-101	-54.9
712	Souboz	-32	-38.6
713	Tavannes	-372	-17
715	Rebévelier	-11	-47.8
721	Diesse	-60	-20.5
722	Lamboing	-261	-57.2
723	La Neuveville	219	9.8
724	Nods	-241	-53.4
725	Prêles	-304	-52.1
731	Aegerten	-614	-52.4
732	Bellmund	-534	-61.7
733	Brügg	1199	45.3
734	Bühl	-186	-67.6
735	Epsach	-136	-64.8
736	Hagneck	-187	-79.9
737	Hermrigen	-32	-18.4
738	Jens	-266	-63
739	Ipsach	-1442	-63.1
740	Ligerz	-198	-59.6
741	Merzligen	-228	-82.6
742	Mörigen	-277	-61.4
743	Nidau	-585	-13.9
744	Orpund	-479	-28.8
745	Port	-841	-45.8
746	Safnern	-475	-38.8
747	Scheuren	-146	-49.8
748	Schwadernau	-181	-40.1
749	Studen	-255	-14.7
750	Sutz-Lattrigen	-352	-43.8
751	Täuffelen	-297	-17.7
752	Tüscherz-Alfermée	-124	-73.4
753	Twann	-163	-27.1
754	Walperswil	-240	-43.5
755	Worben	-308	-22.8
761	Därstetten	-237	-38.4
762	Diemtigen	-216	-15.6
763	Erlenbach im Simmental	-158	-13.6
764	Niederstocken	-101	-49.3
765	Oberstocken	-100	-57.8
766	Oberwil im Simmental	-193	-39.2
767	Reutigen	-255	-42.4
768	Spiez	-754	-10.1
769	Wimmis	-139	-9.3
781	Gadmen	-46	-32.6
782	Guttannen	-97	-46.6
783	Hasliberg	-71	-7.6
784	Innertkirchen	-27	-4.4
785	Meiringen	514	16.7
786	Schattenhalb	-204	-51.3
791	Boltigen	-157	-17.4
792	Lenk	-1	-0.1
793	St. Stephan	-268	-29.9
794	Zweisimmen	75	4
841	Gsteig	-236	-38.2
842	Lauenen	-130	-24.3
843	Saanen	944	19.4
851	Albligen	-162	-48.5
852	Guggisberg	-397	-36.8
853	Rüschegg	-518	-46.8
854	Wahlern	-598	-14
861	Belp	-1132	-17.9
862	Belpberg	-130	-49.8
863	Burgistein	-251	-37.7
864	Englisberg	106	70.2
865	Gelterfingen	-74	-42.3
866	Gerzensee	-177	-28.7
867	Gurzelen	-252	-52.6
868	Jaberg	-89	-57.4
869	Kaufdorf	-301	-53.3
870	Kehrsatz	-1061	-42.6
871	Kienersrüti	-23	-65.7
872	Kirchdorf (BE)	-260	-46.7
873	Kirchenthurnen	-100	-50.8
874	Lohnstorf	-66	-52.8
875	Mühledorf (BE)	-70	-52.2
876	Mühlethurnen	-474	-52.4
877	Niedermuhlern	-52	-14.7
878	Noflen	-83	-48
879	Riggisberg	210	15.9
880	Rüeggisberg	-521	-39.9
881	Rümligen	-134	-45.6
882	Rüti bei Riggisberg	-53	-17.9
883	Seftigen	-753	-52.7
884	Toffen	-799	-51.5
885	Uttigen	-660	-58.4
886	Wattenwil	-275	-15.8
887	Zimmerwald	-228	-38.1
901	Eggiwil	-400	-23.3
902	Langnau im Emmental	985	16.5
903	Lauperswil	-446	-24.7
904	Röthenbach im Emmental	-270	-33.1
905	Rüderswil	-659	-43.4
906	Schangnau	-62	-9.9
907	Signau	-572	-30.3
908	Trub	-222	-22
909	Trubschachen	10	1
921	Amsoldingen	-338	-67.2
922	Blumenstein	-215	-26.7
923	Buchholterberg	-402	-41.6
924	Eriz	-118	-35.9
925	Fahrni	-244	-52
926	Forst	-138	-73.4
927	Heiligenschwendi	1	0.2
928	Heimberg	-794	-20.6
929	Hilterfingen	-940	-41.8
930	Höfen	-165	-57.7
931	Homberg	-125	-39.6
932	Horrenbach-Buchen	-60	-42.6
933	Längenbühl	-75	-29.6
934	Oberhofen am Thunersee	-528	-40.1
935	Oberlangenegg	-138	-44.5
936	Pohlern	-97	-59.1
937	Schwendibach	-107	-57.2
938	Sigriswil	-903	-33.9
939	Steffisburg	-2672	-29.2
940	Teuffenthal (BE)	-26	-19.1
941	Thierachern	-626	-48.3
942	Thun	4280	16.9
943	Uebeschi	-258	-58.2
944	Uetendorf	-765	-19.7
945	Unterlangenegg	-65	-10.5
946	Wachseldorn	-96	-50.8
947	Zwieselberg	-102	-65
951	Affoltern im Emmental	-134	-15.9
952	Dürrenroth	-252	-35.5
953	Eriswil	-433	-45.6
954	Huttwil	289	9.4
955	Lützelflüh	-854	-31.9
956	Rüegsau	-559	-28.6
957	Sumiswald	167	4.7
958	Trachselwald	-330	-43.9
959	Walterswil (BE)	-169	-46
960	Wyssachen	-242	-31.2
971	Attiswil	-432	-48.7
972	Berken	1	3.3
973	Bettenhausen	-174	-54.4
974	Bollodingen	-80	-50.6
975	Farnern	-84	-55.6
976	Graben	-117	-56.2
977	Heimenhausen	-162	-50
978	Hermiswil	-28	-38.4
979	Herzogenbuchsee	763	21.8
980	Inkwil	-299	-67.5
981	Niederbipp	-495	-18.8
982	Niederönz	-221	-23.1
983	Oberbipp	-407	-41.7
984	Oberönz	-358	-59.8
985	Ochlenberg	-239	-55.7
986	Röthenbach bei Herzogenbuchsee	-113	-51.6
987	Rumisberg	-207	-67.4
988	Seeberg	-480	-49.1
989	Thörigen	-226	-33.6
990	Walliswil bei Niederbipp	-90	-55.6
991	Walliswil bei Wangen	-225	-59.2
992	Wangen an der Aare	-94	-7.5
993	Wangenried	-85	-31.7
994	Wanzwil	-105	-58.3
995	Wiedlisbach	-103	-6.6
996	Wolfisberg	-69	-59
1001	Doppleschwand	-231	-52.7
1002	Entlebuch	108	5.1
1003	Escholzmatt	-279	-13.5
1004	Flühli	-134	-11.6
1005	Hasle (LU)	-184	-16.6
1006	Marbach (LU)	-183	-23.4
1007	Romoos	-236	-46.7
1008	Schüpfheim	23	0.9
1009	Werthenstein	67	5.4
1021	Aesch (LU)	-232	-34.6
1022	Altwis	-81	-30.3
1023	Ballwil	-537	-34.9
1024	Emmen	-1671	-9.4
1025	Ermensee	-208	-38
1026	Eschenbach (LU)	-488	-23.8
1027	Gelfingen	-329	-63.9
1028	Hämikon	-118	-39.7
1029	Herlisberg	-80	-49.4
1030	Hitzkirch	657	40.8
1031	Hochdorf	667	12.5
1032	Hohenrain	-466	-28.7
1033	Inwil	-424	-32.3
1034	Lieli	-96	-61.5
1035	Mosen	-7	-3.7
1036	Müswangen	-222	-70
1037	Rain	-501	-38.9
1038	Retschwil	-39	-29.5
1039	Römerswil	-492	-56.7
1040	Rothenburg	-480	-10.7
1041	Schongau	-170	-34.2
1042	Sulz (LU)	-51	-43.2
1051	Adligenswil	-1272	-33.8
1052	Buchrain	-1501	-42.4
1053	Dierikon	786	81.4
1054	Ebikon	-504	-6.4
1055	Gisikon	-158	-25
1056	Greppen	-295	-52.5
1057	Honau	-154	-66.4
1058	Horw	-2548	-30.9
1059	Kriens	-3306	-20.5
1060	Littau	-2342	-21.6
1061	Luzern	26791	71.9
1062	Malters	-626	-15.2
1063	Meggen	-1626	-41.6
1064	Meierskappel	-374	-49.4
1065	Root	124	5.1
1066	Schwarzenberg	-514	-49.9
1067	Udligenswil	-763	-56.7
1068	Vitznau	-235	-33.9
1069	Weggis	-434	-17.7
1081	Beromünster	284	18
1082	Büron	-255	-19.3
1083	Buttisholz	88	4.7
1084	Eich	-423	-45.4
1085	Geuensee	-698	-49.2
1086	Grosswangen	-514	-27.5
1087	Gunzwil	-654	-49.2
1088	Hildisrieden	-548	-45.3
1089	Knutwil	-377	-34.6
1090	Kulmerau	-93	-63.7
1091	Mauensee	-368	-50.4
1092	Neudorf	-274	-36.7
1093	Neuenkirch	-724	-18.3
1094	Nottwil	-76	-3.8
1095	Oberkirch	-961	-50.1
1096	Pfeffikon	-80	-19
1097	Rickenbach (LU)	-420	-29.6
1098	Ruswil	-1355	-31.2
1099	Schenkon	-806	-50.6
1100	Schlierbach	-236	-61.6
1101	Schwarzenbach	-82	-55.4
1102	Sempach	-914	-36
1103	Sursee	5749	101.8
1104	Triengen	96	4.7
1105	Wilihof	-76	-42
1106	Winikon	-203	-36.1
1107	Wolhusen	339	12.5
1121	Alberswil	-230	-61
1122	Altbüron	-126	-20.5
1123	Altishofen	342	38.4
1124	Buchs (LU)	-157	-63.3
1125	Dagmersellen	-212	-9.3
1126	Ebersecken	-115	-40.1
1127	Egolzwil	-360	-40.5
1128	Ettiswil	-418	-32.8
1129	Fischbach	-260	-57.4
1130	Gettnau	-240	-34.9
1131	Grossdietwil	-97	-17
1132	Hergiswil bei Willisau	-420	-35
1133	Kottwil	-163	-60.6
1134	Langnau bei Reiden	-167	-19.5
1135	Luthern	-196	-19.3
1136	Menznau	-240	-12.4
1137	Nebikon	-65	-4.4
1138	Ohmstal	-100	-43.3
1139	Pfaffnau	-53	-3.4
1140	Reiden	-431	-15.8
1141	Richenthal	-212	-48
1142	Roggliswil	-148	-35.3
1143	Schötz	-343	-16.7
1144	Uffikon	-254	-60.2
1145	Ufhusen	-158	-29.2
1146	Wauwil	-201	-17.3
1147	Wikon	-2	-0.2
1148	Willisau Land	448	15.6
1149	Willisau Stadt	239	11.6
1150	Zell (LU)	229	17.3
1201	Altdorf (UR)	2472	45.6
1202	Andermatt	116	13.8
1203	Attinghausen	-529	-53.5
1204	Bauen	-51	-35.2
1205	Bürglen (UR)	-656	-26
1206	Erstfeld	-293	-12.9
1207	Flüelen	-231	-20.1
1208	Göschenen	-49	-14.5
1209	Gurtnellen	-45	-12.2
1210	Hospental	-54	-46.6
1211	Isenthal	-132	-38.4
1212	Realp	-23	-26.7
1213	Schattdorf	-637	-19.1
1214	Seedorf (UR)	-418	-37.8
1215	Seelisberg	-170	-42.1
1216	Silenen	-526	-41.8
1217	Sisikon	-89	-37.1
1218	Spiringen	-151	-24
1219	Unterschächen	-261	-50.8
1220	Wassen	-39	-14.6
1301	Einsiedeln	-1399	-16.2
1311	Gersau	-449	-35.1
1321	Feusisberg	-956	-35.9
1322	Freienbach	923	9.9
1323	Wollerau	-1301	-29.6
1331	Küssnacht am Rigi	-747	-10.1
1341	Altendorf	-764	-22.8
1342	Galgenen	-1384	-51.1
1343	Innerthal	-37	-34.6
1344	Lachen	179	4.2
1345	Reichenburg	-744	-38.6
1346	Schübelbach	-2059	-41.5
1347	Tuggen	-739	-39
1348	Vorderthal	-336	-51.3
1349	Wangen (SZ)	-557	-17.6
1361	Alpthal	-133	-47.5
1362	Arth	-1731	-27.4
1363	Illgau	-198	-39
1364	Ingenbohl	-961	-19.8
1365	Lauerz	-325	-50.5
1366	Morschach	-97	-15.7
1367	Muotathal	-626	-26.6
1368	Oberiberg	-211	-42.1
1369	Riemenstalden	-5	-17.2
1370	Rothenthurm	-435	-29.5
1371	Sattel	-435	-44.6
1372	Schwyz	2547	27.1
1373	Steinen	-546	-28.2
1374	Steinerberg	-268	-45.5
1375	Unteriberg	-393	-26
1401	Alpnach	-1009	-28.8
1402	Engelberg	42	1.7
1403	Giswil	-709	-29.9
1404	Kerns	-1226	-34.6
1405	Lungern	-192	-15
1406	Sachseln	20	0.7
1407	Sarnen	992	15.5
1501	Beckenried	-781	-39.9
1502	Buochs	-1219	-35.5
1503	Dallenwil	-446	-37.6
1504	Emmetten	-331	-39.6
1505	Ennetbürgen	-1264	-45.5
1506	Ennetmoos	-694	-51.4
1507	Hergiswil (NW)	-375	-11.7
1508	Oberdorf (NW)	-953	-45.6
1509	Stans	3811	78.9
1510	Stansstad	-1171	-38.1
1511	Wolfenschiessen	-527	-37.5
1601	Betschwanden	-67	-63.8
1602	Bilten	-417	-32.4
1603	Braunwald	73	26.4
1604	Diesbach (GL)	-61	-39.6
1605	Elm	-94	-18
1606	Engi	-127	-29.2
1607	Ennenda	-250	-13.9
1608	Filzbach	-139	-35.5
1609	Glarus	1755	47.2
1610	Haslen	-212	-48.2
1611	Hätzingen	-85	-37.6
1612	Leuggelbach	-43	-39.4
1613	Linthal	-184	-23.7
1614	Luchsingen	-142	-36.5
1615	Matt	-17	-6.4
1616	Mitlödi	-99	-13.9
1617	Mollis	-616	-29.5
1618	Mühlehorn	-47	-16.1
1619	Näfels	589	22.6
1620	Netstal	37	2
1621	Nidfurn	-110	-67.5
1622	Niederurnen	284	11.3
1623	Oberurnen	-681	-54.4
1624	Obstalden	-103	-35.9
1625	Riedern	-209	-47.9
1626	Rüti (GL)	-92	-32.1
1627	Schwanden (GL)	456	27.9
1628	Schwändi	-164	-64.6
1629	Sool	-110	-55
1701	Baar	1846	13.4
1702	Cham	-42	-0.4
1703	Hünenberg	-964	-18.6
1704	Menzingen	-912	-29.5
1705	Neuheim	-416	-28.2
1706	Oberägeri	-1169	-35.5
1707	Risch	931	17.5
1708	Steinhausen	-793	-12.6
1709	Unterägeri	-1544	-31
1710	Walchwil	-1058	-49.2
1711	Zug	13767	87.5
2001	Aumont	-161	-56.3
2002	Autavaux	-50	-40.7
2003	Bollion	-57	-62
2004	Bussy (FR)	-75	-44.9
2005	Châbles	-194	-60.1
2007	Chapelle (Broye)	-17	-40.5
2008	Châtillon (FR)	-131	-71.6
2009	Cheiry	-99	-54.4
2010	Cheyres	-306	-66.8
2011	Cugy (FR)	-263	-46.4
2012	Delley	-162	-58.3
2013	Domdidier	231	15.3
2014	Dompierre (FR)	-223	-56.6
2015	Estavayer-le-Lac	977	32.6
2016	Fétigny	-250	-60.8
2017	Font	-97	-53.9
2018	Forel (FR)	-164	-68
2020	Frasses	-84	-82.4
2022	Gletterens	-156	-48.1
2023	Granges-de-Vesin	-62	-61.4
2024	Léchelles	-202	-61.4
2025	Lully (FR)	-150	-60.7
2026	Mannens-Grandsivaz	-160	-49.7
2027	Ménières	-98	-49.5
2029	Montagny (FR)	-449	-51.8
2031	Montbrelloz	-97	-51.9
2032	Montet (Broye)	-64	-20
2033	Morens (FR)	-41	-46.1
2034	Murist	-130	-45.5
2035	Nuvilly	-113	-60.8
2036	Portalban	-107	-64.8
2037	Praratoud	-35	-81.4
2038	Prévondavaux	-16	-37.2
2039	Rueyres-les-Prés	-109	-66.9
2040	Russy	-83	-66.9
2041	Saint-Aubin (FR)	-399	-47.3
2042	Seiry	-83	-60.1
2043	Sévaz	10	10.2
2044	Surpierre	-44	-29.5
2045	Vallon	-88	-49.7
2046	Vesin	-89	-53
2047	Villeneuve (FR)	-45	-27.4
2049	Vuissens	-61	-59.2
2061	Auboranges	-67	-57.3
2062	Berlens	-133	-76.9
2063	Billens-Hennens	98	26.7
2064	Bionnens	-35	-70
2066	Chapelle (Glâne)	-92	-66.7
2067	Le Châtelard	-84	-41.4
2068	Châtonnaye	-208	-57
2069	Chavannes-les-Forts	-93	-40.3
2070	Chavannes-sous-Orsonnens	-109	-65.3
2071	Les Ecasseys	-13	-43.3
2072	Ecublens (FR)	-90	-46.6
2074	Esmonts	-55	-57.3
2075	Estévenens	-31	-37.3
2077	Gillarens	-88	-69.3
2079	Grangettes	-60	-52.6
2081	La Joux (FR)	-72	-29.5
2082	Lieffrens	-26	-70.3
2083	Lussy (FR)	-149	-56.9
2085	La Magne	-16	-50
2086	Massonnens	-158	-54.7
2087	Mézières (FR)	-228	-52.3
2088	Middes	-123	-53.9
2089	Montet (Glâne)	-78	-62.9
2091	Mossel	-21	-27.6
2092	La Neirigue	-20	-52.6
2093	Orsonnens	-39	-19.5
2094	Prez-vers-Siviriez	-64	-36.4
2095	Promasens	-89	-53.9
2096	Romont (FR)	1371	51.8
2097	Rue	-178	-50.3
2099	Siviriez	-216	-34.8
2100	Sommentier	-94	-61.8
2101	Torny-le-Grand	-154	-62.6
2102	Ursy	118	24.3
2103	Vauderens	-165	-50.6
2105	Villaraboud	-116	-60.4
2107	Villargiroud	-154	-59.2
2108	Villariaz	-194	-76.4
2109	Villarimboud	-207	-60.9
2110	Villarsiviriaux	-56	-46.7
2111	Villaz-Saint-Pierre	-203	-33.4
2112	Vuarmarens	-157	-68.9
2113	Vuisternens-devant-Romont	-156	-44.1
2121	Albeuve	-138	-36.9
2122	Avry-devant-Pont	-105	-34.4
2123	Botterens	-140	-72.9
2124	Broc	-120	-9.2
2125	Bulle	4175	56.6
2126	Cerniat (FR)	-121	-56.5
2127	Charmey	-216	-21.7
2128	Châtel-sur-Montsalvens	-113	-83.1
2129	Corbières	-121	-48.6
2130	Crésuz	-79	-61.7
2131	Echarlens	-224	-58.6
2132	Enney	-187	-59
2133	Estavannens	-138	-68.3
2134	Grandvillard	-148	-38.5
2135	Gruyères	-190	-18.1
2136	Gumefens	-202	-47.6
2137	Hauteville	-198	-65.1
2138	Jaun	-142	-34.3
2139	Lessoc	-70	-56.9
2140	Marsens	112	15.8
2141	Maules	-90	-55.9
2142	Montbovon	-34	-23.4
2143	Morlon	-206	-62.2
2144	Neirivue	-64	-29.2
2145	Le Pâquier (FR)	-359	-58.6
2146	Le Bry	-118	-63.1
2147	Pont-la-Ville	-183	-56.8
2148	Riaz	-438	-36.7
2149	La Roche	-267	-31.2
2150	Romanens	-116	-67.1
2151	Rueyres-Treyfayes	-28	-36.4
2152	Sâles (Gruyère)	-33	-8.5
2153	Sorens	-243	-46.8
2154	La Tour-de-Trême	-1200	-53.5
2155	Vaulruz	-253	-43
2156	Villarbeney	-51	-76.1
2158	Villars-sous-Mont	13	11.3
2159	Villarvolard	-94	-64.8
2160	Vuadens	-506	-46.3
2161	Vuippens	-141	-79.2
2171	Arconciel	-324	-67.5
2172	Autafond	-39	-66.1
2173	Autigny	-224	-52.5
2174	Avry-sur-Matran	211	22.7
2175	Belfaux	-743	-48
2176	Bonnefontaine	-217	-64.2
2177	Chénens	-253	-65.9
2179	Chésopelloz	-26	-31
2180	La Corbaz	-148	-76.3
2181	Corjolens	-49	-79
2182	Cormagens	-23	-30.3
2183	Corminboeuf	-650	-53.1
2184	Corpataux-Magnedens	-405	-72.1
2185	Corserey	-89	-47.3
2186	Cottens (FR)	-240	-38.8
2188	Ecuvillens	-303	-64.1
2189	Ependes (FR)	-420	-57.4
2190	Essert (FR)	-67	-42.4
2191	Estavayer-le-Gibloux	-18	-19.4
2192	Farvagny	-230	-18.4
2194	Ferpicloz	-75	-55.6
2196	Fribourg	17996	74
2197	Givisiez	1765	105.1
2198	Granges-Paccot	834	54.6
2200	Grolley	-482	-45.5
2202	Lentigny	-336	-72.3
2203	Lossy-Formangueires	-156	-51.8
2204	Lovens	-63	-59.4
2206	Marly	-1478	-28.9
2208	Matran	-170	-18.5
2210	Montévraz	-295	-81.3
2211	Neyruz (FR)	-761	-63.4
2213	Noréaz	-140	-40
2214	Oberried (FR)	-25	-20
2215	Onnens (FR)	-222	-63.6
2216	Pierrafortscha	-62	-62.6
2217	Ponthaux	-189	-56.6
2219	Posieux	135	19.5
2220	Praroman	-386	-49.2
2221	Prez-vers-Noréaz	-391	-69.4
2222	Rossens (FR)	-336	-41
2223	Rueyres-Saint-Laurent	-115	-59.9
2225	Senèdes	-46	-56.1
2226	Treyvaux	-306	-35.9
2227	Villarlod	-88	-50.3
2228	Villars-sur-Glâne	493	7.5
2229	Villarsel-le-Gibloux	-99	-61.1
2230	Villarsel-sur-Marly	-41	-82
2231	Vuisternens-en-Ogoz	-292	-56.7
2232	Zénauva	40	43
2241	Agriswil	-77	-76.2
2243	Barberêche	-167	-44.3
2244	Büchslen	-45	-40.9
2247	Cordast	-370	-65.1
2250	Courgevaux	-242	-37.1
2251	Courlevon	-133	-71.5
2253	Courtaman	-568	-73.9
2254	Courtepin	576	50
2257	Cressier (FR)	29	5.6
2258	Fräschels	-201	-56.5
2259	Galmiz	-162	-41
2260	Gempenach	-106	-52.2
2261	Greng	-68	-60.2
2262	Gurmels	-309	-29.2
2263	Guschelmuth	-116	-55
2264	Jeuss	-125	-50.2
2265	Kerzers	-382	-13.8
2266	Kleinbösingen	-308	-80.2
2269	Liebistorf	-264	-57.5
2270	Lurtigen	-77	-56.6
2271	Meyriez	-102	-28
2272	Misery-Courtion	-505	-59.6
2274	Muntelier	-189	-35.9
2275	Murten	887	23.7
2276	Ried bei Kerzers	-84	-16.6
2277	Salvenach	-162	-54.9
2278	Ulmiz	-40	-17.9
2279	Villarepos	-180	-59.6
2280	Bas-Vully	-415	-35.8
2281	Haut-Vully	-405	-55.2
2282	Wallenbuch	-63	-90
2283	Wallenried	-156	-70.9
2291	Alterswil	-618	-48.4
2292	Brünisried	-236	-62.8
2293	Düdingen	-643	-13.5
2294	Giffers	-379	-38.2
2295	Bösingen	-969	-42.7
2296	Heitenried	-380	-47.9
2298	Oberschrot	-391	-60.7
2299	Plaffeien	335	27.1
2300	Plasselb	-443	-65.5
2301	Rechthalten	-459	-63.3
2302	St. Antoni	-772	-55.4
2303	St. Silvester	-418	-64.8
2304	St. Ursen	-411	-52.6
2305	Schmitten (FR)	-476	-21.5
2306	Tafers	442	25.2
2307	Tentlingen	-482	-61
2308	Ueberstorf	-896	-60.2
2309	Wünnewil-Flamatt	-1171	-34.1
2310	Zumholz	-245	-76.3
2321	Attalens	-722	-46.2
2322	Besencens	-75	-69.4
2323	Bossonnens	-358	-48.2
2324	Bouloz	-114	-63.3
2325	Châtel-Saint-Denis	340	11.5
2326	Le Crêt	-150	-57.5
2327	Fiaugères	-81	-73
2328	Granges (Veveyse)	-111	-26.9
2329	Grattavache	-88	-56.1
2330	Pont (Veveyse)	-52	-51.5
2331	Porsel	-152	-55.3
2332	Progens	-84	-50
2333	Remaufens	-318	-63
2335	Saint-Martin (FR)	-148	-43
2336	Semsales	-340	-49.6
2401	Egerkingen	749	37.2
2402	Härkingen	754	88.2
2403	Kestenholz	-424	-37.1
2404	Neuendorf	899	67.8
2405	Niederbuchsiten	-71	-11.2
2406	Oberbuchsiten	-631	-51.2
2407	Oensingen	1311	41.5
2408	Wolfwil	-277	-21.3
2421	Aedermannsdorf	-212	-59.2
2422	Balsthal	-296	-8
2423	Gänsbrunnen	-32	-50.8
2424	Herbetswil	-69	-18.5
2425	Holderbank (SO)	-102	-25.2
2426	Laupersdorf	-531	-49.3
2427	Matzendorf	-287	-32.4
2428	Mümliswil-Ramiswil	-712	-42.9
2429	Welschenrohr	-200	-26.6
2441	Aetigkofen	-47	-32.9
2442	Aetingen	-94	-51.4
2443	Balm bei Messen	-58	-70.7
2444	Bibern (SO)	-82	-51.6
2445	Biezwil	-148	-66.7
2446	Brügglen	-103	-78
2447	Brunnenthal	-81	-65.9
2449	Gossliwil	-87	-71.3
2450	Hessigkofen	49	28.3
2452	Küttigkofen	-76	-43.9
2453	Kyburg-Buchegg	-49	-20.7
2454	Lüsslingen	47	16.2
2455	Lüterkofen-Ichertswil	-310	-66.2
2456	Lüterswil-Gächliwil	-61	-26.6
2457	Messen	-162	-24.1
2458	Mühledorf (SO)	-108	-44.6
2459	Nennigkofen	-139	-40.8
2460	Oberramsern	-24	-42.1
2461	Schnottwil	-260	-38.5
2462	Tscheppach	-75	-54
2463	Unterramsern	-97	-68.8
2471	Bättwil	167	23.8
2472	Büren (SO)	-171	-28.3
2473	Dornach	-896	-23.2
2474	Gempen	-31	-6
2475	Hochwald	-492	-63.3
2476	Hofstetten-Flüh	-1055	-55.6
2477	Metzerlen	-292	-51.2
2478	Nuglar-St. Pantaleon	-640	-69.5
2479	Rodersdorf	-600	-67.6
2480	Seewen	-349	-54.7
2481	Witterswil	-496	-55.4
2491	Hauenstein-Ifenthal	-104	-56.5
2492	Kienberg	-194	-55.9
2493	Lostorf	-1236	-51.4
2494	Niedererlinsbach	-672	-48.3
2495	Niedergösgen	-1109	-44.2
2496	Obererlinsbach	-256	-53.6
2497	Obergösgen	-446	-33.3
2498	Rohr (SO)	-31	-42.5
2499	Stüsslingen	-413	-58.6
2500	Trimbach	-1310	-33.6
2501	Winznau	-683	-61.3
2502	Wisen (SO)	-166	-55.9
2511	Aeschi (SO)	-390	-53.9
2513	Biberist	-726	-14.7
2514	Bolken	-256	-73.6
2516	Deitingen	-224	-16.2
2517	Derendingen	-619	-15.7
2518	Etziken	-76	-14.1
2519	Gerlafingen	-551	-19
2520	Halten	-390	-66.9
2521	Heinrichswil-Winistorf	-223	-57.5
2522	Hersiwil	-81	-70.4
2523	Horriwil	-276	-51
2524	Hüniken	-34	-68
2525	Kriegstetten	-196	-23
2526	Lohn-Ammannsegg	-634	-40.1
2527	Luterbach	-736	-34.9
2528	Obergerlafingen	-375	-52.7
2529	Oekingen	-374	-79.6
2530	Recherswil	-641	-57.6
2531	Steinhof	-79	-79
2532	Subingen	-576	-31.3
2534	Zuchwil	-247	-4.2
2541	Balm bei Günsberg	-108	-74
2542	Bellach	-720	-21.5
2543	Bettlach	-952	-29.3
2544	Feldbrunnen-St. Niklaus	-332	-68
2545	Flumenthal	-482	-68.3
2546	Grenchen	1889	18.9
2547	Günsberg	-397	-52.1
2548	Hubersdorf	-197	-41.2
2549	Kammersrohr	-21	-75
2550	Langendorf	-430	-19.7
2551	Lommiswil	-701	-71.1
2552	Niederwil (SO)	-169	-66.5
2553	Oberdorf (SO)	-646	-58.3
2554	Riedholz	-232	-22.9
2555	Rüttenen	-714	-73
2556	Selzach	-153	-8.1
2571	Boningen	-252	-54.7
2572	Däniken	287	15.2
2573	Dulliken	-1002	-32.8
2574	Eppenberg-Wöschnau	-45	-20.1
2575	Fulenbach	-434	-41.5
2576	Gretzenbach	-774	-45.9
2578	Gunzgen	-312	-30.1
2579	Hägendorf	9	0.3
2580	Kappel (SO)	-1180	-66.5
2581	Olten	8680	84.7
2582	Rickenbach (SO)	119	19.2
2583	Schönenwerd	-380	-12.1
2584	Starrkirch-Wil	-580	-70.6
2585	Walterswil (SO)	-304	-70.9
2586	Wangen bei Olten	-387	-12.7
2601	Solothurn	12257	123.1
2611	Bärschwil	-316	-55.1
2612	Beinwil (SO)	-94	-45.2
2613	Breitenbach	652	30.3
2614	Büsserach	-572	-46.7
2615	Erschwil	-221	-37.9
2616	Fehren	-243	-71.9
2617	Grindel	-261	-81.6
2618	Himmelried	-522	-75
2619	Kleinlützel	-284	-37.1
2620	Meltingen	-162	-41.9
2621	Nunningen	-314	-25.3
2622	Zullwil	-235	-61.4
2701	Basel	78216	76.2
2702	Bettingen	-235	-30.6
2703	Riehen	-5108	-42.9
2761	Aesch (BL)	-783	-11.8
2762	Allschwil	-1592	-13.8
2763	Arlesheim	-186	-3.4
2764	Biel-Benken	-865	-47
2765	Binningen	-2195	-25
2766	Birsfelden	-1427	-22.6
2767	Bottmingen	-1210	-33.5
2768	Ettingen	-1941	-58.7
2769	Münchenstein	2998	41.1
2770	Muttenz	6576	62.2
2771	Oberwil (BL)	-1267	-21
2772	Pfeffingen	-1022	-71.5
2773	Reinach (BL)	-551	-4.6
2774	Schönenbuch	-432	-50.5
2775	Therwil	-2305	-41.5
2781	Blauen	-269	-58
2782	Brislach	-446	-47.2
2783	Burg im Leimental	-98	-65.3
2784	Dittingen	-164	-37.4
2785	Duggingen	78	9.9
2786	Grellingen	-277	-26.3
2787	Laufen	1310	40.1
2788	Liesberg	19	2.6
2789	Nenzlingen	-157	-64.9
2790	Roggenburg	-95	-63.8
2791	Röschenz	-720	-65.8
2792	Wahlen	-562	-69.7
2793	Zwingen	-130	-9.3
2821	Arisdorf	-314	-34.7
2822	Augst	6	1
2823	Bubendorf	-642	-21.9
2824	Frenkendorf	-1463	-37.4
2825	Füllinsdorf	-676	-25.2
2826	Giebenach	-425	-72
2827	Hersberg	-163	-85.8
2828	Lausen	-1362	-41.2
2829	Liestal	7463	87.5
2830	Lupsingen	-636	-75.7
2831	Pratteln	2316	23.8
2832	Ramlinsburg	-324	-70.4
2833	Seltisberg	-497	-62.4
2834	Ziefen	-338	-37.2
2841	Anwil	-191	-61.6
2842	Böckten	-29	-6.5
2843	Buckten	-260	-57.9
2844	Buus	-378	-59.7
2845	Diepflingen	-188	-53.1
2846	Gelterkinden	-321	-8.9
2847	Häfelfingen	-65	-36.5
2848	Hemmiken	-134	-70.9
2849	Itingen	106	9.2
2850	Känerkinden	-236	-74.2
2851	Kilchberg (BL)	-47	-64.4
2852	Läufelfingen	-318	-39.7
2853	Maisprach	-352	-57.6
2854	Nusshof	-108	-74
2855	Oltingen	-160	-55.4
2856	Ormalingen	-510	-39.8
2857	Rickenbach (BL)	-304	-79.4
2858	Rothenfluh	-268	-58.8
2859	Rümlingen	166	78.3
2860	Rünenberg	-306	-62.6
2861	Sissach	1039	28.3
2862	Tecknau	-413	-67.5
2863	Tenniken	-313	-45
2864	Thürnen	-452	-57.4
2865	Wenslingen	-183	-41
2866	Wintersingen	-250	-63.3
2867	Wittinsburg	-148	-66.7
2868	Zeglingen	-158	-53.2
2869	Zunzgen	-1007	-59
2881	Arboldswil	-216	-64.9
2882	Bennwil	-221	-51.4
2883	Bretzwil	-231	-47.4
2884	Diegten	-401	-41.5
2885	Eptingen	-57	-14.6
2886	Hölstein	-507	-35.7
2887	Lampenberg	-208	-69.6
2888	Langenbruck	-291	-45.4
2889	Lauwil	-98	-50.5
2890	Liedertswil	-43	-35
2891	Niederdorf	-278	-22.4
2892	Oberdorf (BL)	122	7.7
2893	Reigoldswil	-123	-13.2
2894	Titterten	-115	-44.6
2895	Waldenburg	-48	-5.3
2901	Gächlingen	-196	-35.6
2902	Guntmadingen	-96	-54.9
2903	Löhningen	-474	-59.9
2904	Neunkirch	-219	-18.3
2905	Osterfingen	-118	-43.7
2911	Altdorf (SH)	-90	-64.3
2912	Barzheim	-89	-71.8
2913	Bibern (SH)	-81	-46.8
2914	Büttenhardt	-162	-61.4
2915	Dörflingen	-345	-60.3
2916	Hofen	1	1.3
2917	Lohn (SH)	-270	-58.4
2918	Opfertshofen (SH)	-59	-69.4
2919	Stetten (SH)	-371	-63.7
2920	Thayngen	180	7.1
2931	Bargen (SH)	-82	-50.6
2932	Beringen	418	20.8
2933	Buchberg	-307	-56.4
2934	Hemmental	-184	-55.6
2936	Merishausen	-220	-50.5
2937	Neuhausen am Rheinfall	-527	-8.6
2938	Rüdlingen	-198	-43.9
2939	Schaffhausen	4941	23.1
2951	Beggingen	-175	-50.6
2952	Schleitheim	-152	-13.1
2953	Siblingen	-276	-56.3
2961	Buch (SH)	-90	-49.2
2962	Hemishofen	-125	-48.8
2963	Ramsen	117	13.8
2964	Stein am Rhein	55	2.9
2971	Hallau	-111	-8
2972	Oberhallau	-142	-47.8
2973	Trasadingen	-115	-31.8
2974	Wilchingen	-154	-16.8
3001	Herisau	291	2.7
3002	Hundwil	-248	-35.8
3003	Schönengrund	10	3.1
3004	Schwellbrunn	-478	-47.2
3005	Stein (AR)	-315	-33.8
3006	Urnäsch	-229	-14.9
3007	Waldstatt	-248	-22.1
3021	Bühler	-51	-4.8
3022	Gais	-469	-24.7
3023	Speicher	-1123	-42.1
3024	Teufen (AR)	-636	-17.7
3025	Trogen	486	38.3
3031	Grub (AR)	-349	-48.9
3032	Heiden	236	8.8
3033	Lutzenberg	-428	-47
3034	Rehetobel	-344	-32.3
3035	Reute (AR)	-193	-41.6
3036	Wald (AR)	-225	-37.6
3037	Walzenhausen	-68	-4.9
3038	Wolfhalden	-274	-24.4
3101	Appenzell	1510	40.7
3102	Gonten	-296	-31.6
3103	Rüte	-1097	-55.3
3104	Schlatt-Haslen	-388	-47.5
3105	Schwende	-638	-49.3
3111	Oberegg	-314	-27
3201	Häggenschwil	-394	-49.9
3202	Muolen	-322	-42.1
3203	St. Gallen	26356	54.7
3204	Wittenbach	-2056	-35.2
3211	Berg (SG)	-372	-62.3
3212	Eggersriet	-887	-58.9
3213	Goldach	-1953	-34.9
3214	Mörschwil	-751	-33.4
3215	Rorschach	2192	39.8
3216	Rorschacherberg	-1966	-44.8
3217	Steinach	-169	-8.8
3218	Tübach	-61	-7.9
3219	Untereggen	-312	-50.7
3231	Au (SG)	2288	53.3
3232	Balgach	742	28
3233	Berneck	-90	-4
3234	Diepoldsau	-493	-14.2
3235	Rheineck	38	1.8
3236	St. Margrethen	729	20.8
3237	Thal	-69	-1.7
3238	Widnau	-1032	-20.3
3251	Altstätten	1100	15.8
3252	Eichberg	-435	-49.7
3253	Marbach (SG)	-301	-24.1
3254	Oberriet (SG)	-617	-12.3
3255	Rebstein	-944	-34.3
3256	Rüthi (SG)	-14	-1.1
3271	Buchs (SG)	1108	16
3272	Gams	-570	-30
3273	Grabs	-511	-12
3274	Sennwald	383	12.1
3275	Sevelen	-548	-18.2
3276	Wartau	-537	-16.7
3291	Bad Ragaz	-119	-3.5
3292	Flums	-371	-11.6
3293	Mels	-953	-18.1
3294	Pfäfers	8	0.7
3295	Quarten	-603	-33.1
3296	Sargans	1127	35.7
3297	Vilters-Wangs	-767	-27.9
3298	Walenstadt	-602	-19.7
3311	Amden	-432	-42.4
3312	Benken (SG)	-467	-29.5
3313	Kaltbrunn	-495	-19.2
3314	Rieden	-259	-57.6
3315	Schänis	-748	-29.8
3316	Weesen	-160	-18
3331	Ernetschwil	-483	-53
3332	Eschenbach (SG)	-672	-18.9
3333	Goldingen	-349	-46.1
3334	Gommiswald	-578	-32.2
3335	Jona	-3530	-29.4
3336	Rapperswil (SG)	3450	69.5
3337	St. Gallenkappel	-559	-46.5
3338	Schmerikon	-470	-20.9
3339	Uznach	753	20.9
3351	Alt St. Johann	-165	-16.5
3352	Ebnat-Kappel	-477	-14.5
3354	Krummenau	15	1.3
3355	Nesslau	-146	-11.3
3356	Stein (SG)	-65	-25.1
3357	Wildhaus	-25	-2.9
3371	Brunnadern	-154	-24.3
3372	Hemberg	-207	-32.2
3373	Krinau	-68	-35.6
3374	Lichtensteig	-193	-14.4
3375	Oberhelfenschwil	-160	-17.3
3376	St. Peterzell	-290	-33.6
3377	Wattwil	1244	22.6
3391	Bütschwil	-313	-13.4
3392	Kirchberg (SG)	-428	-8
3393	Lütisburg	-198	-19.4
3394	Mosnang	-613	-30.6
3401	Degersheim	-393	-14.4
3402	Flawil	-1008	-16.1
3403	Ganterschwil	-280	-35.5
3405	Jonschwil	-623	-27.5
3406	Mogelsberg	-465	-29.5
3407	Oberuzwil	-1317	-35.7
3408	Uzwil	234	2.9
3421	Bronschhofen	-920	-29.6
3422	Niederbüren	-192	-19
3423	Niederhelfenschwil	-515	-28.3
3424	Oberbüren	-350	-12.8
3425	Wil (SG)	1946	18.2
3426	Zuzwil (SG)	-1005	-37.2
3441	Andwil (SG)	-331	-31
3442	Gaiserwald	-2458	-45.8
3443	Gossau (SG)	2052	17.8
3444	Waldkirch	-513	-24.5
3501	Alvaschein	-38	-36.9
3502	Mon	-25	-49
3503	Mutten	-13	-26
3504	Stierva	-23	-30.3
3505	Tiefencastel	111	72.5
3506	Vaz/Obervaz	125	6.7
3511	Alvaneu	-59	-24.1
3512	Brienz/Brinzauls	-33	-44
3513	Lantsch/Lenz	-137	-44.2
3514	Schmitten (GR)	-79	-51.3
3515	Surava	-53	-33.5
3521	Bergün/Bravuogn	-43	-12.4
3522	Filisur	-37	-11.6
3523	Wiesen (GR)	-72	-35.3
3531	Bivio	5	3.8
3532	Cunter	-74	-54.4
3533	Marmorera	-19	-61.3
3534	Mulegns	-6	-35.3
3536	Riom-Parsonz	-85	-43.1
3538	Salouf	-25	-20.3
3539	Savognin	151	24.3
3540	Sur	7	15.2
3541	Tinizong-Rona	-74	-33.5
3551	Brusio	127	18.7
3561	Poschiavo	375	21.2
3571	Castrisch	-182	-65.9
3572	Falera	-136	-41.1
3573	Flond	-56	-53.3
3574	Ilanz	1217	75.4
3575	Laax	28	3.3
3576	Ladir	-41	-58.6
3577	Luven	-46	-41.4
3578	Pitasch	-33	-40.7
3579	Riein	-25	-61
3580	Ruschein	-94	-46.1
3581	Sagogn	-260	-61.5
3582	Schluein	-173	-42.9
3583	Schnaus	-31	-51.7
3584	Sevgein	-50	-35.2
3586	Valendas	-29	-15.2
3587	Versam	-3	-2
3591	Camuns	-22	-66.7
3592	Cumbel	35	24.8
3593	Duvin	-27	-42.9
3594	Degen	-97	-57.7
3595	Lumbrein	-59	-24.5
3596	Morissen	-96	-71.1
3598	St. Martin	-9	-52.9
3599	Surcasti	-38	-73.1
3600	Surcuolm	-13	-14
3601	Tersnaus	-30	-68.2
3602	Uors-Peiden	1	2.1
3603	Vals	64	11.5
3604	Vignogn	-72	-61.5
3605	Vella	51	17.3
3606	Vrin	-16	-11
3611	Andiast	-30	-21.9
3612	Obersaxen	-80	-15.4
3613	Pigniu	-15	-62.5
3614	Rueun	-72	-26.9
3615	Siat	-45	-40.9
3616	Waltensburg/Vuorz	-79	-33.9
3631	Almens	-100	-68.5
3632	Feldis/Veulden	-40	-47.6
3633	Fürstenau	-16	-8.6
3634	Paspels	-52	-20.1
3635	Pratval	-131	-80.4
3636	Rodels	-89	-44.7
3637	Rothenbrunnen	50	18.5
3638	Scharans	-137	-26.3
3639	Scheid	-4	-4.4
3640	Sils im Domleschg	-174	-31.3
3641	Trans	-8	-19.5
3642	Tumegl/Tomils	-37	-18.9
3651	Safien	-19	-10.1
3652	Tenna	-8	-16.3
3661	Cazis	-67	-6.5
3662	Flerden	-35	-31
3663	Masein	-145	-53.1
3664	Portein	-9	-52.9
3665	Präz	-50	-41.7
3666	Sarn	-36	-35
3667	Tartar	-28	-28.6
3668	Thusis	517	29.8
3669	Tschappina	-23	-21.1
3670	Urmein	-17	-30.9
3681	Avers	3	3.4
3691	Hinterrhein	-2	-2.6
3692	Medels im Rheinwald	-17	-54.8
3693	Nufenen	-23	-29.5
3694	Splügen	30	12
3695	Sufers	-33	-42.9
3701	Andeer	33	8.7
3702	Ausserferrera	-9	-47.4
3703	Casti-Wergenstein	-3	-7.7
3704	Clugin	-5	-38.5
3705	Donath	29	34.1
3706	Innerferrera	-4	-17.4
3707	Lohn (GR)	-14	-48.3
3708	Mathon	-12	-37.5
3709	Patzen-Fardün	-28	-62.2
3710	Pignia	-52	-70.3
3711	Rongellen	-21	-55.3
3712	Zillis-Reischen	7	3.6
3721	Bonaduz	-353	-21
3722	Domat/Ems	-805	-18.4
3723	Rhäzüns	-291	-37.2
3731	Felsberg	-684	-48.9
3732	Flims	-101	-5.5
3733	Tamins	-364	-44
3734	Trin	-390	-52.5
3741	Ardez	-63	-25.9
3742	Guarda	-9	-9.4
3743	Lavin	-19	-17.9
3744	Susch	-33	-26.2
3745	Tarasp	-14	-6.1
3746	Zernez	-64	-9.8
3751	Ramosch	-63	-23.4
3752	Samnaun	429	78.7
3753	Tschlin	8	3.2
3761	Ftan	92	25.4
3762	Scuol	414	29.4
3763	Sent	-174	-29.8
3771	Bondo	15	15.5
3773	Castasegna	-34	-29.6
3774	Soglio	110	106.8
3775	Stampa	39	12.4
3776	Vicosoprano	69	25.7
3781	Bever	-194	-39.6
3782	Celerina/Schlarigna	-146	-14.1
3783	Madulain	-55	-42.6
3784	Pontresina	62	3.5
3785	La Punt-Chamues-ch	-170	-35.1
3786	Samedan	627	27.7
3787	St. Moritz	1334	31.2
3788	S-chanf	-205	-47
3789	Sils im Engadin/Segl	167	28.2
3790	Silvaplana	39	5.9
3791	Zuoz	218	21.6
3801	Arvigo	14	28.6
3803	Braggio	-20	-47.6
3804	Buseno	-30	-73.2
3805	Castaneda	16	13.8
3806	Cauco	-5	-29.4
3808	Rossa	-28	-46.7
3810	Santa Maria in Calanca	-38	-64.4
3811	Selma	-16	-57.1
3821	Lostallo	-173	-45.8
3822	Mesocco	-15	-2.2
3823	Soazza	-70	-34.5
3831	Cama	-106	-38.5
3832	Grono	100	17.9
3833	Leggia	-59	-79.7
3834	Roveredo (GR)	-299	-25
3835	San Vittore	-134	-33.9
3836	Verdabbio	-34	-34.7
3841	Fuldera	21	35
3842	Lü	-19	-46.3
3843	Müstair	162	33.2
3844	Sta. Maria Val Müstair	140	74.1
3845	Tschierv	-18	-15.9
3846	Valchava	-49	-37.7
3851	Davos	484	5.7
3861	Fideris	27	7.3
3862	Furna	-16	-13.6
3863	Jenaz	-275	-36.8
3871	Klosters-Serneus	16	0.6
3881	Conters im Prättigau	-45	-36.6
3882	Küblis	157	30
3883	Saas	-227	-49.2
3891	Luzein	-304	-43.1
3892	St. Antönien Ascharina	-38	-55.9
3893	St. Antönien	-45	-31
3901	Chur	9219	41.5
3911	Churwalden	-22	-2.5
3912	Malix	-283	-65.5
3913	Parpan	-58	-30.4
3914	Praden	-47	-59.5
3915	Tschiertschen	-61	-38.4
3921	Arosa	134	6.1
3922	Calfreisen	4	14.3
3923	Castiel	-23	-28.7
3924	Langwies	-76	-37.8
3925	Lüen	-39	-78
3926	Maladers	-203	-58.5
3927	Molinis	-53	-60.9
3928	Pagig	-39	-75
3929	Peist	-70	-52.2
3930	St. Peter	-42	-43.8
3941	Haldenstein	-203	-35.6
3942	Igis	-198	-4
3943	Mastrils	-250	-66.7
3944	Says	-76	-70.4
3945	Trimmis	-744	-37.8
3946	Untervaz	-505	-35.6
3947	Zizers	-836	-41.2
3951	Fläsch	-209	-55.7
3952	Jenins	-237	-47.8
3953	Maienfeld	-203	-13.1
3954	Malans	-398	-30.8
3961	Grüsch	122	15.3
3962	Schiers	396	23.1
3971	Fanas	-119	-48.8
3972	Seewis im Prättigau	-301	-35.2
3973	Valzeina	-34	-37
3981	Breil/Brigels	-93	-12.7
3982	Disentis/Mustér	171	11.8
3983	Medel (Lucmagn)	-70	-27.9
3984	Schlans	-18	-39.1
3985	Sumvitg	-153	-20
3986	Tujetsch	-45	-4.5
3987	Trun	-60	-7.8
4001	Aarau	17804	175.1
4002	Biberstein	-487	-61.4
4003	Buchs (AG)	565	13.9
4004	Densbüren	-215	-42.8
4005	Erlinsbach	-1059	-47.3
4006	Gränichen	-1156	-28
4007	Hirschthal	-285	-34.9
4008	Küttigen	-1647	-48
4009	Muhen	-915	-44.1
4010	Oberentfelden	-368	-8
4011	Rohr (AG)	-993	-53.7
4012	Suhr	-740	-13.3
4013	Unterentfelden	10	0.5
4021	Baden	13822	119.7
4022	Bellikon	-330	-33.8
4023	Bergdietikon	-362	-22.8
4024	Birmenstorf (AG)	-749	-45.1
4026	Ennetbaden	-1205	-56.1
4027	Fislisbach	-1915	-54.6
4028	Freienwil	-441	-80.8
4029	Gebenstorf	-1585	-53
4030	Killwangen	-450	-45.3
4031	Künten	-573	-51.6
4032	Mägenwil	614	57.1
4033	Mellingen	-537	-17.4
4034	Neuenhof	-2647	-49.9
4035	Niederrohrdorf	-682	-39.5
4036	Oberehrendingen	-506	-42.5
4037	Oberrohrdorf	-1479	-62.8
4038	Obersiggenthal	-2512	-50.7
4039	Remetschwil	-691	-53.9
4040	Spreitenbach	1247	19
4041	Stetten (AG)	-237	-21
4042	Turgi	1002	60.7
4043	Unterehrendingen	-779	-72.1
4044	Untersiggenthal	-2508	-59.6
4045	Wettingen	-1112	-9.5
4046	Wohlenschwil	-556	-60.8
4047	Würenlingen	248	9.7
4048	Würenlos	-1226	-36
4061	Arni (AG)	-638	-65
4062	Berikon	-1066	-33
4063	Bremgarten (AG)	578	15.6
4064	Büttikon	-253	-52.7
4065	Dottikon	-306	-14.6
4066	Eggenwil	-302	-57.7
4067	Fischbach-Göslikon	-442	-47.1
4068	Hägglingen	-437	-31.9
4069	Hermetschwil-Staffeln	-449	-57.6
4070	Hilfikon	-92	-57.5
4071	Jonen	-422	-37.7
4072	Niederwil (AG)	-451	-26.7
4073	Oberlunkhofen	-579	-54.4
4074	Oberwil-Lieli	-814	-63.8
4075	Rudolfstetten-Friedlisberg	-1470	-54.4
4076	Sarmenstorf	-653	-43.3
4077	Tägerig	-585	-67.6
4078	Uezwil	-175	-66.3
4079	Unterlunkhofen	-567	-63.4
4080	Villmergen	-657	-18.5
4081	Widen	-1477	-57.9
4082	Wohlen (AG)	327	3.7
4083	Zufikon	-1380	-54.7
4084	Islisberg	-198	-67.1
4091	Auenstein	-601	-63.5
4092	Birr	417	17.1
4093	Birrhard	-262	-51.5
4094	Bözen	-205	-42.9
4095	Brugg	3835	63.7
4096	Effingen	-223	-48.1
4097	Elfingen	-95	-57.2
4098	Gallenkirch	-49	-51
4099	Habsburg	-192	-71.1
4100	Hausen bei Brugg	-1004	-54.9
4101	Hottwil	-99	-49.5
4103	Linn	-37	-43.5
4104	Lupfig	498	38.2
4105	Mandach	-135	-57.7
4106	Mönthal	-192	-67.6
4107	Mülligen	-344	-55.9
4108	Oberbözberg	-283	-72.9
4109	Oberflachs	-128	-37.8
4110	Remigen	-441	-57.1
4111	Riniken	-642	-68.8
4112	Rüfenach	-84	-15.1
4113	Scherz	-251	-61.7
4114	Schinznach Bad	416	48.1
4115	Schinznach Dorf	38	3.3
4116	Stilli	-178	-71.2
4117	Thalheim (AG)	-248	-45.9
4118	Umiken	-478	-72.4
4119	Unterbözberg	-289	-56.9
4120	Veltheim (AG)	-242	-24.9
4121	Villigen	510	46.9
4122	Villnachern	-543	-63.7
4123	Windisch	190	4.5
4131	Beinwil am See	-519	-31.5
4132	Birrwil	-384	-60.5
4133	Burg (AG)	-342	-49.9
4134	Dürrenäsch	-206	-26.8
4135	Gontenschwil	-307	-22.7
4136	Holziken	-612	-68.2
4137	Leimbach (AG)	-122	-45.7
4138	Leutwil	-213	-48.5
4139	Menziken	-392	-10.8
4140	Oberkulm	-430	-28.3
4141	Reinach (AG)	-384	-7.9
4142	Schlossrued	-288	-45.9
4143	Schmiedrued	-345	-42.6
4144	Schöftland	-112	-5.3
4145	Teufenthal (AG)	-252	-22.9
4146	Unterkulm	-220	-12.2
4147	Zetzwil	-196	-22.3
4161	Eiken	-587	-49.2
4162	Etzgen	22	9.6
4163	Frick	1255	44.9
4164	Gansingen	-348	-54
4165	Gipf-Oberfrick	-1100	-53.9
4166	Herznach	-170	-22.3
4167	Hornussen	-279	-49.8
4168	Ittenthal	-110	-75.9
4169	Kaisten	-367	-26.9
4170	Laufenburg	862	66.2
4171	Mettau	-86	-44.8
4172	Münchwilen (AG)	178	51.3
4173	Oberhof	-210	-59.3
4174	Oberhofen (AG)	-148	-69.2
4175	Oeschgen	-375	-66.7
4176	Schwaderloch	-214	-48.1
4177	Sisseln	931	104.3
4178	Sulz (AG)	-343	-45.1
4179	Ueken	-352	-71.5
4180	Wil (AG)	-193	-42.2
4181	Wittnau	-321	-40.9
4182	Wölflinswil	-231	-41
4183	Zeihen	-264	-42.9
4191	Ammerswil	-255	-60
4192	Boniswil	-553	-59.1
4193	Brunegg	174	52.3
4194	Dintikon	350	36.9
4195	Egliswil	-382	-44.8
4196	Fahrwangen	-165	-14.4
4197	Hallwil	-56	-10.9
4198	Hendschiken	-206	-31.5
4199	Holderbank (AG)	141	27.3
4200	Hunzenschwil	-188	-10.2
4201	Lenzburg	3022	59.7
4202	Meisterschwanden	-528	-37.5
4203	Möriken-Wildegg	-577	-25.1
4204	Niederlenz	-1010	-38.4
4205	Othmarsingen	-276	-18.8
4206	Rupperswil	-446	-17.4
4207	Schafisheim	429	24
4208	Seengen	-235	-13
4209	Seon	-560	-17.2
4210	Staufen	-793	-52.8
4221	Abtwil	-275	-56.9
4222	Aristau	-601	-68
4223	Auw	-452	-50.4
4224	Beinwil (Freiamt)	-370	-53
4225	Benzenschwil	-208	-57.6
4226	Besenbüren	-212	-56.5
4227	Bettwil	-212	-50.6
4228	Boswil	-349	-21.2
4229	Bünzen	-206	-33
4230	Buttwil	-468	-58.2
4231	Dietwil	-449	-60.9
4232	Geltwil	-44	-42.3
4233	Kallern	-111	-54.7
4234	Merenschwand	-217	-14.3
4235	Mühlau	-442	-62.2
4236	Muri (AG)	485	10.9
4237	Oberrüti	-417	-51.4
4238	Rottenschwil	-314	-53.2
4239	Sins	-170	-7.4
4240	Waltenschwil	-881	-58.9
4251	Hellikon	-257	-52.2
4252	Kaiseraugst	405	15.6
4253	Magden	-1021	-50.1
4254	Möhlin	-807	-14.5
4255	Mumpf	-381	-51.6
4256	Obermumpf	-403	-58.7
4257	Olsberg	-112	-38.8
4258	Rheinfelden	597	8.4
4259	Schupfart	-271	-59.6
4260	Stein (AG)	961	58.2
4261	Wallbach	-310	-29.4
4262	Wegenstetten	-331	-51.4
4263	Zeiningen	-649	-51.4
4264	Zuzgen	-282	-59.4
4271	Aarburg	-453	-10.9
4272	Attelwil	-81	-37.3
4273	Bottenwil	-261	-44.8
4274	Brittnau	-1156	-49
4275	Kirchleerau	-192	-37.7
4276	Kölliken	-947	-34.7
4277	Moosleerau	-268	-49.7
4278	Mühlethal	-424	-72.2
4279	Murgenthal	-632	-34.2
4280	Oftringen	-2035	-29.3
4281	Reitnau	-274	-34.6
4282	Rothrist	84	1.8
4283	Safenwil	-134	-6.2
4284	Staffelbach	-189	-27.5
4285	Strengelbach	-1258	-42.6
4286	Uerkheim	-419	-46.1
4287	Vordemwald	-568	-47.4
4288	Wiliberg	-53	-48.6
4289	Zofingen	5478	98.9
4301	Baldingen	-101	-57.7
4302	Böbikon	-76	-57.1
4303	Böttstein	-604	-23.9
4304	Döttingen	13	0.6
4305	Endingen	-258	-20.7
4306	Fisibach	-108	-40.4
4307	Full-Reuenthal	-154	-28.6
4308	Kaiserstuhl	-31	-9.8
4309	Klingnau	-379	-20.6
4310	Koblenz	-138	-12.3
4311	Leibstadt	244	27
4312	Lengnau (AG)	-467	-30.1
4313	Leuggern	-312	-19.8
4314	Mellikon	-11	-6.4
4315	Rekingen (AG)	-419	-59.7
4316	Rietheim	-238	-62.8
4317	Rümikon	1	0.6
4318	Schneisingen	-515	-59.7
4319	Siglistorf	-216	-56.1
4320	Tegerfelden	-330	-47.5
4321	Unterendingen	-151	-54.7
4322	Wislikofen	-101	-39.8
4323	Zurzach	598	22.8
4401	Arbon	-165	-2
4406	Dozwil	72	22.4
4411	Egnach	-478	-16.7
4416	Hefenhofen	-202	-25.4
4421	Horn	-165	-10.3
4426	Kesswil	-60	-10.5
4431	Roggwil (TG)	-500	-28.9
4436	Romanshorn	1558	26.8
4441	Salmsach	-258	-28.3
4446	Sommeri	9	2.2
4451	Uttwil	-634	-63.7
4461	Amriswil	-1126	-15
4471	Bischofszell	191	5.3
4476	Erlen	-408	-18.8
4486	Hauptwil-Gottshaus	-665	-49.5
4495	Hohentannen	-174	-42.6
4501	Kradolf-Schönenberg	-702	-33.2
4506	Sulgen	-123	-5.3
4511	Zihlschlacht-Sitterdorf	-181	-13.3
4536	Basadingen-Schlattingen	-400	-37.1
4545	Diessenhofen	123	5.5
4546	Schlatt (TG)	-422	-41.4
4551	Aadorf	-1185	-22.8
4561	Felben-Wellhausen	-12	-0.8
4566	Frauenfeld	4738	31.4
4571	Gachnang	-505	-23.7
4590	Hüttlingen	-254	-40.8
4591	Matzingen	-277	-17.2
4601	Neunforn	-338	-49.6
4606	Stettfurt	-400	-56.4
4611	Thundorf	-248	-28.5
4616	Uesslingen-Buch	-346	-45.6
4621	Warth-Weiningen	-361	-43
4641	Altnau	-452	-34.5
4643	Bottighofen	-565	-47.4
4646	Ermatingen	-333	-20.3
4651	Gottlieben	-15	-6.5
4656	Güttingen	-310	-33.1
4666	Kemmental	-538	-35.1
4671	Kreuzlingen	1549	13.7
4681	Langrickenbach	-357	-50.9
4683	Lengwil	48	5.5
4691	Münsterlingen	392	22.7
4696	Tägerwilen	160	7.1
4701	Wäldi	-199	-31.8
4711	Affeltrangen	-290	-19.2
4716	Bettwiesen	-285	-41.4
4721	Bichelsee-Balterswil	-520	-32.6
4723	Braunau	-264	-57.5
4724	Eschlikon	-611	-28.1
4726	Fischingen	-398	-21.4
4741	Lommis	-197	-29.7
4746	Münchwilen (TG)	-355	-11.3
4751	Rickenbach (TG)	-559	-32.3
4756	Schönholzerswilen	-117	-23.2
4761	Sirnach	-960	-22
4776	Tobel-Tägerschen	-3	-0.3
4781	Wängi	-759	-27.6
4786	Wilen (TG)	-526	-42.4
4791	Wuppenau	-309	-43.6
4801	Berlingen	-57	-11.4
4806	Eschenz	-281	-26.8
4811	Herdern	-290	-44.7
4816	Homburg	-320	-31.7
4821	Hüttwilen	-40	-4
4826	Mammern	25	6.4
4831	Müllheim	-658	-38.6
4841	Pfyn	-436	-32.6
4846	Raperswilen	-109	-35.9
4851	Salenstein	-314	-40.6
4864	Steckborn	-124	-5.7
4871	Wagenhausen	-449	-43.7
4881	Amlikon-Bissegg	-380	-47
4891	Berg (TG)	-355	-18.5
4901	Birwinken	-481	-56.5
4911	Bürglen (TG)	-595	-26
4921	Bussnang	-383	-27.3
4941	Märstetten	-475	-29.9
4946	Weinfelden	1968	31.7
4951	Wigoltingen	-311	-21.9
5001	Arbedo-Castione	-807	-33.4
5002	Bellinzona	8058	78
5003	Cadenazzo	438	36.4
5004	Camorino	-356	-25.6
5005	Giubiasco	-340	-7.4
5006	Gnosca	-211	-69
5007	Gorduno	-283	-69.4
5008	Gudo	-204	-51.3
5009	Isone	-53	-24.9
5010	Lumino	-313	-45.4
5011	Medeglia	-145	-74
5012	Moleno	-41	-68.3
5013	Monte Carasso	-758	-55.7
5014	Pianezzo	-175	-61
5015	Preonzo	-132	-43.1
5016	Robasacco	-35	-61.4
5017	Sant'Antonino	-41	-2.9
5018	Sant'Antonio	-74	-79.6
5019	Sementina	-622	-36.2
5031	Aquila	-100	-36.6
5032	Campo (Blenio)	-12	-24.5
5033	Castro	19	46.3
5034	Corzoneso	-83	-30.9
5035	Dongio	-21	-8.9
5036	Ghirone	-19	-70.4
5037	Largario	4	30.8
5038	Leontica	-30	-20.4
5039	Lottigna	-8	-21.1
5040	Ludiano	-71	-44.9
5041	Malvaglia	-278	-40.1
5042	Marolta	0	0
5043	Olivone	-68	-14.1
5044	Ponto Valentino	-44	-41.5
5045	Prugiasco	-34	-48.6
5046	Semione	-113	-61.4
5047	Torre	-16	-9.8
5061	Airolo	273	27.5
5062	Anzonico	-31	-64.6
5063	Bedretto	-19	-50
5064	Bodio	-26	-4.3
5065	Calonico	-15	-71.4
5066	Calpiogna	-14	-56
5067	Campello	-13	-50
5068	Cavagnago	-11	-24.4
5069	Chiggiogna	-141	-57.6
5070	Chironico	-99	-39.6
5071	Dalpe	3	2.7
5072	Faido	199	19.2
5073	Giornico	40	7.5
5074	Mairengo	-124	-72.9
5075	Osco	-101	-82.8
5076	Personico	-133	-61.9
5077	Pollegio	-230	-47.4
5078	Prato (Leventina)	-111	-42
5079	Quinto	-48	-7.5
5080	Rossura	-12	-46.2
5081	Sobrio	-8	-24.2
5091	Ascona	597	20.2
5092	Auressio	-23	-60.5
5093	Berzona	-19	-70.4
5094	Borgnone	-7	-9.5
5095	Brione (Verzasca)	-53	-41.1
5096	Brione sopra Minusio	-149	-54.2
5097	Brissago	338	33.1
5098	Caviano	-17	-28.3
5099	Cavigliano	-298	-70.4
5101	Contone	45	9.9
5102	Corippo	-7	-77.8
5104	Cugnasco	-484	-66.1
5105	Frasco	-26	-50
5106	Gerra (Gambarogno)	-79	-56.4
5107	Gerra (Verzasca)	-293	-41.2
5108	Gordola	-155	-6.3
5109	Gresso	-9	-64.3
5110	Indemini	-6	-25
5111	Intragna	-216	-40.5
5112	Lavertezzo	-137	-19.1
5113	Locarno	4851	52.4
5114	Loco	-40	-28.4
5115	Losone	862	22
5116	Magadino	-32	-3.5
5117	Mergoscia	-59	-64.1
5118	Minusio	-1225	-32.2
5119	Mosogno	-12	-41.4
5120	Muralto	148	10
5121	Orselina	45	9.6
5122	Palagnedra	-29	-50
5123	Piazzogna	-116	-49.8
5125	Ronco sopra Ascona	-176	-46.2
5127	San Nazzaro	15	4.4
5128	Sant'Abbondio	-39	-57.4
5129	Sonogno	-6	-11.8
5130	Tegna	-132	-31.2
5131	Tenero-Contra	-219	-15.3
5132	Vergeletto	-5	-23.8
5133	Verscio	-185	-33.1
5134	Vira (Gambarogno)	-126	-34.3
5135	Vogorno	-97	-53
5136	Onsernone	-31	-18.7
5141	Agno	938	39.6
5142	Agra	-183	-70.9
5143	Aranno	-135	-77.1
5144	Arogno	-284	-48.3
5145	Arosio	-167	-65.5
5146	Astano	-111	-71.6
5147	Barbengo	946	89.4
5148	Bedano	250	32.1
5149	Bedigliora	165	48
5150	Bidogno	-102	-55.7
5151	Bioggio	1858	181.8
5153	Bironico	-91	-26.6
5154	Bissone	-185	-41.2
5155	Bogno	-19	-39.6
5156	Bosco Luganese	-157	-69.5
5158	Breganzona	-957	-31
5159	Breno	-118	-81.4
5160	Brusino Arsizio	-123	-42.6
5161	Cademario	-86	-23.1
5162	Cadempino	335	37.1
5163	Cadro	-524	-42.6
5164	Cagiallo	-257	-71.6
5165	Camignolo	198	54.1
5167	Canobbio	1277	109.4
5168	Carabbia	-273	-85
5169	Carabietta	-35	-74.5
5170	Carona	-312	-73.4
5171	Caslano	-510	-23.1
5173	Certara	-19	-63.3
5174	Cimadera	-30	-58.8
5175	Cimo	-120	-85.1
5176	Comano	99	9.7
5177	Corticiasca	-68	-84
5178	Croglio	119	21.8
5179	Cureggia	-67	-90.5
5180	Cureglia	-467	-56.5
5181	Curio	-220	-62
5182	Davesco-Soragno	-508	-58.9
5183	Fescoggia	-44	-84.6
5184	Gandria	-40	-32
5185	Gentilino	-615	-71.6
5186	Grancia	735	294
5187	Gravesano	158	23.5
5188	Iseo	-35	-77.8
5189	Lamone	529	49.9
5190	Lopagno	-187	-61.3
5191	Lugaggia	-403	-86.3
5192	Lugano	23332	142.7
5193	Magliaso	-187	-22.1
5194	Manno	2804	404
5195	Maroggia	-71	-20.4
5196	Massagno	-1162	-33.5
5197	Melano	-395	-53.6
5198	Melide	-367	-35.2
5199	Mezzovico-Vira	1058	184.6
5200	Miglieglia	-74	-63.8
5201	Montagnola	145	10.4
5202	Monteggio	44	9.3
5203	Morcote	-73	-17.1
5204	Mugena	-70	-85.4
5205	Muzzano	312	62.7
5206	Neggio	-50	-22.6
5207	Novaggio	-138	-31.6
5208	Origlio	-379	-49.6
5209	Pambio-Noranco	202	53.6
5210	Paradiso	-81	-3.5
5211	Pazzallo	-111	-14.4
5212	Ponte Capriasca	-520	-51.4
5213	Ponte Tresa	-40	-8.8
5214	Porza	-477	-52.5
5215	Pregassona	-1540	-31.9
5216	Pura	-457	-70.4
5217	Rivera	203	22.4
5218	Roveredo-Capriasca	-58	-75.3
5219	Rovio	-283	-65.4
5220	Sala Capriasca	-521	-67.3
5221	Savosa	214	16.7
5222	Sessa	-167	-47
5223	Sigirino	-108	-40.1
5224	Sonvico	-551	-57.9
5225	Sorengo	436	42.2
5226	Tesserete	264	31.7
5227	Torricella-Taverne	-764	-42.3
5228	Vaglio	-186	-58.5
5229	Valcolla	-198	-65.8
5230	Vernate	-163	-70.6
5231	Vezia	-244	-24.3
5232	Vezio	-96	-82.1
5233	Vico Morcote	-84	-51.5
5234	Viganello	-1133	-29.2
5235	Villa Luganese	-201	-65.3
5241	Arzo	-152	-23.8
5242	Balerna	1218	59.9
5243	Besazio	-103	-33.3
5244	Bruzella	-105	-89
5245	Cabbio	-72	-77.4
5246	Caneggio	-153	-77.7
5247	Capolago	-172	-42.9
5248	Casima	-25	-59.5
5249	Castel San Pietro	-307	-28.7
5250	Chiasso	3415	74.3
5251	Coldrerio	-915	-57.9
5252	Genestrerio	-129	-24.2
5253	Ligornetto	-253	-29.3
5254	Mendrisio	6256	172.9
5255	Meride	-121	-68.8
5256	Monte	-45	-78.9
5257	Morbio Inferiore	-530	-21.3
5258	Morbio Superiore	-244	-55.8
5259	Muggio	-79	-73.8
5260	Novazzano	256	18.2
5262	Rancate	544	63.3
5263	Riva San Vitale	-44	-3
5264	Sagno	-104	-72.7
5265	Salorino	-242	-76.6
5266	Stabio	2223	94.4
5267	Tremona	-134	-52.5
5268	Vacallo	-1060	-63.5
5281	Biasca	149	4.4
5282	Claro	-652	-49.5
5283	Cresciano	-118	-37.1
5284	Iragna	-123	-40.5
5285	Lodrino	6	0.7
5286	Osogna	-185	-31.9
5301	Aurigeno	75	30.4
5302	Avegno	-101	-34.8
5303	Bignasco	-44	-22.6
5304	Bosco/Gurin	-5	-10.4
5305	Broglio	-49	-87.5
5306	Brontallo	-8	-34.8
5307	Campo (Vallemaggia)	-8	-28.6
5308	Cavergno	-137	-52.3
5309	Cerentino	-8	-26.7
5310	Cevio	366	132.6
5311	Coglio	-41	-71.9
5312	Fusio	-5	-25
5313	Giumaglio	-68	-54.4
5314	Gordevio	-254	-57.7
5315	Linescio	-10	-66.7
5316	Lodano	-69	-63.3
5317	Maggia	-256	-51.4
5318	Menzonio	-30	-83.3
5319	Moghegno	-147	-70.7
5320	Peccia	-11	-10.8
5321	Prato-Sornico	-14	-23
5322	Someo	-55	-39
5401	Aigle	601	12
5402	Bex	-350	-9.7
5403	Chessel	-137	-62.6
5404	Corbeyrier	-24	-12.8
5405	Gryon	-259	-41.9
5406	Lavey-Morcles	-55	-11.1
5407	Leysin	-87	-3.9
5408	Noville	-175	-39.1
5409	Ollon	-1145	-26.7
5410	Ormont-Dessous	-152	-25.6
5411	Ormont-Dessus	-196	-24
5412	Rennaz	41	10
5413	Roche (VD)	-61	-10.6
5414	Villeneuve (VD)	194	7.4
5415	Yvorne	233	36.3
5421	Apples	88	10.9
5422	Aubonne	902	52.1
5423	Ballens	-88	-38.3
5424	Berolle	-104	-66.7
5425	Bière	-313	-34.7
5426	Bougy-Villars	-135	-55.8
5427	Féchy	-256	-55.2
5428	Gimel	-138	-14.4
5429	Longirod	-140	-58.6
5430	Marchissy	-143	-57.9
5431	Mollens (VD)	-115	-60.2
5432	Montherod	-175	-58.3
5433	Pizy	-22	-46.8
5434	Saint-George	-209	-52.6
5435	Saint-Livres	-266	-70.2
5436	Saint-Oyens	-112	-65.5
5437	Saubraz	-82	-62.1
5451	Avenches	238	13.9
5452	Bellerive (VD)	-82	-24.1
5453	Chabrey	-79	-60.3
5454	Champmartin	-8	-44.4
5455	Constantine	-78	-40.6
5456	Cudrefin	-287	-50.1
5457	Donatyre	-42	-50
5458	Faoug	-220	-57
5459	Montmagny	-58	-57.4
5460	Mur (VD)	-77	-59.2
5461	Oleyres	-82	-51.6
5462	Vallamand	-122	-52.4
5463	Villars-le-Grand	-104	-53.1
5471	Bettens	-152	-65.2
5472	Bournens	-110	-65.9
5473	Boussens	-299	-53.2
5474	La Chaux (Cossonay)	-161	-61.9
5475	Chavannes-le-Veyron	-55	-54.5
5476	Chevilly	-119	-81.5
5477	Cossonay	-46	-2.5
5478	Cottens (VD)	-176	-72.7
5479	Cuarnens	-107	-41.6
5480	Daillens	374	85
5481	Dizy	-84	-72.4
5482	Eclépens	36	5.7
5483	Ferreyres	-119	-72.1
5484	Gollion	-169	-41.8
5485	Grancy	-135	-62.5
5486	L'Isle	-168	-27.7
5487	Lussery-Villars	-190	-79.2
5488	Mauraz	-18	-60
5489	Mex (VD)	405	100
5490	Moiry	-61	-39.6
5491	Mont-la-Ville	-105	-55.6
5492	Montricher	-253	-50.5
5493	Orny	-123	-52.6
5494	Pampigny	-304	-52.5
5495	Penthalaz	-170	-11.1
5496	Penthaz	-450	-47.8
5497	Pompaples	197	41.1
5498	La Sarraz	-149	-12.5
5499	Senarclens	-128	-54.5
5500	Sévery	-62	-44
5501	Sullens	-352	-62.1
5503	Vufflens-la-Ville	-540	-71.8
5511	Assens	-259	-45.1
5512	Bercher	-230	-38.9
5513	Bioley-Orjulaz	-30	-15.3
5514	Bottens	-393	-58.5
5515	Bretigny-sur-Morrens	-296	-71.8
5516	Cugy (VD)	-628	-44.5
5517	Dommartin	-113	-64.9
5518	Echallens	-413	-13.7
5519	Eclagnens	-37	-78.7
5520	Essertines-sur-Yverdon	-244	-54
5521	Etagnières	-115	-19.9
5522	Fey	-151	-54.9
5523	Froideville	-712	-67
5524	Goumoens-la-Ville	-202	-48.9
5525	Goumoens-le-Jux	-9	-37.5
5526	Malapalud	-25	-61
5527	Morrens (VD)	-396	-63.5
5528	Naz	-60	-81.1
5529	Oulens-sous-Echallens	-138	-43.8
5530	Pailly	-32	-10.8
5531	Penthéréaz	-133	-53
5532	Poliez-le-Grand	-251	-63.1
5533	Poliez-Pittet	-62	-16.1
5534	Rueyres	-79	-59.4
5535	Saint-Barthélemy (VD)	-243	-55
5536	Sugnens	-98	-59.4
5537	Villars-le-Terroir	-244	-56.1
5538	Villars-Tiercelin	-162	-69.8
5539	Vuarrens	-194	-51.9
5551	Bonvillars	-60	-25.5
5552	Bullet	-104	-33.7
5553	Champagne	-1	-0.2
5554	Concise	-148	-33.6
5555	Corcelles-près-Concise	-107	-56
5556	Fiez	-176	-70.1
5557	Fontaines-sur-Grandson	-53	-56.4
5558	Fontanezier	-33	-76.7
5559	Giez	-97	-39.3
5560	Grandevent	-84	-87.5
5561	Grandson	120	6.5
5562	Mauborget	-31	-56.4
5563	Mutrux	-54	-67.5
5564	Novalles	-61	-80.3
5565	Onnens (VD)	30	11.2
5566	Provence	-70	-32.1
5567	Romairon	-11	-45.8
5568	Sainte-Croix	53	2.3
5569	Vaugondry	-20	-71.4
5570	Villars-Burquin	-213	-68.1
5581	Belmont-sur-Lausanne	-1016	-60.4
5582	Cheseaux-sur-Lausanne	-396	-18.2
5583	Crissier	2228	48.8
5584	Epalinges	-2443	-46.1
5585	Jouxtens-Mézery	-567	-70.2
5586	Lausanne	45522	56.3
5587	Le Mont-sur-Lausanne	1784	49.6
5588	Paudex	-320	-33.2
5589	Prilly	320	4.8
5590	Pully	-1667	-16.2
5591	Renens (VD)	-564	-4.6
5592	Romanel-sur-Lausanne	-712	-31.4
5601	Chexbres	-364	-28.6
5602	Cully	-136	-11.5
5603	Epesses	-80	-35.9
5604	Forel (Lavaux)	-565	-47.7
5605	Grandvaux	-859	-63.3
5606	Lutry	-2536	-46.1
5607	Puidoux	-221	-13.3
5608	Riex	-111	-55.5
5609	Rivaz	-100	-46.9
5610	Saint-Saphorin (Lavaux)	-187	-73.9
5611	Savigny	-1014	-46.2
5612	Villette (Lavaux)	-255	-64.7
5621	Aclens	167	63.7
5622	Bremblens	-80	-32
5623	Buchillon	-191	-45
5624	Bussigny-près-Lausanne	743	13.5
5625	Bussy-Chardonney	-160	-65.6
5627	Chavannes-près-Renens	-1532	-35.7
5628	Chigny	-143	-76.9
5629	Clarmont	-89	-86.4
5630	Colombier (VD)	-191	-59.9
5631	Denens	-277	-67.7
5632	Denges	19	2.4
5633	Echandens	-287	-19.6
5634	Echichens	-217	-28.4
5635	Ecublens (VD)	2926	40.4
5636	Etoy	-331	-20.7
5637	Lavigny	122	26.2
5638	Lonay	-66	-5.4
5639	Lully (VD)	-311	-62.1
5640	Lussy-sur-Morges	-212	-54.6
5641	Monnaz	-141	-73.8
5642	Morges	1540	16.6
5643	Préverenges	-1298	-44.1
5644	Reverolle	-106	-43.3
5645	Romanel-sur-Morges	139	43.6
5646	Saint-Prex	-1283	-42.8
5647	Saint-Saphorin-sur-Morges	-172	-73.5
5648	Saint-Sulpice (VD)	-422	-21.4
5649	Tolochenaz	169	14.3
5650	Vaux-sur-Morges	-82	-72.6
5651	Villars-Sainte-Croix	168	38.3
5652	Villars-sous-Yens	-270	-65.9
5653	Vufflens-le-Château	-102	-23.1
5654	Vullierens	-153	-56
5655	Yens	-314	-47
5661	Boulens	-99	-69.7
5662	Brenles	-63	-55.3
5663	Bussy-sur-Moudon	-88	-67.7
5664	Chapelle-sur-Moudon	-114	-51.6
5665	Chavannes-sur-Moudon	-63	-47
5666	Chesalles-sur-Moudon	-73	-64
5667	Correvon	-63	-77.8
5668	Cremin	-21	-67.7
5669	Curtilles	-119	-68.4
5670	Denezy	-20	-29.4
5671	Dompierre (VD)	-78	-51
5672	Forel-sur-Lucens	-64	-61
5673	Hermenches	-115	-66.5
5674	Lovatens	-80	-79.2
5675	Lucens	-72	-5.1
5676	Martherenges	-38	-73.1
5677	Montaubion-Chardonney	-25	-47.2
5678	Moudon	868	30.1
5679	Neyruz-sur-Moudon	-55	-66.3
5680	Ogens	-114	-76
5681	Oulens-sur-Lucens	-16	-45.7
5682	Peyres-Possens	-11	-14.9
5683	Prévonloup	-40	-63.5
5684	Rossenges	-16	-51.6
5685	Saint-Cierges	-160	-53.2
5686	Sarzens	-30	-69.8
5687	Sottens	-62	-41.6
5688	Syens	-52	-59.1
5689	Thierrens	100	24.4
5690	Villars-le-Comte	-50	-66.7
5691	Villars-Mendraz	-96	-64.4
5692	Vucherens	-62	-21.2
5701	Arnex-sur-Nyon	-59	-60.2
5702	Arzier	-885	-69.2
5703	Bassins	-373	-63
5704	Begnins	-150	-17.4
5705	Bogis-Bossey	-552	-85.3
5706	Borex	23	3.7
5707	Chavannes-de-Bogis	65	8
5708	Chavannes-des-Bois	-296	-87.6
5709	Chéserex	-533	-71.9
5710	Coinsins	-105	-37.2
5711	Commugny	-1471	-78.2
5712	Coppet	-207	-12.3
5713	Crans-près-Céligny	-903	-67.6
5714	Crassier	-356	-65.1
5715	Duillier	-374	-58.4
5716	Eysins	-269	-44.2
5717	Founex	-286	-15.3
5718	Genolier	-62	-6.1
5719	Gingins	-440	-60.2
5720	Givrins	-292	-51.5
5721	Gland	-1563	-22.1
5722	Grens	-123	-59.4
5723	Mies	-438	-41
5724	Nyon	2451	21.9
5725	Prangins	-644	-29
5726	La Rippe	-563	-76.9
5727	Saint-Cergue	-631	-56.8
5728	Signy-Avenex	212	76.5
5729	Tannay	-716	-80.9
5730	Trélex	-490	-63.4
5731	Le Vaud	-455	-68.1
5732	Vich	-95	-17.8
5741	L'Abergement	-102	-61.1
5742	Agiez	-72	-50
5743	Arnex-sur-Orbe	-215	-57.5
5744	Ballaigues	228	40.9
5745	Baulmes	-96	-15.1
5746	Bavois	-367	-71.5
5747	Bofflens	-57	-50.4
5748	Bretonnières	-83	-61.9
5749	Chavornay	-724	-38
5750	Les Clées	-66	-60.6
5751	Corcelles-sur-Chavornay	-118	-59
5752	Croy	-96	-55.2
5754	Juriens	-59	-41.3
5755	Lignerolle	-115	-54
5756	Montcherand	-177	-60.8
5757	Orbe	314	9.1
5758	La Praz	-52	-67.5
5759	Premier	-68	-49.3
5760	Rances	-203	-66.6
5761	Romainmôtier-Envy	-87	-30.9
5762	Sergey	-41	-57.7
5763	Valeyres-sous-Rances	-179	-51.7
5764	Vallorbe	137	7.2
5765	Vaulion	-25	-8.1
5766	Vuiteboeuf	-130	-44.7
5781	Bussigny-sur-Oron	-28	-53.8
5782	Carrouge (VD)	-383	-70.1
5783	Châtillens	-111	-43.2
5784	Chesalles-sur-Oron	-38	-34.9
5785	Corcelles-le-Jorat	-161	-55.9
5786	Les Cullayes	-288	-63.9
5787	Ecoteaux	-126	-58.9
5788	Essertes	-90	-46.6
5789	Ferlens (VD)	-125	-63.8
5790	Maracon	-128	-55.9
5791	Mézières (VD)	101	15
5792	Montpreveyres	-52	-20.6
5793	Oron-la-Ville	303	39.1
5794	Oron-le-Châtel	-109	-69.4
5795	Palézieux	-226	-29
5796	Peney-le-Jorat	-112	-50
5797	La Rogivue	-32	-66.7
5798	Ropraz	-49	-22
5799	Servion	-398	-55
5800	Les Tavernes	-24	-29.3
5801	Les Thioleyres	-53	-43.4
5802	Vuibroye	-68	-82.9
5803	Vulliens	-197	-64.4
5811	Cerniaz (VD)	-22	-73.3
5812	Champtauroz	-17	-25.8
5813	Chevroux	-104	-41.1
5814	Combremont-le-Grand	-83	-40.5
5815	Combremont-le-Petit	-99	-40.2
5816	Corcelles-près-Payerne	-630	-57
5817	Grandcour	-269	-55.3
5818	Granges-près-Marnand	121	15.4
5819	Henniez	152	104.1
5820	Marnand	-29	-33
5821	Missy	-56	-28.7
5822	Payerne	1106	23.9
5823	Rossens (VD)	-21	-70
5824	Sassel	-27	-28.4
5825	Sédeilles	-35	-38
5826	Seigneux	-48	-25.1
5827	Trey	-64	-40
5828	Treytorrens (Payerne)	-29	-39.2
5829	Villars-Bramard	-42	-48.3
5830	Villarzel	-66	-52
5841	Château-d'Oex	-32	-1.7
5842	Rossinière	-151	-45.1
5843	Rougemont	-147	-27.5
5851	Allaman	-102	-35.8
5852	Bursinel	-170	-68.8
5853	Bursins	-31	-8.4
5854	Burtigny	-117	-52.5
5855	Dully	-187	-66.5
5856	Essertines-sur-Rolle	-228	-59.7
5857	Gilly	-250	-49.5
5858	Luins	-107	-44
5859	Mont-sur-Rolle	-633	-51.3
5860	Perroy	-468	-60.1
5861	Rolle	297	10.1
5862	Tartegnin	-68	-45.9
5863	Vinzel	-94	-43.3
5871	L'Abbaye	-253	-30.6
5872	Le Chenit	1788	66.5
5873	Le Lieu	251	49.7
5881	Blonay	-1427	-45.6
5882	Chardonne	-811	-49
5883	Corseaux	-612	-49.2
5884	Corsier-sur-Vevey	-603	-30
5885	Jongny	-601	-68.8
5886	Montreux	-431	-3.1
5888	Saint-Légier-La Chiésaz	-849	-31
5889	La Tour-de-Peilz	-1822	-28.8
5890	Vevey	4179	41.2
5891	Veytaux	-338	-60.9
5901	Arrissoules	-19	-70.4
5902	Belmont-sur-Yverdon	-66	-41.5
5903	Bioley-Magnoux	-73	-73
5904	Chamblon	-120	-30.7
5905	Champvent	-64	-31.4
5906	Chanéaz	-35	-60.3
5907	Chavannes-le-Chêne	-88	-56.8
5908	Chêne-Pâquier	-35	-52.2
5909	Cheseaux-Noréaz	63	17.7
5910	Cronay	-111	-55.2
5911	Cuarny	-60	-50
5912	Démoret	-46	-47.4
5913	Donneloye	-101	-45.3
5914	Ependes (VD)	-152	-64.4
5915	Essert-Pittet	-40	-48.2
5916	Essert-sous-Champvent	22	22.9
5917	Gossens	-54	-76.1
5918	Gressy	-59	-68.6
5919	Mathod	-183	-56.1
5920	Mézery-près-Donneloye	-36	-81.8
5921	Molondin	-59	-51.8
5922	Montagny-près-Yverdon	304	67.7
5923	Oppens	-39	-35.1
5924	Orges	-17	-12.1
5925	Orzens	-62	-48.4
5926	Pomy	-225	-54.6
5927	Prahins	-68	-73.9
5928	Rovray	-45	-68.2
5929	Suchy	-169	-66.3
5930	Suscévaz	-64	-51.2
5931	Treycovagnes	-219	-65
5932	Ursins	-90	-76.9
5933	Valeyres-sous-Montagny	-201	-54.6
5934	Valeyres-sous-Ursins	-89	-67.4
5935	Villars-Epeney	-24	-70.6
5936	Villars-sous-Champvent	-22	-73.3
5937	Vugelles-La Mothe	-40	-61.5
5938	Yverdon-les-Bains	2630	17.3
5939	Yvonand	-203	-13.7
6001	Birgisch	-88	-69.3
6002	Brig-Glis	3125	40.7
6004	Eggerberg	-156	-62.9
6006	Mund	-255	-71.2
6007	Naters	-1663	-34.5
6008	Ried-Brig	-668	-63.1
6009	Simplon	-2	-0.9
6010	Termen	-296	-60.5
6011	Zwischbergen	23	56.1
6021	Ardon	-603	-41.4
6022	Chamoson	-642	-40.9
6023	Conthey	-722	-17.5
6024	Nendaz	-1173	-34.4
6025	Vétroz	-1250	-50.4
6031	Bagnes	-10	-0.2
6032	Bourg-Saint-Pierre	21	17.4
6033	Liddes	-175	-44.5
6034	Orsières	-236	-14.6
6035	Sembrancher	-112	-22.9
6036	Vollèges	-452	-55.3
6051	Ausserbinn	-25	-71.4
6052	Bellwald	14	5.4
6054	Binn	-32	-37.6
6055	Blitzingen	-35	-56.5
6056	Ernen	-5	-2
6057	Fiesch	193	27.8
6058	Fieschertal	-43	-24.4
6059	Geschinen	-7	-20
6060	Gluringen	-13	-12.7
6061	Lax	-65	-31.1
6062	Mühlebach	-36	-81.8
6063	Münster (VS)	118	41
6064	Niederwald	15	36.6
6065	Obergesteln	-1	-0.8
6066	Oberwald	-3	-1.8
6067	Reckingen (VS)	-14	-6.4
6070	Steinhaus	-15	-78.9
6071	Ulrichen	-8	-5.7
6073	Grafschaft	-26	-21.5
6081	Les Agettes	-132	-74.6
6082	Ayent	-759	-39
6083	Evolène	-344	-34.4
6084	Hérémence	-138	-17.5
6085	Mase	-79	-73.1
6086	Nax	-85	-39.4
6087	Saint-Martin (VS)	-312	-59
6088	Vernamiège	-50	-72.5
6089	Vex	-297	-35.3
6101	Agarn	-236	-48.8
6102	Albinen	-68	-42.2
6103	Bratsch	-269	-93.4
6104	Ergisch	-57	-57
6105	Erschmatt	-108	-58.1
6107	Gampel	16	1.9
6109	Inden	-32	-60.4
6110	Leuk	-476	-22.2
6111	Leukerbad	274	25.1
6112	Oberems	-23	-34.8
6113	Salgesch	-165	-22.2
6114	Turtmann	-162	-25.2
6115	Unterems	-43	-45.7
6116	Varen	-210	-55.4
6117	Guttet-Feschel	-155	-66.5
6131	Bovernier	-289	-61.9
6132	Charrat	-142	-19.6
6133	Fully	-1733	-45.2
6134	Isérables	-260	-44.2
6135	Leytron	-71	-5.1
6136	Martigny	2387	25
6137	Martigny-Combe	-735	-65.1
6139	Riddes	-239	-17.7
6140	Saillon	-393	-37.2
6141	Saxon	-678	-33
6142	Trient	-25	-34.2
6151	Champéry	-175	-25.3
6152	Collombey-Muraz	-1346	-33.9
6153	Monthey	2234	24.5
6154	Port-Valais	-524	-32.2
6155	Saint-Gingolph	-182	-44.8
6156	Troistorrents	-960	-41.4
6157	Val-d'Illiez	-440	-45
6158	Vionnaz	-162	-16.1
6159	Vouvry	-101	-5.2
6171	Betten	17	5.4
6172	Bister	-11	-61.1
6173	Bitsch	-164	-32.5
6174	Filet	-55	-63.2
6175	Goppisberg	-26	-63.4
6176	Greich	-18	-19.8
6177	Grengiols	-114	-38.9
6178	Martisberg	-13	-76.5
6179	Mörel	37	11.4
6180	Ried-Mörel	-40	-19.3
6191	Ausserberg	-231	-61.3
6192	Blatten	-96	-61.9
6193	Bürchen	-200	-50.1
6194	Eischoll	-158	-54.9
6195	Ferden	-42	-22.5
6196	Hohtenn	-109	-94
6197	Kippel	-60	-25
6198	Niedergesteln	-249	-64.8
6199	Raron	-228	-21.1
6200	Steg	539	60.8
6201	Unterbäch	-138	-55.6
6202	Wiler (Lötschen)	-107	-34.6
6211	Collonges	-190	-61.9
6212	Dorénaz	-198	-51.2
6213	Evionnaz	79	13.1
6214	Finhaut	-31	-15
6215	Massongex	-496	-56.4
6216	Mex (VS)	-27	-36.5
6217	Saint-Maurice	1355	60
6218	Salvan	-289	-45.6
6219	Vernayaz	-459	-45
6220	Vérossaz	-141	-53.6
6231	Ayer	-113	-30.2
6232	Chalais	-850	-48.6
6233	Chandolin	-19	-27.1
6234	Chermignon	-367	-20.3
6235	Chippis	280	28.4
6237	Grimentz	-14	-4.7
6238	Grône	-306	-24.8
6239	Icogne	-191	-72.3
6240	Lens	-848	-40.9
6241	Miège	-357	-59.6
6242	Mollens (VS)	-357	-71.5
6243	Montana	1083	69
6244	Randogne	-463	-22.8
6245	Saint-Jean	-83	-65.9
6246	Saint-Léonard	-547	-46
6247	Saint-Luc	-102	-44
6248	Sierre	2342	25.1
6249	Venthône	-381	-62.5
6250	Veyras	-645	-65.8
6251	Vissoie	158	50.2
6261	Arbaz	-275	-56.9
6263	Grimisuat	-715	-46.8
6264	Salins	-349	-60.7
6265	Savièse	-1886	-54.3
6266	Sion	13188	73.5
6267	Veysonnaz	-76	-24.1
6281	Baltschieder	-476	-68.2
6282	Eisten	-75	-60.5
6283	Embd	-117	-56.5
6285	Grächen	-187	-23.6
6286	Lalden	-154	-38.9
6287	Randa	-146	-54.5
6288	Saas Almagell	-20	-8
6289	Saas Balen	-208	-81.6
6290	Saas Fee	88	8
6291	Saas Grund	-10	-1.3
6292	St. Niklaus	-120	-8.3
6293	Stalden (VS)	-148	-21.3
6294	Staldenried	-225	-63.9
6295	Täsch	-306	-51.8
6296	Törbel	-175	-57.8
6297	Visp	4659	111.5
6298	Visperterminen	-561	-63.1
6299	Zeneggen	-92	-68.1
6300	Zermatt	729	16
6401	Auvernier	-474	-47.4
6402	Bevaix	-973	-40.4
6403	Bôle	-615	-53.3
6404	Boudry	-659	-18.6
6405	Brot-Dessous	-43	-71.7
6406	Colombier (NE)	-642	-19.7
6407	Corcelles-Cormondrèche	-1262	-50.1
6408	Cortaillod	-628	-21.6
6409	Fresens	18	14.3
6410	Gorgier	32	2.7
6411	Montalchez	-88	-71
6412	Peseux	-686	-20.6
6413	Rochefort	-447	-65.7
6414	Saint-Aubin-Sauges	-516	-33.1
6415	Vaumarcus	29	22.3
6421	La Chaux-de-Fonds	3825	16.2
6422	Les Planchettes	-78	-48.8
6423	La Sagne	-222	-34.5
6431	Les Brenets	33	4.2
6432	La Brévine	-67	-15.5
6433	Brot-Plamboz	-70	-36.6
6434	Le Cerneux-Péquignot	-83	-39
6435	La Chaux-du-Milieu	-123	-43.6
6436	Le Locle	1617	24.5
6437	Les Ponts-de-Martel	-71	-8.7
6451	Cornaux	-393	-37.1
6452	Cressier (NE)	-55	-4.2
6453	Enges	-144	-67
6454	Hauterive	-1027	-58.8
6455	Le Landeron	-1105	-38.6
6456	Lignières	-382	-57
6457	Marin-Epagnier	1775	70.7
6458	Neuchâtel	12847	60
6459	Saint-Blaise	-350	-17.1
6460	Thielle-Wavre	-247	-57.8
6471	Boudevilliers	-1	-0.2
6472	Cernier	341	26.9
6473	Chézard-Saint-Martin	-664	-58.5
6474	Coffrane	-268	-63.2
6475	Dombresson	-481	-45
6476	Engollon	-19	-36.5
6477	Fenin-Vilars-Saules	-314	-59.6
6478	Fontainemelon	-181	-16.9
6479	Fontaines (NE)	-264	-39.7
6480	Les Geneveys-sur-Coffrane	-83	-8.3
6481	Les Hauts-Geneveys	-283	-45
6482	Montmollin	-223	-65.6
6483	Le Pâquier (NE)	-64	-38.6
6484	Savagnier	-387	-61
6485	Valangin	-111	-41.1
6486	Villiers	-189	-64.9
6501	Les Bayards	-94	-42.2
6502	Boveresse	-124	-54.9
6503	Buttes	-155	-40.2
6504	La Côte-aux-Fées	76	24.9
6505	Couvet	-195	-11.8
6506	Fleurier	195	8.6
6507	Môtiers (NE)	-37	-6.4
6508	Noiraigue	-105	-32.4
6509	Saint-Sulpice (NE)	-174	-44.6
6510	Travers	-347	-46.6
6511	Les Verrières	-121	-28.5
6601	Aire-la-Ville	-218	-40.1
6602	Anières	-877	-64
6603	Avully	-945	-74.6
6604	Avusy	-618	-71
6605	Bardonnex	-874	-57.5
6606	Bellevue	-389	-28.8
6607	Bernex	-3348	-53.6
6608	Carouge (GE)	9432	78
6609	Cartigny	-264	-49.9
6610	Céligny	-213	-54.1
6611	Chancy	-494	-74.1
6612	Chêne-Bougeries	-4	-0.1
6613	Chêne-Bourg	-998	-20.6
6614	Choulex	-394	-63.1
6615	Collex-Bossy	-632	-66.9
6616	Collonge-Bellerive	-802	-19.2
6617	Cologny	-1168	-38.8
6618	Confignon	-502	-23.7
6619	Corsier (GE)	-638	-53.6
6620	Dardagny	-266	-28.1
6621	Genève	63923	54.2
6622	Genthod	-765	-50.8
6623	Le Grand-Saconnex	748	13.4
6624	Gy	-134	-48.6
6625	Hermance	-326	-60
6626	Jussy	-87	-10.7
6627	Laconnex	-263	-65.9
6628	Lancy	300	1.8
6629	Meinier	-715	-60.7
6630	Meyrin	5676	42.6
6631	Onex	-6430	-61
6632	Perly-Certoux	-999	-49
6633	Plan-les-Ouates	1925	39.7
6634	Pregny-Chambésy	-93	-4.7
6635	Presinge	-136	-37.4
6636	Puplinge	-867	-56.1
6637	Russin	-118	-42.3
6638	Satigny	3814	199.7
6639	Soral	-166	-43.7
6640	Thônex	-1939	-24.2
6641	Troinex	-865	-62.7
6642	Vandoeuvres	-899	-58.6
6643	Vernier	-3512	-18.3
6644	Versoix	-1905	-26.7
6645	Veyrier	-3364	-55.9
6701	Bassecourt	-109	-5.2
6702	Boécourt	-71	-12.9
6703	Bourrignon	-77	-39.3
6704	Châtillon (JU)	-141	-58.5
6705	Corban	-206	-68.7
6706	Courchapoix	-133	-49.8
6707	Courfaivre	-486	-46.2
6708	Courrendlin	-345	-21.1
6709	Courroux	-936	-51.1
6710	Courtételle	-470	-32.5
6711	Delémont	4316	59.9
6712	Develier	-383	-45.5
6713	Ederswiler	-36	-45.6
6714	Glovelier	182	25.2
6715	Mervelier	-222	-59.5
6716	Mettembert	-58	-64.4
6717	Montsevelier	-158	-48.6
6718	Movelier	-137	-55.7
6719	Pleigne	-140	-47.3
6720	Rebeuvelier	-118	-52.2
6721	Rossemaison	-164	-47.4
6722	Saulcy	-71	-42.5
6723	Soulce	-84	-60.4
6724	Soyhières	-172	-49.1
6725	Undervelier	-66	-35.7
6726	Vermes	-100	-51.3
6727	Vicques	-198	-18.3
6728	Vellerat	-40	-78.4
6741	Le Bémont (JU)	-114	-43.7
6742	Les Bois	-239	-33.5
6743	Les Breuleux	162	18.1
6744	La Chaux-des-Breuleux	-47	-63.5
6745	Les Enfers	-25	-27.5
6746	Epauvillers	-32	-35.2
6747	Epiquerez	-14	-20.6
6748	Les Genevez (JU)	-35	-9.9
6749	Goumois	-9	-10.5
6750	Lajoux (JU)	-140	-34.7
6751	Montfaucon	-156	-45.5
6752	Montfavergier	-22	-71
6753	Muriaux	-119	-38.4
6754	Le Noirmont	204	19.2
6755	Le Peuchapatte	-16	-59.3
6756	Les Pommerats	-92	-47.9
6757	Saignelégier	230	16.4
6758	Saint-Brais	-47	-33.6
6759	Soubey	-4	-5.1
6771	Alle	85	8.3
6772	Asuel	-11	-8.3
6773	Beurnevésin	-40	-39.2
6774	Boncourt	177	23.3
6775	Bonfol	-89	-22.4
6776	Bressaucourt	-159	-64.6
6777	Buix	-148	-53.6
6778	Bure	-148	-33.8
6779	Charmoille	12	5.7
6780	Chevenez	35	7.7
6781	Coeuve	-160	-40
6782	Cornol	-118	-22.7
6783	Courchavon	-56	-31.1
6784	Courgenay	-375	-28.8
6785	Courtedoux	-241	-51.1
6786	Courtemaîche	-126	-32.9
6787	Damphreux	-37	-34.9
6788	Damvant	-33	-50
6789	Fahy	-10	-3.9
6790	Fontenais	-501	-62.7
6791	Fregiécourt	-53	-60.9
6792	Grandfontaine	-67	-31.8
6793	Lugnez	-69	-49.6
6794	Miécourt	-119	-41.9
6795	Montenol	-27	-48.2
6796	Montignez	-29	-18.4
6797	Montmelon	-23	-37.1
6798	Ocourt	-50	-57.5
6799	Pleujouse	-38	-70.4
6800	Porrentruy	3966	91.5
6801	Réclère	-64	-58.7
6802	Roche-d'Or	-10	-43.5
6803	Rocourt	-35	-38.5
6804	Saint-Ursanne	193	43.1
6805	Seleute	-13	-34.2
6806	Vendlincourt	-78	-21.2
