Region	Personen
Switzerland	2354837
>> Wahlkreis Willisau	7719
>> Wahlkreis Wil	17141
>> Wahlkreis Werdenberg	11650
>> Wahlkreis Toggenburg	7790
>> Wahlkreis Sursee	10118
>> Wahlkreis St. Gallen	34923
>> Wahlkreis See-Gaster	13658
>> Wahlkreis Sarganserland	8470
>> Wahlkreis Rorschach	11685
>> Wahlkreis Rheintal	19127
>> Wahlkreis Luzern-Stadt	23676
>> Wahlkreis Luzern-Land	21493
>> Wahlkreis Hochdorf	14922
>> Wahlkreis Entlebuch	2506
>> Verwaltungskreis Thun	14638
>> Verwaltungskreis Seeland	10246
>> Verwaltungskreis Obersimmental-Saanen	3302
>> Verwaltungskreis Oberaargau	12468
>> Verwaltungskreis Interlaken-Oberhasli	9250
>> Verwaltungskreis Frutigen-Niedersimmental	4186
>> Verwaltungskreis Emmental	10648
>> Verwaltungskreis Biel/Bienne	27565
>> Verwaltungskreis Bern-Mittelland	85361
>> Kanton Zug	36062
>> Kanton Uri	4675
>> Kanton Obwalden	6028
>> Kanton Nidwalden	7204
>> Kanton Glarus	9360
>> Kanton Basel-Stadt	77803
>> Kanton Appenzell Innerrhoden	1968
>> District du Val-de-Travers	2826
>> District du Val-de-Ruz	3401
>> District du Locle	3985
>> District du Jura-Nord vaudois	26382
>> District du Gros-de-Vaud	9163
>> District des Franches-Montagnes	1372
>> District de Sion	12093
>> District de Sierre	15705
>> District de Saint-Maurice	3314
>> District de Porrentruy	4126
>> District de Nyon	40922
>> District de Neuchâtel	19175
>> District de Morges	25197
>> District de Monthey	12985
>> District de Martigny	12605
>> District de Lavaux-Oron	20274
>> District de Lausanne	73491
>> District de la Veveyse	3801
>> District de la Sarine	30945
>> District de la Riviera-Pays-d'Enhaut	36396
>> District de la Gruyère	13450
>> District de la Glâne	4390
>> District de la Chaux-de-Fonds	13619
>> District de la Broye-Vully	12988
>> District de la Broye	6045
>> District de l'Ouest lausannois	35579
>> District de Delémont	7437
>> District de Conthey	6578
>> District de Boudry	10697
>> District d'Hérens	1696
>> District d'Entremont	4034
>> District d'Aigle	17591
>> Distretto di Vallemaggia	992
>> Distretto di Riviera	4356
>> Distretto di Moesa	2079
>> Distretto di Mendrisio	17990
>> Distretto di Lugano	60026
>> Distretto di Locarno	20451
>> Distretto di Leventina	3113
>> Distretto di Blenio	846
>> Distretto di Bernina	825
>> Distretto di Bellinzona	16287
>> Canton de Genève	235957
>> Bezirk Zurzach	9650
>> Bezirk Zürich	159164
>> Bezirk Zofingen	15508
>> Bezirk Winterthur	42902
>> Bezirk Weinfelden	10959
>> Bezirk Wasseramt	10745
>> Bezirk Waldenburg	2822
>> Bezirk Vorderland	2853
>> Bezirk Visp	6168
>> Bezirk Uster	38878
>> Bezirk Unterklettgau	921
>> Bezirk Thierstein	2235
>> Bezirk Thal	2561
>> Bezirk Surselva	2865
>> Bezirk Stein	1673
>> Bezirk Solothurn	3745
>> Bezirk Sissach	5904
>> Bezirk Sense	5267
>> Bezirk See / District du Lac	7506
>> Bezirk Schwyz	8858
>> Bezirk Schleitheim	559
>> Bezirk Schaffhausen	17468
>> Bezirk Rheinfelden	13297
>> Bezirk Reiat	2124
>> Bezirk Raron	1152
>> Bezirk Prättigau-Davos	5930
>> Bezirk Plessur	9599
>> Bezirk Pfäffikon	13560
>> Bezirk Olten	13113
>> Bezirk Oberklettgau	786
>> Bezirk Muri	6012
>> Bezirk Münchwilen	8683
>> Bezirk Mittelland	2929
>> Bezirk Meilen	30184
>> Bezirk March	9399
>> Bezirk Maloja / Distretto di Maloggia	6629
>> Bezirk Liestal	16862
>> Bezirk Leuk	1959
>> Bezirk Lenzburg	12938
>> Bezirk Lebern	9600
>> Bezirk Laufenburg	6535
>> Bezirk Laufen	3851
>> Bezirk Landquart	4375
>> Bezirk Küssnacht (SZ)	2766
>> Bezirk Kulm	8841
>> Bezirk Kreuzlingen	18507
>> Bezirk Inn	2120
>> Bezirk Imboden	4164
>> Bezirk Horgen	39532
>> Bezirk Höfe	8367
>> Bezirk Hinwil	22062
>> Bezirk Hinterrhein	2404
>> Bezirk Hinterland	4531
>> Bezirk Gösgen	5241
>> Bezirk Goms	681
>> Bezirk Gersau	535
>> Bezirk Gäu	4142
>> Bezirk Frauenfeld	14545
>> Bezirk Einsiedeln	2485
>> Bezirk Dorneck	4427
>> Bezirk Dietikon	33543
>> Bezirk Dielsdorf	26422
>> Bezirk Bülach	47443
>> Bezirk Bucheggberg	615
>> Bezirk Brugg	12552
>> Bezirk Brig	4199
>> Bezirk Bremgarten	17958
>> Bezirk Baden	42811
>> Bezirk Arlesheim	41544
>> Bezirk Arbon	14832
>> Bezirk Andelfingen	5436
>> Bezirk Albula	1690
>> Bezirk Affoltern	11625
>> Bezirk Aarau	18336
>> Arrondissement administratif Jura bernois	10927
......6810 La Baroche	145
......6809 Haute-Ajoie	127
......6808 Clos du Doubs	157
......6807 Basse-Allaine	184
......6806 Vendlincourt	85
......6803 Rocourt	11
......6800 Porrentruy	1727
......6793 Lugnez	22
......6792 Grandfontaine	38
......6790 Fontenais	205
......6789 Fahy	43
......6787 Damphreux	20
......6785 Courtedoux	84
......6784 Courgenay	342
......6783 Courchavon	34
......6782 Cornol	134
......6781 Coeuve	52
......6778 Bure	76
......6775 Bonfol	114
......6774 Boncourt	236
......6773 Beurnevésin	14
......6771 Alle	276
......6759 Soubey	11
......6758 Saint-Brais	19
......6757 Saignelégier	311
......6754 Le Noirmont	357
......6753 Muriaux	45
......6751 Montfaucon	27
......6750 Lajoux (JU)	77
......6748 Les Genevez (JU)	48
......6745 Les Enfers	12
......6744 La Chaux-des-Breuleux	12
......6743 Les Breuleux	265
......6742 Les Bois	163
......6741 Le Bémont (JU)	25
......6730 Val Terbi	257
......6729 Haute-Sorne	1165
......6728 Vellerat	8
......6724 Soyhières	105
......6722 Saulcy	34
......6721 Rossemaison	77
......6720 Rebeuvelier	24
......6719 Pleigne	21
......6718 Movelier	51
......6716 Mettembert	18
......6715 Mervelier	33
......6713 Ederswiler	10
......6712 Develier	218
......6711 Delémont	3789
......6710 Courtételle	382
......6709 Courroux	460
......6708 Courrendlin	583
......6706 Courchapoix	33
......6705 Corban	25
......6704 Châtillon (JU)	36
......6703 Bourrignon	18
......6702 Boécourt	90
......6645 Veyrier	4066
......6644 Versoix	6607
......6643 Vernier	17822
......6642 Vandoeuvres	1106
......6641 Troinex	761
......6640 Thônex	6417
......6639 Soral	213
......6638 Satigny	1292
......6637 Russin	149
......6636 Puplinge	595
......6635 Presinge	221
......6634 Pregny-Chambésy	2126
......6633 Plan-les-Ouates	3269
......6632 Perly-Certoux	1034
......6631 Onex	8149
......6630 Meyrin	11394
......6629 Meinier	668
......6628 Lancy	13530
......6627 Laconnex	157
......6626 Jussy	371
......6625 Hermance	405
......6624 Gy	147
......6623 Le Grand-Saconnex	6622
......6622 Genthod	1338
......6621 Genève	111101
......6620 Dardagny	532
......6619 Corsier (GE)	840
......6618 Confignon	1233
......6617 Cologny	2719
......6616 Collonge-Bellerive	3302
......6615 Collex-Bossy	671
......6614 Choulex	380
......6613 Chêne-Bourg	3725
......6612 Chêne-Bougeries	5272
......6611 Chancy	476
......6610 Céligny	279
......6609 Cartigny	256
......6608 Carouge (GE)	9362
......6607 Bernex	2937
......6606 Bellevue	1549
......6605 Bardonnex	733
......6604 Avusy	312
......6603 Avully	470
......6602 Anières	1059
......6601 Aire-la-Ville	290
......6512 Val-de-Travers	2633
......6511 Les Verrières	116
......6504 La Côte-aux-Fées	77
......6487 Val-de-Ruz	3266
......6485 Valangin	135
......6461 La Tène	1594
......6459 Saint-Blaise	881
......6458 Neuchâtel	13628
......6456 Lignières	131
......6455 Le Landeron	1091
......6454 Hauterive (NE)	840
......6453 Enges	36
......6452 Cressier (NE)	565
......6451 Cornaux	409
......6437 Les Ponts-de-Martel	144
......6436 Le Locle	3493
......6435 La Chaux-du-Milieu	36
......6434 Le Cerneux-Péquignot	17
......6433 Brot-Plamboz	11
......6432 La Brévine	52
......6431 Les Brenets	232
......6423 La Sagne	97
......6422 Les Planchettes	14
......6421 La Chaux-de-Fonds	13508
......6416 Milvignes	2222
......6415 Vaumarcus	51
......6414 Saint-Aubin-Sauges	681
......6413 Rochefort	187
......6412 Peseux	2124
......6411 Montalchez	30
......6410 Gorgier	460
......6409 Fresens	21
......6408 Cortaillod	1191
......6407 Corcelles-Cormondrèche	1091
......6405 Brot-Dessous	15
......6404 Boudry	1724
......6402 Bevaix	900
......6300 Zermatt	2093
......6299 Zeneggen	32
......6298 Visperterminen	77
......6297 Visp	1817
......6296 Törbel	13
......6295 Täsch	543
......6294 Staldenried	15
......6293 Stalden (VS)	102
......6292 St. Niklaus	252
......6291 Saas-Grund	143
......6290 Saas-Fee	504
......6289 Saas-Balen	41
......6288 Saas-Almagell	53
......6287 Randa	104
......6286 Lalden	73
......6285 Grächen	170
......6283 Embd	13
......6282 Eisten	4
......6281 Baltschieder	119
......6267 Veysonnaz	138
......6266 Sion	9861
......6265 Savièse	1236
......6263 Grimisuat	606
......6261 Arbaz	252
......6252 Anniviers	674
......6250 Veyras	317
......6249 Venthône	212
......6248 Sierre	5385
......6246 Saint-Léonard	443
......6244 Randogne	2865
......6243 Montana	838
......6242 Mollens (VS)	292
......6241 Miège	247
......6240 Lens	1452
......6239 Icogne	154
......6238 Grône	479
......6235 Chippis	660
......6234 Chermignon	1020
......6232 Chalais	667
......6220 Vérossaz	79
......6219 Vernayaz	569
......6218 Salvan	253
......6217 Saint-Maurice	1298
......6215 Massongex	344
......6214 Finhaut	192
......6213 Evionnaz	261
......6212 Dorénaz	180
......6211 Collonges	138
......6205 Bettmeralp	60
......6204 Steg-Hohtenn	183
......6203 Mörel-Filet	117
......6202 Wiler (Lötschen)	42
......6201 Unterbäch	39
......6199 Raron	287
......6198 Niedergesteln	48
......6197 Kippel	11
......6195 Ferden	17
......6194 Eischoll	25
......6193 Bürchen	58
......6192 Blatten	10
......6191 Ausserberg	45
......6181 Riederalp	86
......6177 Grengiols	28
......6173 Bitsch	95
......6172 Bister	1
......6159 Vouvry	1182
......6158 Vionnaz	506
......6157 Val-d'Illiez	397
......6156 Troistorrents	795
......6155 Saint-Gingolph	260
......6154 Port-Valais	1382
......6153 Monthey	5851
......6152 Collombey-Muraz	2181
......6151 Champéry	431
......6142 Trient	45
......6141 Saxon	1779
......6140 Saillon	599
......6139 Riddes	872
......6137 Martigny-Combe	420
......6136 Martigny	5815
......6135 Leytron	626
......6134 Isérables	42
......6133 Fully	1777
......6132 Charrat	511
......6131 Bovernier	119
......6119 Turtmann-Unterems	124
......6118 Gampel-Bratsch	232
......6117 Guttet-Feschel	38
......6116 Varen	59
......6113 Salgesch	226
......6112 Oberems	5
......6111 Leukerbad	591
......6110 Leuk	517
......6109 Inden	29
......6104 Ergisch	11
......6102 Albinen	41
......6101 Agarn	86
......6090 Mont-Noble	162
......6089 Vex	343
......6087 Saint-Martin (VS)	66
......6084 Hérémence	118
......6083 Evolène	277
......6082 Ayent	659
......6081 Les Agettes	71
......6076 Obergoms	91
......6075 Reckingen-Gluringen	44
......6074 Münster-Geschinen	61
......6073 Grafschaft	25
......6064 Niederwald	7
......6061 Lax	51
......6058 Fieschertal	37
......6057 Fiesch	180
......6056 Ernen	67
......6055 Blitzingen	17
......6054 Binn	18
......6052 Bellwald	83
......6036 Vollèges	266
......6035 Sembrancher	190
......6034 Orsières	551
......6033 Liddes	87
......6032 Bourg-Saint-Pierre	51
......6031 Bagnes	2889
......6025 Vétroz	1603
......6024 Nendaz	1068
......6023 Conthey	2114
......6022 Chamoson	764
......6021 Ardon	1029
......6011 Zwischbergen	26
......6010 Termen	93
......6009 Simplon	9
......6008 Ried-Brig	192
......6007 Naters	1507
......6004 Eggerberg	17
......6002 Brig-Glis	2355
......5939 Yvonand	631
......5938 Yverdon-les-Bains	12331
......5937 Vugelles-La Mothe	27
......5935 Villars-Epeney	19
......5934 Valeyres-sous-Ursins	29
......5933 Valeyres-sous-Montagny	141
......5932 Ursins	26
......5931 Treycovagnes	96
......5930 Suscévaz	33
......5929 Suchy	85
......5928 Rovray	13
......5926 Pomy	93
......5925 Orzens	19
......5924 Orges	47
......5923 Oppens	48
......5922 Montagny-près-Yverdon	134
......5921 Molondin	41
......5919 Mathod	86
......5915 Essert-Pittet	38
......5914 Ependes (VD)	64
......5913 Donneloye	94
......5912 Démoret	12
......5911 Cuarny	23
......5910 Cronay	36
......5909 Cheseaux-Noréaz	127
......5908 Chêne-Pâquier	8
......5907 Chavannes-le-Chêne	34
......5905 Champvent	94
......5904 Chamblon	115
......5903 Bioley-Magnoux	12
......5902 Belmont-sur-Yverdon	63
......5891 Veytaux	337
......5890 Vevey	9453
......5889 La Tour-de-Peilz	4185
......5888 Saint-Légier-La Chiésaz	1700
......5886 Montreux	13839
......5885 Jongny	466
......5884 Corsier-sur-Vevey	1312
......5883 Corseaux	762
......5882 Chardonne	946
......5881 Blonay	1969
......5873 Le Lieu	199
......5872 Le Chenit	1479
......5871 L'Abbaye	312
......5863 Vinzel	96
......5862 Tartegnin	57
......5861 Rolle	3045
......5860 Perroy	501
......5859 Mont-sur-Rolle	948
......5858 Luins	249
......5857 Gilly	369
......5856 Essertines-sur-Rolle	218
......5855 Dully	276
......5854 Burtigny	102
......5853 Bursins	218
......5852 Bursinel	176
......5851 Allaman	138
......5843 Rougemont	336
......5842 Rossinière	100
......5841 Château-d'Oex	991
......5831 Valbroye	663
......5830 Villarzel	60
......5828 Treytorrens (Payerne)	12
......5827 Trey	40
......5822 Payerne	3736
......5821 Missy	68
......5819 Henniez	65
......5817 Grandcour	139
......5816 Corcelles-près-Payerne	508
......5813 Chevroux	51
......5812 Champtauroz	27
......5805 Oron	1364
......5804 Jorat-Menthue	289
......5803 Vulliens	68
......5799 Servion	469
......5798 Ropraz	93
......5792 Montpreveyres	174
......5791 Mézières (VD)	244
......5790 Maracon	66
......5789 Ferlens (VD)	32
......5788 Essertes	86
......5785 Corcelles-le-Jorat	77
......5782 Carrouge (VD)	265
......5766 Vuiteboeuf	136
......5765 Vaulion	73
......5764 Vallorbe	1239
......5763 Valeyres-sous-Rances	125
......5762 Sergey	15
......5761 Romainmôtier-Envy	132
......5760 Rances	67
......5759 Premier	21
......5758 La Praz	21
......5757 Orbe	2428
......5756 Montcherand	59
......5755 Lignerolle	64
......5754 Juriens	35
......5752 Croy	40
......5751 Corcelles-sur-Chavornay	42
......5750 Les Clées	34
......5749 Chavornay	1242
......5748 Bretonnières	29
......5747 Bofflens	23
......5746 Bavois	210
......5745 Baulmes	208
......5744 Ballaigues	231
......5743 Arnex-sur-Orbe	100
......5742 Agiez	47
......5741 L'Abergement	38
......5732 Vich	281
......5731 Le Vaud	330
......5730 Trélex	506
......5729 Tannay	859
......5728 Signy-Avenex	171
......5727 Saint-Cergue	1007
......5726 La Rippe	374
......5725 Prangins	1550
......5724 Nyon	9357
......5723 Mies	1002
......5722 Grens	109
......5721 Gland	5248
......5720 Givrins	363
......5719 Gingins	477
......5718 Genolier	778
......5717 Founex	1935
......5716 Eysins	609
......5715 Duillier	334
......5714 Crassier	416
......5713 Crans-près-Céligny	931
......5712 Coppet	1607
......5711 Commugny	1440
......5710 Coinsins	128
......5709 Chéserex	438
......5708 Chavannes-des-Bois	445
......5707 Chavannes-de-Bogis	666
......5706 Borex	368
......5705 Bogis-Bossey	420
......5704 Begnins	599
......5703 Bassins	420
......5702 Arzier-Le Muids	926
......5701 Arnex-sur-Nyon	53
......5693 Montanaire	383
......5692 Vucherens	112
......5690 Villars-le-Comte	18
......5688 Syens	33
......5686 Sarzens	14
......5684 Rossenges	9
......5683 Prévonloup	22
......5680 Ogens	36
......5678 Moudon	2739
......5675 Lucens	1388
......5674 Lovatens	17
......5673 Hermenches	73
......5672 Forel-sur-Lucens	19
......5671 Dompierre (VD)	33
......5669 Curtilles	49
......5668 Cremin	6
......5666 Chesalles-sur-Moudon	20
......5665 Chavannes-sur-Moudon	30
......5663 Bussy-sur-Moudon	28
......5662 Brenles	13
......5661 Boulens	47
......5655 Yens	414
......5654 Vullierens	83
......5653 Vufflens-le-Château	240
......5652 Villars-sous-Yens	126
......5651 Villars-Sainte-Croix	218
......5650 Vaux-sur-Morges	54
......5649 Tolochenaz	678
......5648 Saint-Sulpice (VD)	1740
......5646 Saint-Prex	2292
......5645 Romanel-sur-Morges	63
......5644 Reverolle	74
......5643 Préverenges	2053
......5642 Morges	6266
......5640 Lussy-sur-Morges	170
......5639 Lully (VD)	193
......5638 Lonay	772
......5637 Lavigny	297
......5636 Etoy	1016
......5635 Ecublens (VD)	6108
......5634 Echichens	605
......5633 Echandens	751
......5632 Denges	592
......5631 Denens	184
......5629 Clarmont	35
......5628 Chigny	115
......5627 Chavannes-près-Renens	3832
......5625 Bussy-Chardonney	67
......5624 Bussigny	3230
......5623 Buchillon	219
......5622 Bremblens	104
......5621 Aclens	165
......5613 Bourg-en-Lavaux	1543
......5611 Savigny	1031
......5610 Saint-Saphorin (Lavaux)	114
......5609 Rivaz	79
......5607 Puidoux	971
......5606 Lutry	3571
......5604 Forel (Lavaux)	504
......5601 Chexbres	640
......5592 Romanel-sur-Lausanne	926
......5591 Renens (VD)	11272
......5590 Pully	7480
......5589 Prilly	5592
......5588 Paudex	592
......5587 Le Mont-sur-Lausanne	2292
......5586 Lausanne	65410
......5585 Jouxtens-Mézery	449
......5584 Epalinges	3320
......5583 Crissier	3587
......5582 Cheseaux-sur-Lausanne	1094
......5581 Belmont-sur-Lausanne	1314
......5571 Tévenon	158
......5568 Sainte-Croix	1183
......5566 Provence	44
......5565 Onnens (VD)	85
......5564 Novalles	12
......5563 Mutrux	16
......5562 Mauborget	25
......5561 Grandson	819
......5560 Grandevent	43
......5559 Giez	59
......5557 Fontaines-sur-Grandson	35
......5556 Fiez	48
......5555 Corcelles-près-Concise	51
......5554 Concise	211
......5553 Champagne	204
......5552 Bullet	83
......5551 Bonvillars	86
......5541 Goumoëns	145
......5540 Montilliez	275
......5539 Vuarrens	142
......5537 Villars-le-Terroir	151
......5535 Saint-Barthélemy (VD)	136
......5534 Rueyres	37
......5533 Poliez-Pittet	124
......5531 Penthéréaz	47
......5530 Pailly	79
......5529 Oulens-sous-Echallens	79
......5527 Morrens (VD)	213
......5523 Froideville	540
......5522 Fey	100
......5521 Etagnières	283
......5520 Essertines-sur-Yverdon	118
......5518 Echallens	1489
......5516 Cugy (VD)	803
......5515 Bretigny-sur-Morrens	155
......5514 Bottens	243
......5513 Bioley-Orjulaz	110
......5512 Bercher	246
......5511 Assens	166
......5503 Vufflens-la-Ville	302
......5501 Sullens	170
......5500 Sévery	41
......5499 Senarclens	83
......5498 La Sarraz	778
......5497 Pompaples	233
......5496 Penthaz	421
......5495 Penthalaz	907
......5494 Pampigny	221
......5493 Orny	71
......5492 Montricher	168
......5491 Mont-la-Ville	59
......5490 Moiry	27
......5489 Mex (VD)	203
......5488 Mauraz	4
......5487 Lussery-Villars	86
......5486 L'Isle	186
......5485 Grancy	86
......5484 Gollion	188
......5483 Ferreyres	37
......5482 Eclépens	289
......5481 Dizy	36
......5480 Daillens	206
......5479 Cuarnens	72
......5478 Cottens (VD)	96
......5477 Cossonay	947
......5476 Chevilly	36
......5475 Chavannes-le-Veyron	23
......5474 La Chaux (Cossonay)	77
......5473 Boussens	195
......5472 Bournens	84
......5471 Bettens	105
......5464 Vully-les-Lacs	486
......5458 Faoug	192
......5456 Cudrefin	278
......5451 Avenches	1537
......5437 Saubraz	111
......5436 Saint-Oyens	71
......5435 Saint-Livres	154
......5434 Saint-George	304
......5432 Montherod	179
......5431 Mollens (VD)	50
......5430 Marchissy	101
......5429 Longirod	115
......5428 Gimel	590
......5427 Féchy	318
......5426 Bougy-Villars	174
......5425 Bière	426
......5424 Berolle	57
......5423 Ballens	114
......5422 Aubonne	1122
......5421 Apples	307
......5415 Yvorne	227
......5414 Villeneuve (VD)	2364
......5413 Roche (VD)	557
......5412 Rennaz	294
......5411 Ormont-Dessus	471
......5410 Ormont-Dessous	191
......5409 Ollon	3055
......5408 Noville	270
......5407 Leysin	2674
......5406 Lavey-Morcles	212
......5405 Gryon	456
......5404 Corbeyrier	56
......5403 Chessel	57
......5402 Bex	2467
......5401 Aigle	4240
......5398 Gambarogno	1372
......5397 Centovalli	188
......5396 Terre di Pedemonte	499
......5324 Avegno Gordevio	234
......5323 Lavizzara	68
......5317 Maggia	431
......5315 Linescio	9
......5310 Cevio	226
......5309 Cerentino	11
......5307 Campo (Vallemaggia)	7
......5304 Bosco/Gurin	6
......5286 Osogna	394
......5285 Lodrino	565
......5284 Iragna	175
......5283 Cresciano	252
......5282 Claro	588
......5281 Biasca	2382
......5269 Breggia	393
......5268 Vacallo	1389
......5266 Stabio	1537
......5263 Riva San Vitale	684
......5260 Novazzano	664
......5257 Morbio Inferiore	1734
......5254 Mendrisio	4868
......5251 Coldrerio	867
......5250 Chiasso	4235
......5249 Castel San Pietro	426
......5242 Balerna	1193
......5238 Monteceneri	1337
......5237 Alto Malcantone	202
......5236 Collina d'Oro	1943
......5233 Vico Morcote	194
......5231 Vezia	664
......5230 Vernate	168
......5227 Torricella-Taverne	999
......5226 Capriasca	1098
......5225 Sorengo	950
......5222 Sessa	173
......5221 Savosa	915
......5219 Rovio	203
......5216 Pura	422
......5214 Porza	547
......5213 Ponte Tresa	315
......5212 Ponte Capriasca	437
......5210 Paradiso	2663
......5208 Origlio	414
......5207 Novaggio	167
......5206 Neggio	66
......5205 Muzzano	263
......5203 Morcote	374
......5202 Monteggio	283
......5200 Miglieglia	69
......5199 Mezzovico-Vira	302
......5198 Melide	759
......5197 Melano	505
......5196 Massagno	3053
......5195 Maroggia	254
......5194 Manno	345
......5193 Magliaso	482
......5192 Lugano	30129
......5189 Lamone	745
......5187 Gravesano	363
......5186 Grancia	220
......5181 Curio	136
......5180 Cureglia	281
......5178 Croglio	235
......5176 Comano	414
......5171 Caslano	1665
......5167 Canobbio	662
......5162 Cadempino	513
......5161 Cademario	187
......5160 Brusino Arsizio	146
......5154 Bissone	411
......5151 Bioggio	734
......5149 Bedigliora	123
......5148 Bedano	387
......5146 Astano	63
......5144 Arogno	214
......5143 Aranno	77
......5141 Agno	1755
......5138 Cugnasco-Gerra	584
......5137 Isorno	51
......5136 Onsernone	23
......5135 Vogorno	34
......5132 Vergeletto	6
......5131 Tenero-Contra	926
......5129 Sonogno	11
......5125 Ronco sopra Ascona	219
......5121 Orselina	244
......5120 Muralto	1107
......5119 Mosogno	7
......5118 Minusio	2362
......5117 Mergoscia	36
......5115 Losone	1893
......5113 Locarno	6637
......5112 Lavertezzo	359
......5109 Gresso	4
......5108 Gordola	1117
......5105 Frasco	7
......5102 Corippo	0
......5097 Brissago	526
......5096 Brione sopra Minusio	150
......5095 Brione (Verzasca)	23
......5091 Ascona	2066
......5081 Sobrio	11
......5079 Quinto	308
......5078 Prato (Leventina)	133
......5077 Pollegio	325
......5076 Personico	101
......5073 Giornico	327
......5072 Faido	843
......5071 Dalpe	29
......5064 Bodio	543
......5063 Bedretto	22
......5061 Airolo	471
......5050 Serravalle	334
......5049 Blenio	209
......5048 Acquarossa	303
......5019 Sementina	938
......5018 Sant'Antonio	36
......5017 Sant'Antonino	710
......5015 Preonzo	95
......5014 Pianezzo	85
......5013 Monte Carasso	701
......5012 Moleno	28
......5010 Lumino	307
......5009 Isone	39
......5008 Gudo	177
......5007 Gorduno	130
......5006 Gnosca	131
......5005 Giubiasco	2934
......5004 Camorino	600
......5003 Cadenazzo	1079
......5002 Bellinzona	6627
......5001 Arbedo-Castione	1670
......4951 Wigoltingen	431
......4946 Weinfelden	2652
......4941 Märstetten	454
......4921 Bussnang	334
......4911 Bürglen (TG)	937
......4901 Birwinken	167
......4891 Berg (TG)	543
......4881 Amlikon-Bissegg	164
......4871 Wagenhausen	403
......4864 Steckborn	1136
......4851 Salenstein	420
......4846 Raperswilen	50
......4841 Pfyn	318
......4831 Müllheim	604
......4826 Mammern	181
......4821 Hüttwilen	218
......4816 Homburg	136
......4811 Herdern	120
......4806 Eschenz	394
......4801 Berlingen	233
......4791 Wuppenau	87
......4786 Wilen (TG)	291
......4781 Wängi	791
......4776 Tobel-Tägerschen	234
......4761 Sirnach	1811
......4756 Schönholzerswilen	81
......4751 Rickenbach (TG)	884
......4746 Münchwilen (TG)	1096
......4741 Lommis	189
......4726 Fischingen	292
......4724 Eschlikon	675
......4723 Braunau	97
......4721 Bichelsee-Balterswil	447
......4716 Bettwiesen	276
......4711 Affeltrangen	391
......4701 Wäldi	220
......4696 Tägerwilen	1596
......4691 Münsterlingen	1262
......4683 Lengwil	382
......4681 Langrickenbach	231
......4671 Kreuzlingen	11128
......4666 Kemmental	478
......4656 Güttingen	334
......4651 Gottlieben	140
......4646 Ermatingen	1053
......4643 Bottighofen	755
......4641 Altnau	458
......4621 Warth-Weiningen	150
......4616 Uesslingen-Buch	111
......4611 Thundorf	147
......4606 Stettfurt	123
......4601 Neunforn	97
......4591 Matzingen	679
......4590 Hüttlingen	104
......4571 Gachnang	620
......4566 Frauenfeld	6416
......4561 Felben-Wellhausen	598
......4551 Aadorf	1600
......4546 Schlatt (TG)	258
......4545 Diessenhofen	1211
......4536 Basadingen-Schlattingen	288
......4511 Zihlschlacht-Sitterdorf	330
......4506 Sulgen	919
......4501 Kradolf-Schönenberg	875
......4495 Hohentannen	75
......4486 Hauptwil-Gottshaus	229
......4476 Erlen	844
......4471 Bischofszell	1446
......4461 Amriswil	3738
......4451 Uttwil	427
......4446 Sommeri	70
......4441 Salmsach	376
......4436 Romanshorn	3349
......4431 Roggwil (TG)	386
......4426 Kesswil	201
......4421 Horn	573
......4416 Hefenhofen	207
......4411 Egnach	690
......4406 Dozwil	117
......4401 Arbon	4698
......4323 Bad Zurzach	1638
......4322 Wislikofen	50
......4320 Tegerfelden	205
......4319 Siglistorf	168
......4318 Schneisingen	217
......4317 Rümikon	88
......4316 Rietheim	242
......4315 Rekingen (AG)	356
......4314 Mellikon	54
......4313 Leuggern	470
......4312 Lengnau (AG)	474
......4311 Leibstadt	393
......4310 Koblenz	632
......4309 Klingnau	945
......4308 Kaiserstuhl	138
......4307 Full-Reuenthal	149
......4306 Fisibach	97
......4305 Endingen	514
......4304 Döttingen	1366
......4303 Böttstein	1388
......4302 Böbikon	30
......4301 Baldingen	36
......4289 Zofingen	2308
......4288 Wiliberg	4
......4287 Vordemwald	161
......4286 Uerkheim	157
......4285 Strengelbach	1143
......4284 Staffelbach	124
......4283 Safenwil	699
......4282 Rothrist	1813
......4281 Reitnau	145
......4280 Oftringen	4077
......4279 Murgenthal	571
......4277 Moosleerau	138
......4276 Kölliken	805
......4275 Kirchleerau	101
......4274 Brittnau	446
......4273 Bottenwil	88
......4272 Attelwil	15
......4271 Aarburg	2713
......4264 Zuzgen	139
......4263 Zeiningen	447
......4262 Wegenstetten	112
......4261 Wallbach	327
......4260 Stein (AG)	1351
......4259 Schupfart	80
......4258 Rheinfelden	4773
......4257 Olsberg	76
......4256 Obermumpf	166
......4255 Mumpf	420
......4254 Möhlin	2832
......4253 Magden	774
......4252 Kaiseraugst	1733
......4251 Hellikon	67
......4240 Waltenschwil	429
......4239 Sins	800
......4238 Rottenschwil	104
......4237 Oberrüti	214
......4236 Muri (AG)	1684
......4235 Mühlau	141
......4234 Merenschwand	654
......4233 Kallern	37
......4232 Geltwil	35
......4231 Dietwil	185
......4230 Buttwil	149
......4229 Bünzen	135
......4228 Boswil	489
......4227 Bettwil	57
......4226 Besenbüren	58
......4224 Beinwil (Freiamt)	133
......4223 Auw	319
......4222 Aristau	268
......4221 Abtwil	121
......4210 Staufen	460
......4209 Seon	1083
......4208 Seengen	544
......4207 Schafisheim	553
......4206 Rupperswil	1070
......4205 Othmarsingen	677
......4204 Niederlenz	1304
......4203 Möriken-Wildegg	926
......4202 Meisterschwanden	512
......4201 Lenzburg	2602
......4200 Hunzenschwil	946
......4199 Holderbank (AG)	335
......4198 Hendschiken	220
......4197 Hallwil	155
......4196 Fahrwangen	420
......4195 Egliswil	162
......4194 Dintikon	484
......4193 Brunegg	138
......4192 Boniswil	245
......4191 Ammerswil	102
......4184 Mettauertal	314
......4183 Zeihen	196
......4182 Wölflinswil	98
......4181 Wittnau	162
......4179 Ueken	170
......4177 Sisseln	417
......4176 Schwaderloch	169
......4175 Oeschgen	127
......4173 Oberhof	51
......4172 Münchwilen (AG)	220
......4170 Laufenburg	1079
......4169 Kaisten	454
......4167 Hornussen	188
......4166 Herznach	216
......4165 Gipf-Oberfrick	606
......4164 Gansingen	96
......4163 Frick	1470
......4161 Eiken	502
......4147 Zetzwil	160
......4146 Unterkulm	723
......4145 Teufenthal (AG)	380
......4144 Schöftland	770
......4143 Schmiedrued	131
......4142 Schlossrued	86
......4141 Reinach (AG)	2567
......4140 Oberkulm	508
......4139 Menziken	1772
......4138 Leutwil	75
......4137 Leimbach (AG)	62
......4136 Holziken	211
......4135 Gontenschwil	354
......4134 Dürrenäsch	145
......4133 Burg (AG)	267
......4132 Birrwil	176
......4131 Beinwil am See	454
......4125 Schinznach	399
......4124 Bözberg	228
......4123 Windisch	2196
......4122 Villnachern	265
......4121 Villigen	599
......4120 Veltheim (AG)	298
......4117 Thalheim (AG)	76
......4114 Schinznach-Bad	374
......4113 Scherz	87
......4112 Rüfenach	169
......4111 Riniken	316
......4110 Remigen	212
......4107 Mülligen	192
......4106 Mönthal	79
......4105 Mandach	18
......4104 Lupfig	493
......4100 Hausen (AG)	789
......4099 Habsburg	63
......4097 Elfingen	52
......4096 Effingen	100
......4095 Brugg	3235
......4094 Bözen	130
......4093 Birrhard	107
......4092 Birr	1863
......4091 Auenstein	212
......4084 Islisberg	91
......4083 Zufikon	968
......4082 Wohlen (AG)	5312
......4081 Widen	708
......4080 Villmergen	1689
......4079 Unterlunkhofen	202
......4078 Uezwil	42
......4077 Tägerig	260
......4076 Sarmenstorf	416
......4075 Rudolfstetten-Friedlisberg	1307
......4074 Oberwil-Lieli	353
......4073 Oberlunkhofen	354
......4072 Niederwil (AG)	512
......4071 Jonen	338
......4068 Hägglingen	360
......4067 Fischbach-Göslikon	244
......4066 Eggenwil	224
......4065 Dottikon	1184
......4064 Büttikon	200
......4063 Bremgarten (AG)	1892
......4062 Berikon	964
......4061 Arni (AG)	338
......4049 Ehrendingen	1062
......4048 Würenlos	1236
......4047 Würenlingen	1178
......4046 Wohlenschwil	289
......4045 Wettingen	6077
......4044 Untersiggenthal	2217
......4042 Turgi	1185
......4041 Stetten (AG)	444
......4040 Spreitenbach	5163
......4039 Remetschwil	384
......4038 Obersiggenthal	3261
......4037 Oberrohrdorf	931
......4035 Niederrohrdorf	760
......4034 Neuenhof	3779
......4033 Mellingen	1725
......4032 Mägenwil	479
......4031 Künten	307
......4030 Killwangen	616
......4029 Gebenstorf	1506
......4028 Freienwil	174
......4027 Fislisbach	1564
......4026 Ennetbaden	977
......4024 Birmenstorf (AG)	671
......4023 Bergdietikon	601
......4022 Bellikon	248
......4021 Baden	5977
......4013 Unterentfelden	994
......4012 Suhr	3010
......4010 Oberentfelden	2244
......4009 Muhen	536
......4008 Küttigen	1103
......4007 Hirschthal	208
......4006 Gränichen	1540
......4005 Erlinsbach (AG)	799
......4004 Densbüren	91
......4003 Buchs (AG)	2513
......4002 Biberstein	216
......4001 Aarau	5082
......3987 Trun	116
......3986 Tujetsch	214
......3985 Sumvitg	99
......3983 Medel (Lucmagn)	16
......3982 Disentis/Mustér	303
......3981 Breil/Brigels	112
......3972 Seewis im Prättigau	203
......3962 Schiers	508
......3961 Grüsch	211
......3955 Landquart	2034
......3954 Malans	295
......3953 Maienfeld	424
......3952 Jenins	132
......3951 Fläsch	78
......3947 Zizers	590
......3946 Untervaz	315
......3945 Trimmis	368
......3941 Haldenstein	139
......3932 Tschiertschen-Praden	43
......3926 Maladers	46
......3921 Arosa	900
......3911 Churwalden	464
......3901 Chur	8146
......3893 St. Antönien	19
......3891 Luzein	123
......3883 Saas	84
......3882 Küblis	166
......3881 Conters im Prättigau	21
......3871 Klosters-Serneus	947
......3863 Jenaz	152
......3862 Furna	10
......3861 Fideris	53
......3851 Davos	3433
......3847 Val Müstair	231
......3836 Verdabbio	23
......3835 San Vittore	180
......3834 Roveredo (GR)	658
......3833 Leggia	19
......3832 Grono	349
......3831 Cama	133
......3823 Soazza	89
......3822 Mesocco	319
......3821 Lostallo	169
......3811 Selma	3
......3810 Santa Maria in Calanca	17
......3808 Rossa	25
......3806 Cauco	3
......3805 Castaneda	48
......3804 Buseno	8
......3803 Braggio	7
......3801 Arvigo	29
......3792 Bregaglia	312
......3791 Zuoz	481
......3790 Silvaplana	428
......3789 Sils im Engadin/Segl	316
......3788 S-chanf	143
......3787 St. Moritz	2360
......3786 Samedan	819
......3785 La Punt-Chamues-ch	263
......3784 Pontresina	758
......3783 Madulain	80
......3782 Celerina/Schlarigna	552
......3781 Bever	117
......3764 Valsot	127
......3763 Sent	156
......3762 Scuol	726
......3761 Ftan	73
......3752 Samnaun	260
......3746 Zernez	259
......3745 Tarasp	131
......3744 Susch	49
......3743 Lavin	24
......3742 Guarda	28
......3741 Ardez	56
......3734 Trin	227
......3733 Tamins	208
......3732 Flims	632
......3731 Felsberg	338
......3723 Rhäzüns	281
......3722 Domat/Ems	1944
......3721 Bonaduz	534
......3713 Ferrera	16
......3712 Zillis-Reischen	75
......3711 Rongellen	8
......3708 Mathon	4
......3707 Lohn (GR)	2
......3705 Donat	11
......3703 Casti-Wergenstein	8
......3701 Andeer	146
......3695 Sufers	6
......3694 Splügen	78
......3693 Nufenen	18
......3691 Hinterrhein	4
......3681 Avers	17
......3672 Safiental	62
......3671 Tomils	62
......3670 Urmein	13
......3669 Tschappina	5
......3668 Thusis	1003
......3663 Masein	35
......3662 Flerden	13
......3661 Cazis	437
......3640 Sils im Domleschg	186
......3638 Scharans	75
......3637 Rothenbrunnen	46
......3636 Rodels	26
......3635 Pratval	15
......3634 Paspels	32
......3633 Fürstenau	41
......3631 Almens	22
......3619 Ilanz/Glion	818
......3618 Lumnezia	107
......3617 Mundaun	29
......3616 Waltensburg/Vuorz	41
......3612 Obersaxen	101
......3611 Andiast	17
......3603 Vals	179
......3598 St. Martin	5
......3582 Schluein	115
......3581 Sagogn	83
......3575 Laax	349
......3572 Falera	99
......3561 Poschiavo	573
......3551 Brusio	252
......3541 Tinizong-Rona	80
......3540 Sur	14
......3539 Savognin	215
......3538 Salouf	17
......3536 Riom-Parsonz	24
......3534 Mulegns	1
......3533 Marmorera	5
......3532 Cunter	88
......3531 Bivio	59
......3522 Filisur	85
......3521 Bergün/Bravuogn	75
......3515 Surava	28
......3514 Schmitten (GR)	49
......3513 Lantsch/Lenz	100
......3512 Brienz/Brinzauls	18
......3511 Alvaneu	80
......3506 Vaz/Obervaz	665
......3505 Tiefencastel	52
......3504 Stierva	13
......3503 Mutten	3
......3502 Mon	4
......3501 Alvaschein	15
......3444 Waldkirch	356
......3443 Gossau (SG)	3942
......3442 Gaiserwald	1391
......3441 Andwil (SG)	192
......3427 Wil (SG)	6701
......3426 Zuzwil (SG)	722
......3424 Oberbüren	529
......3423 Niederhelfenschwil	240
......3422 Niederbüren	144
......3408 Uzwil	3569
......3407 Oberuzwil	1256
......3405 Jonschwil	497
......3402 Flawil	2730
......3401 Degersheim	753
......3395 Bütschwil-Ganterschwil	728
......3394 Mosnang	161
......3393 Lütisburg	187
......3392 Kirchberg (SG)	2180
......3379 Wattwil	1940
......3378 Neckertal	470
......3375 Oberhelfenschwil	129
......3374 Lichtensteig	392
......3372 Hemberg	82
......3360 Nesslau	368
......3359 Wildhaus-Alt St. Johann	388
......3352 Ebnat-Kappel	765
......3342 Eschenbach (SG)	1484
......3341 Gommiswald	698
......3340 Rapperswil-Jona	6491
......3339 Uznach	1661
......3338 Schmerikon	951
......3316 Weesen	297
......3315 Schänis	528
......3313 Kaltbrunn	908
......3312 Benken (SG)	373
......3311 Amden	267
......3298 Walenstadt	1184
......3297 Vilters-Wangs	790
......3296 Sargans	1545
......3295 Quarten	551
......3294 Pfäfers	261
......3293 Mels	1367
......3292 Flums	989
......3291 Bad Ragaz	1783
......3276 Wartau	1519
......3275 Sevelen	1665
......3274 Sennwald	1622
......3273 Grabs	1438
......3272 Gams	729
......3271 Buchs (SG)	4677
......3256 Rüthi (SG)	557
......3255 Rebstein	1415
......3254 Oberriet (SG)	1413
......3253 Marbach (SG)	419
......3252 Eichberg	300
......3251 Altstätten	2809
......3238 Widnau	2566
......3237 Thal	1553
......3236 St. Margrethen	2427
......3235 Rheineck	1132
......3234 Diepoldsau	1506
......3233 Berneck	875
......3232 Balgach	1120
......3231 Au (SG)	2588
......3219 Untereggen	99
......3218 Tübach	172
......3217 Steinach	895
......3216 Rorschacherberg	2113
......3215 Rorschach	4018
......3214 Mörschwil	448
......3213 Goldach	2265
......3212 Eggersriet	317
......3211 Berg (SG)	122
......3204 Wittenbach	2716
......3203 St. Gallen	25799
......3202 Muolen	94
......3201 Häggenschwil	116
......3111 Oberegg	208
......3105 Schwende	236
......3104 Schlatt-Haslen	48
......3103 Rüte	238
......3102 Gonten	76
......3101 Appenzell	1162
......3038 Wolfhalden	343
......3037 Walzenhausen	553
......3036 Wald (AR)	120
......3035 Reute (AR)	132
......3034 Rehetobel	244
......3033 Lutzenberg	272
......3032 Heiden	1013
......3031 Grub (AR)	176
......3025 Trogen	281
......3024 Teufen (AR)	1007
......3023 Speicher	718
......3022 Gais	505
......3021 Bühler	418
......3007 Waldstatt	218
......3006 Urnäsch	295
......3005 Stein (AR)	126
......3004 Schwellbrunn	139
......3003 Schönengrund	44
......3002 Hundwil	72
......3001 Herisau	3637
......2974 Wilchingen	299
......2973 Trasadingen	176
......2972 Oberhallau	47
......2971 Hallau	399
......2964 Stein am Rhein	1059
......2963 Ramsen	411
......2962 Hemishofen	102
......2961 Buch (SH)	101
......2953 Siblingen	151
......2952 Schleitheim	359
......2951 Beggingen	49
......2939 Schaffhausen	11608
......2938 Rüdlingen	121
......2937 Neuhausen am Rheinfall	4288
......2936 Merishausen	139
......2933 Buchberg	123
......2932 Beringen	1100
......2931 Bargen (SH)	89
......2920 Thayngen	1393
......2919 Stetten (SH)	354
......2917 Lohn (SH)	105
......2915 Dörflingen	216
......2914 Büttenhardt	56
......2904 Neunkirch	449
......2903 Löhningen	231
......2901 Gächlingen	106
......2895 Waldenburg	332
......2894 Titterten	48
......2893 Reigoldswil	217
......2892 Oberdorf (BL)	563
......2891 Niederdorf	413
......2890 Liedertswil	9
......2889 Lauwil	32
......2888 Langenbruck	230
......2887 Lampenberg	49
......2886 Hölstein	493
......2885 Eptingen	54
......2884 Diegten	184
......2883 Bretzwil	87
......2882 Bennwil	57
......2881 Arboldswil	54
......2869 Zunzgen	478
......2868 Zeglingen	31
......2867 Wittinsburg	42
......2866 Wintersingen	75
......2865 Wenslingen	64
......2864 Thürnen	286
......2863 Tenniken	116
......2862 Tecknau	276
......2861 Sissach	1258
......2860 Rünenberg	66
......2859 Rümlingen	91
......2858 Rothenfluh	90
......2857 Rickenbach (BL)	57
......2856 Ormalingen	308
......2855 Oltingen	51
......2854 Nusshof	44
......2853 Maisprach	154
......2852 Läufelfingen	175
......2851 Kilchberg (BL)	17
......2850 Känerkinden	72
......2849 Itingen	456
......2848 Hemmiken	22
......2847 Häfelfingen	47
......2846 Gelterkinden	1139
......2845 Diepflingen	100
......2844 Buus	113
......2843 Buckten	129
......2842 Böckten	99
......2841 Anwil	48
......2834 Ziefen	220
......2833 Seltisberg	156
......2832 Ramlinsburg	127
......2831 Pratteln	5937
......2830 Lupsingen	203
......2829 Liestal	4124
......2828 Lausen	1291
......2827 Hersberg	50
......2826 Giebenach	228
......2825 Füllinsdorf	1403
......2824 Frenkendorf	1967
......2823 Bubendorf	693
......2822 Augst	213
......2821 Arisdorf	250
......2793 Zwingen	536
......2792 Wahlen	166
......2791 Röschenz	216
......2790 Roggenburg	37
......2789 Nenzlingen	43
......2788 Liesberg	143
......2787 Laufen	1406
......2786 Grellingen	540
......2785 Duggingen	319
......2784 Dittingen	117
......2783 Burg im Leimental	42
......2782 Brislach	204
......2781 Blauen	82
......2775 Therwil	2334
......2774 Schönenbuch	272
......2773 Reinach (BL)	5098
......2772 Pfeffingen	490
......2771 Oberwil (BL)	3050
......2770 Muttenz	4204
......2769 Münchenstein	3318
......2768 Ettingen	954
......2767 Bottmingen	1984
......2766 Birsfelden	3337
......2765 Binningen	4682
......2764 Biel-Benken	638
......2763 Arlesheim	2491
......2762 Allschwil	6041
......2761 Aesch (BL)	2651
......2703 Riehen	6717
......2702 Bettingen	427
......2701 Basel	70659
......2622 Zullwil	60
......2621 Nunningen	202
......2620 Meltingen	56
......2619 Kleinlützel	137
......2618 Himmelried	160
......2617 Grindel	51
......2616 Fehren	51
......2615 Erschwil	93
......2614 Büsserach	294
......2613 Breitenbach	1008
......2612 Beinwil (SO)	20
......2611 Bärschwil	103
......2601 Solothurn	3745
......2586 Wangen bei Olten	1181
......2585 Walterswil (SO)	74
......2584 Starrkirch-Wil	264
......2583 Schönenwerd	1604
......2582 Rickenbach (SO)	126
......2581 Olten	4903
......2580 Kappel (SO)	590
......2579 Hägendorf	1076
......2578 Gunzgen	255
......2576 Gretzenbach	473
......2575 Fulenbach	207
......2574 Eppenberg-Wöschnau	101
......2573 Dulliken	1662
......2572 Däniken	508
......2571 Boningen	89
......2556 Selzach	461
......2555 Rüttenen	147
......2554 Riedholz	355
......2553 Oberdorf (SO)	176
......2551 Lommiswil	144
......2550 Langendorf	658
......2549 Kammersrohr	4
......2548 Hubersdorf	72
......2547 Günsberg	120
......2546 Grenchen	4960
......2545 Flumenthal	131
......2544 Feldbrunnen-St. Niklaus	144
......2543 Bettlach	884
......2542 Bellach	1316
......2541 Balm bei Günsberg	28
......2535 Drei Höfe	56
......2534 Zuchwil	3099
......2532 Subingen	505
......2530 Recherswil	202
......2529 Oekingen	64
......2528 Obergerlafingen	125
......2527 Luterbach	591
......2526 Lohn-Ammannsegg	300
......2525 Kriegstetten	176
......2524 Hüniken	3
......2523 Horriwil	65
......2520 Halten	82
......2519 Gerlafingen	1590
......2518 Etziken	71
......2517 Derendingen	1627
......2516 Deitingen	229
......2514 Bolken	41
......2513 Biberist	1824
......2511 Aeschi (SO)	95
......2503 Erlinsbach (SO)	606
......2502 Wisen (SO)	43
......2501 Winznau	313
......2500 Trimbach	2103
......2499 Stüsslingen	92
......2498 Rohr (SO)	12
......2497 Obergösgen	499
......2495 Niedergösgen	998
......2493 Lostorf	486
......2492 Kienberg	48
......2491 Hauenstein-Ifenthal	41
......2481 Witterswil	325
......2480 Seewen	127
......2479 Rodersdorf	238
......2478 Nuglar-St. Pantaleon	201
......2477 Metzerlen-Mariastein	132
......2476 Hofstetten-Flüh	711
......2475 Hochwald	198
......2474 Gempen	193
......2473 Dornach	1936
......2472 Büren (SO)	131
......2471 Bättwil	235
......2465 Buchegg	169
......2464 Lüsslingen-Nennigkofen	151
......2463 Unterramsern	10
......2461 Schnottwil	84
......2457 Messen	89
......2456 Lüterswil-Gächliwil	23
......2455 Lüterkofen-Ichertswil	71
......2445 Biezwil	18
......2429 Welschenrohr	155
......2428 Mümliswil-Ramiswil	259
......2427 Matzendorf	101
......2426 Laupersdorf	200
......2425 Holderbank (SO)	102
......2424 Herbetswil	53
......2423 Gänsbrunnen	8
......2422 Balsthal	1647
......2421 Aedermannsdorf	36
......2408 Wolfwil	213
......2407 Oensingen	1733
......2406 Oberbuchsiten	448
......2405 Niederbuchsiten	132
......2404 Neuendorf	237
......2403 Kestenholz	155
......2402 Härkingen	272
......2401 Egerkingen	952
......2338 La Verrerie	176
......2337 Le Flon	121
......2336 Semsales	219
......2335 Saint-Martin (FR)	153
......2333 Remaufens	201
......2328 Granges (Veveyse)	159
......2325 Châtel-Saint-Denis	1797
......2323 Bossonnens	364
......2321 Attalens	611
......2310 Zumholz	12
......2309 Wünnewil-Flamatt	1129
......2308 Ueberstorf	134
......2307 Tentlingen	137
......2306 Tafers	547
......2305 Schmitten (FR)	539
......2304 St. Ursen	122
......2303 St. Silvester	84
......2302 St. Antoni	128
......2301 Rechthalten	43
......2300 Plasselb	146
......2299 Plaffeien	225
......2298 Oberschrot	64
......2296 Heitenried	91
......2295 Bösingen	363
......2294 Giffers	158
......2293 Düdingen	1179
......2292 Brünisried	25
......2291 Alterswil	141
......2283 Wallenried	57
......2281 Haut-Vully	232
......2280 Bas-Vully	470
......2279 Villarepos	81
......2278 Ulmiz	27
......2277 Salvenach	73
......2276 Ried bei Kerzers	210
......2275 Murten	1577
......2274 Muntelier	162
......2272 Misery-Courtion	377
......2271 Meyriez	84
......2270 Lurtigen	6
......2266 Kleinbösingen	56
......2265 Kerzers	1129
......2264 Jeuss	40
......2262 Gurmels	459
......2261 Greng	35
......2260 Gempenach	28
......2259 Galmiz	109
......2258 Fräschels	51
......2257 Cressier (FR)	215
......2254 Courtepin	1493
......2251 Courlevon	34
......2250 Courgevaux	413
......2243 Barberêche	88
......2235 La Sonnaz	168
......2234 La Brillaz	260
......2233 Hauterive (FR)	371
......2231 Vuisternens-en-Ogoz	220
......2230 Villarsel-sur-Marly	21
......2228 Villars-sur-Glâne	4307
......2226 Treyvaux	188
......2225 Senèdes	15
......2223 Le Glèbe	142
......2222 Rossens (FR)	167
......2221 Prez-vers-Noréaz	154
......2220 Le Mouret	479
......2217 Ponthaux	61
......2216 Pierrafortscha	22
......2213 Noréaz	60
......2211 Neyruz (FR)	477
......2208 Matran	333
......2206 Marly	2566
......2200 Grolley	413
......2198 Granges-Paccot	1025
......2197 Givisiez	1072
......2196 Fribourg	15296
......2194 Ferpicloz	39
......2192 Farvagny	338
......2189 Ependes (FR)	182
......2186 Cottens (FR)	265
......2185 Corserey	41
......2184 Corpataux-Magnedens	187
......2183 Corminboeuf	353
......2179 Chésopelloz	21
......2177 Chénens	133
......2175 Belfaux	935
......2174 Avry	409
......2173 Autigny	108
......2172 Autafond	1
......2171 Arconciel	116
......2163 Val-de-Charmey	496
......2162 Bas-Intyamon	219
......2160 Vuadens	407
......2155 Vaulruz	157
......2153 Sorens	172
......2152 Sâles	140
......2149 La Roche	257
......2148 Riaz	456
......2147 Pont-la-Ville	91
......2145 Le Pâquier (FR)	175
......2143 Morlon	84
......2140 Marsens	360
......2138 Jaun	33
......2137 Hauteville	76
......2135 Gruyères	461
......2134 Grandvillard	103
......2131 Echarlens	163
......2130 Crésuz	72
......2129 Corbières	143
......2128 Châtel-sur-Montsalvens	82
......2125 Bulle	7940
......2124 Broc	735
......2123 Botterens	97
......2122 Pont-en-Ogoz	248
......2121 Haut-Intyamon	283
......2116 La Folliaz	90
......2115 Torny	94
......2114 Villorsonnens	166
......2113 Vuisternens-devant-Romont	210
......2111 Villaz-Saint-Pierre	208
......2102 Ursy	463
......2099 Siviriez	334
......2097 Rue	216
......2096 Romont (FR)	1972
......2089 Montet (Glâne)	78
......2087 Mézières (FR)	143
......2086 Massonnens	70
......2079 Grangettes	24
......2072 Ecublens (FR)	43
......2068 Châtonnaye	93
......2067 Le Châtelard	27
......2066 Chapelle (Glâne)	26
......2063 Billens-Hennens	98
......2061 Auboranges	35
......2052 Vernay	131
......2051 Delley-Portalban	160
......2050 Les Montets	247
......2049 Vuissens	48
......2047 Villeneuve (FR)	73
......2045 Vallon	61
......2044 Surpierre	36
......2043 Sévaz	60
......2041 Saint-Aubin (FR)	347
......2040 Russy	9
......2039 Rueyres-les-Prés	53
......2038 Prévondavaux	7
......2035 Nuvilly	48
......2034 Murist	70
......2033 Morens (FR)	24
......2029 Montagny (FR)	322
......2027 Ménières	57
......2025 Lully (FR)	197
......2024 Léchelles	134
......2022 Gletterens	175
......2016 Fétigny	139
......2015 Estavayer-le-Lac	1875
......2014 Dompierre (FR)	259
......2013 Domdidier	662
......2011 Cugy (FR)	294
......2010 Cheyres	230
......2009 Cheiry	50
......2008 Châtillon (FR)	58
......2005 Châbles	121
......2004 Bussy (FR)	98
......1711 Zug	10441
......1710 Walchwil	1365
......1709 Unterägeri	2268
......1708 Steinhausen	2514
......1707 Risch	2805
......1706 Oberägeri	1706
......1705 Neuheim	492
......1704 Menzingen	979
......1703 Hünenberg	1852
......1702 Cham	4365
......1701 Baar	7275
......1632 Glarus	3174
......1631 Glarus Süd	2026
......1630 Glarus Nord	4160
......1511 Wolfenschiessen	236
......1510 Stansstad	924
......1509 Stans	1370
......1508 Oberdorf (NW)	274
......1507 Hergiswil (NW)	1418
......1506 Ennetmoos	278
......1505 Ennetbürgen	733
......1504 Emmetten	318
......1503 Dallenwil	223
......1502 Buochs	945
......1501 Beckenried	485
......1407 Sarnen	1819
......1406 Sachseln	820
......1405 Lungern	252
......1404 Kerns	608
......1403 Giswil	426
......1402 Engelberg	1099
......1401 Alpnach	1004
......1375 Unteriberg	196
......1374 Steinerberg	76
......1373 Steinen	365
......1372 Schwyz	2477
......1371 Sattel	247
......1370 Rothenthurm	302
......1369 Riemenstalden	8
......1368 Oberiberg	135
......1367 Muotathal	156
......1366 Morschach	223
......1365 Lauerz	107
......1364 Ingenbohl	1744
......1363 Illgau	23
......1362 Arth	2737
......1361 Alpthal	62
......1349 Wangen (SZ)	739
......1348 Vorderthal	119
......1347 Tuggen	545
......1346 Schübelbach	2220
......1345 Reichenburg	816
......1344 Lachen	2415
......1343 Innerthal	13
......1342 Galgenen	990
......1341 Altendorf	1542
......1331 Küssnacht (SZ)	2766
......1323 Wollerau	2088
......1322 Freienbach	4813
......1321 Feusisberg	1466
......1311 Gersau	535
......1301 Einsiedeln	2485
......1220 Wassen	82
......1219 Unterschächen	15
......1218 Spiringen	13
......1217 Sisikon	71
......1216 Silenen	291
......1215 Seelisberg	109
......1214 Seedorf (UR)	137
......1213 Schattdorf	513
......1212 Realp	11
......1211 Isenthal	10
......1210 Hospental	31
......1209 Gurtnellen	56
......1208 Göschenen	74
......1207 Flüelen	331
......1206 Erstfeld	716
......1205 Bürglen (UR)	299
......1204 Bauen	25
......1203 Attinghausen	97
......1202 Andermatt	354
......1201 Altdorf (UR)	1440
......1151 Willisau	872
......1150 Zell (LU)	250
......1147 Wikon	229
......1146 Wauwil	481
......1145 Ufhusen	52
......1143 Schötz	732
......1142 Roggliswil	46
......1140 Reiden	1524
......1139 Pfaffnau	330
......1137 Nebikon	621
......1136 Menznau	325
......1135 Luthern	72
......1132 Hergiswil bei Willisau	117
......1131 Grossdietwil	69
......1130 Gettnau	218
......1129 Fischbach	85
......1128 Ettiswil	261
......1127 Egolzwil	163
......1126 Ebersecken	23
......1125 Dagmersellen	772
......1123 Altishofen	275
......1122 Altbüron	126
......1121 Alberswil	76
......1107 Wolhusen	791
......1104 Triengen	1015
......1103 Sursee	1787
......1102 Sempach	433
......1100 Schlierbach	65
......1099 Schenkon	231
......1098 Ruswil	655
......1097 Rickenbach (LU)	574
......1095 Oberkirch	521
......1094 Nottwil	475
......1093 Neuenkirch	819
......1091 Mauensee	151
......1089 Knutwil	239
......1088 Hildisrieden	235
......1086 Grosswangen	363
......1085 Geuensee	628
......1084 Eich	172
......1083 Buttisholz	370
......1082 Büron	579
......1081 Beromünster	806
......1069 Weggis	1274
......1068 Vitznau	386
......1067 Udligenswil	332
......1066 Schwarzenberg	143
......1065 Root	1283
......1064 Meierskappel	243
......1063 Meggen	1313
......1062 Malters	920
......1061 Luzern	23676
......1059 Kriens	6120
......1058 Horw	3084
......1057 Honau	45
......1056 Greppen	205
......1055 Gisikon	228
......1054 Ebikon	3407
......1053 Dierikon	312
......1052 Buchrain	1328
......1051 Adligenswil	870
......1041 Schongau	85
......1040 Rothenburg	876
......1039 Römerswil	119
......1037 Rain	182
......1033 Inwil	313
......1032 Hohenrain	214
......1031 Hochdorf	1931
......1030 Hitzkirch	876
......1026 Eschenbach (LU)	466
......1025 Ermensee	101
......1024 Emmen	9326
......1023 Ballwil	238
......1022 Altwis	49
......1021 Aesch (LU)	146
......1010 Escholzmatt-Marbach	307
......1009 Werthenstein	270
......1008 Schüpfheim	375
......1007 Romoos	15
......1005 Hasle (LU)	101
......1004 Flühli	353
......1002 Entlebuch	258
......1001 Doppleschwand	36
......0996 Wolfisberg	22
......0995 Wiedlisbach	405
......0993 Wangenried	25
......0992 Wangen an der Aare	346
......0991 Walliswil bei Wangen	40
......0990 Walliswil bei Niederbipp	25
......0989 Thörigen	73
......0988 Seeberg	86
......0987 Rumisberg	38
......0985 Ochlenberg	15
......0983 Oberbipp	295
......0982 Niederönz	199
......0981 Niederbipp	1088
......0980 Inkwil	60
......0979 Herzogenbuchsee	1257
......0978 Hermiswil	9
......0977 Heimenhausen	86
......0976 Graben	36
......0975 Farnern	18
......0973 Bettenhausen	31
......0972 Berken	0
......0971 Attiswil	173
......0960 Wyssachen	56
......0959 Walterswil (BE)	9
......0958 Trachselwald	50
......0957 Sumiswald	416
......0956 Rüegsau	246
......0955 Lützelflüh	314
......0954 Huttwil	599
......0953 Eriswil	81
......0952 Dürrenroth	47
......0951 Affoltern im Emmental	56
......0948 Forst-Längenbühl	57
......0947 Zwieselberg	8
......0946 Wachseldorn	4
......0945 Unterlangenegg	38
......0944 Uetendorf	572
......0943 Uebeschi	31
......0942 Thun	7835
......0941 Thierachern	172
......0940 Teuffenthal (BE)	10
......0939 Steffisburg	2136
......0938 Sigriswil	663
......0937 Schwendibach	12
......0936 Pohlern	16
......0935 Oberlangenegg	10
......0934 Oberhofen am Thunersee	373
......0932 Horrenbach-Buchen	7
......0931 Homberg	16
......0929 Hilterfingen	547
......0928 Heimberg	996
......0927 Heiligenschwendi	107
......0925 Fahrni	27
......0924 Eriz	24
......0923 Buchholterberg	70
......0922 Blumenstein	64
......0921 Amsoldingen	39
......0909 Trubschachen	137
......0908 Trub	34
......0907 Signau	163
......0906 Schangnau	31
......0905 Rüderswil	84
......0904 Röthenbach im Emmental	22
......0903 Lauperswil	161
......0902 Langnau im Emmental	963
......0901 Eggiwil	79
......0888 Wald (BE)	104
......0886 Wattenwil	198
......0885 Uttigen	160
......0884 Toffen	333
......0883 Seftigen	205
......0881 Rümligen	29
......0880 Rüeggisberg	99
......0879 Riggisberg	217
......0878 Noflen	13
......0877 Niedermuhlern	21
......0876 Mühlethurnen	122
......0875 Mühledorf (BE)	15
......0874 Lohnstorf	12
......0873 Kirchenthurnen	13
......0872 Kirchdorf (BE)	82
......0870 Kehrsatz	1055
......0869 Kaufdorf	127
......0868 Jaberg	15
......0867 Gurzelen	41
......0866 Gerzensee	99
......0865 Gelterfingen	23
......0863 Burgistein	59
......0861 Belp	1862
......0855 Schwarzenburg	589
......0853 Rüschegg	113
......0852 Guggisberg	60
......0843 Saanen	1994
......0842 Lauenen	114
......0841 Gsteig	157
......0794 Zweisimmen	424
......0793 St. Stephan	140
......0792 Lenk	401
......0791 Boltigen	72
......0786 Schattenhalb	95
......0785 Meiringen	885
......0784 Innertkirchen	169
......0783 Hasliberg	178
......0782 Guttannen	55
......0770 Stocken-Höfen	59
......0769 Wimmis	262
......0768 Spiez	1736
......0767 Reutigen	82
......0766 Oberwil im Simmental	48
......0763 Erlenbach im Simmental	130
......0762 Diemtigen	119
......0761 Därstetten	61
......0756 Twann-Tüscherz	163
......0755 Worben	308
......0754 Walperswil	72
......0751 Täuffelen	312
......0750 Sutz-Lattrigen	140
......0749 Studen (BE)	600
......0748 Schwadernau	69
......0747 Scheuren	26
......0746 Safnern	182
......0745 Port	585
......0744 Orpund	539
......0743 Nidau	1908
......0742 Mörigen	89
......0741 Merzligen	30
......0740 Ligerz	67
......0739 Ipsach	658
......0738 Jens	55
......0737 Hermrigen	29
......0736 Hagneck	41
......0735 Epsach	26
......0734 Bühl	25
......0733 Brügg	1010
......0732 Bellmund	188
......0731 Aegerten	375
......0726 Plateau de Diesse	272
......0724 Nods	69
......0723 La Neuveville	824
......0715 Rebévelier	1
......0713 Tavannes	834
......0712 Souboz	17
......0711 Sorvilier	37
......0710 Sornetan	10
......0709 Seehof	3
......0708 Schelten	3
......0707 Saules (BE)	9
......0706 Saicourt	49
......0704 Roches (BE)	34
......0703 Reconvilier	498
......0702 Pontenet	15
......0701 Perrefitte	69
......0700 Moutier	2136
......0699 Monible	1
......0697 Malleray	444
......0696 Loveresse	34
......0694 Grandval	36
......0692 Eschert	61
......0691 Crémines	70
......0690 Court	188
......0687 Corcelles (BE)	20
......0684 Châtelat	7
......0683 Champoz	5
......0682 Bévilard	377
......0681 Belprahon	34
......0671 Wileroltigen	44
......0670 Neuenegg	722
......0669 Münchenwiler	65
......0668 Mühleberg	299
......0667 Laupen	494
......0666 Kriechenwil	33
......0665 Gurbrü	22
......0664 Golaten	36
......0663 Frauenkappelen	119
......0662 Ferenbalm	127
......0661 Clavaleyres	2
......0632 Wichtrach	371
......0630 Allmendingen	73
......0629 Oberhünigen	17
......0628 Zäziwil	173
......0627 Worb	2185
......0626 Walkringen	134
......0625 Tägertschi	38
......0624 Schlosswil	27
......0623 Rubigen	363
......0622 Oppligen	53
......0620 Oberthal	22
......0619 Oberdiessbach	359
......0617 Niederhünigen	30
......0616 Münsingen	1605
......0615 Mirchel	31
......0614 Linden	101
......0613 Landiswil	22
......0612 Konolfingen	591
......0611 Kiesen	63
......0610 Herbligen	43
......0609 Häutligen	7
......0608 Grosshöchstetten	501
......0607 Freimettigen	40
......0606 Brenzikofen	28
......0605 Bowil	43
......0603 Biglen	181
......0602 Arni (BE)	40
......0594 Wilderswil	403
......0593 Unterseen	1148
......0592 Schwanden bei Brienz	69
......0591 Saxeten	6
......0590 Ringgenberg (BE)	352
......0589 Oberried am Brienzersee	67
......0588 Niederried bei Interlaken	60
......0587 Matten bei Interlaken	781
......0586 Lütschental	24
......0585 Leissigen	136
......0584 Lauterbrunnen	665
......0582 Iseltwald	63
......0581 Interlaken	1951
......0580 Hofstetten bei Brienz	57
......0579 Habkern	64
......0578 Gündlischwand	55
......0577 Gsteigwiler	42
......0576 Grindelwald	795
......0575 Därligen	56
......0574 Brienzwiler	58
......0573 Brienz (BE)	460
......0572 Bönigen	302
......0571 Beatenberg	254
......0567 Reichenbach im Kandertal	217
......0566 Krattigen	148
......0565 Kandersteg	306
......0564 Kandergrund	80
......0563 Frutigen	605
......0562 Aeschi bei Spiez	178
......0561 Adelboden	296
......0557 Zuzwil (BE)	34
......0556 Zielebach	29
......0554 Wiler bei Utzenstorf	50
......0553 Wiggiswil	16
......0552 Utzenstorf	504
......0551 Urtenen-Schönbühl	1410
......0546 Münchenbuchsee	2019
......0544 Moosseedorf	923
......0543 Mattstetten	42
......0541 Iffwil	34
......0540 Jegenstorf	699
......0538 Fraubrunnen	441
......0536 Diemerswil	14
......0535 Deisswil bei Münchenbuchsee	2
......0533 Bätterkinden	322
......0532 Bangerten	13
......0502 Vinelz	111
......0501 Tschugg	95
......0500 Treiten	35
......0499 Siselen	71
......0498 Müntschemier	353
......0497 Lüscherz	83
......0496 Ins	644
......0495 Gampelen	156
......0494 Gals	116
......0493 Finsterhennen	117
......0492 Erlach	251
......0491 Brüttelen	118
......0449 Sauge	168
......0448 Villeret	155
......0446 Tramelan	839
......0445 Sonvilier	190
......0444 Sonceboz-Sombeval	375
......0443 Saint-Imier	1549
......0442 Romont (BE)	24
......0441 Renan (BE)	124
......0439 Péry	273
......0438 Orvin	178
......0437 Mont-Tramelan	6
......0436 La Heutte	75
......0435 La Ferrière	51
......0434 Courtelary	254
......0433 Cortébert	148
......0432 Cormoret	62
......0431 Corgémont	299
......0424 Wynigen	86
......0423 Willadingen	5
......0422 Rüti bei Lyssach	7
......0421 Rumendingen	4
......0420 Rüdtligen-Alchenflüh	627
......0419 Oberösch	6
......0418 Oberburg	505
......0417 Niederösch	9
......0416 Mötschwil	9
......0415 Lyssach	158
......0414 Krauchthal	152
......0413 Koppigen	208
......0412 Kirchberg (BE)	930
......0411 Kernenried	32
......0410 Höchstetten	15
......0409 Hindelbank	328
......0408 Hellsau	13
......0407 Heimiswil	92
......0406 Hasle bei Burgdorf	290
......0405 Ersigen	108
......0404 Burgdorf	3230
......0403 Bäriswil	105
......0402 Alchenstorf	32
......0401 Aefligen	94
......0394 Wengi	51
......0393 Rüti bei Büren	66
......0392 Pieterlen	1089
......0391 Oberwil bei Büren	73
......0390 Meinisberg	165
......0389 Meienried	2
......0388 Leuzigen	113
......0387 Lengnau (BE)	1152
......0386 Dotzigen	159
......0385 Diessbach bei Büren	113
......0383 Büren an der Aare	606
......0382 Büetigen	83
......0381 Arch	161
......0372 Evilard	525
......0371 Biel/Bienne	18635
......0363 Ostermundigen	5294
......0362 Ittigen	3026
......0361 Zollikofen	2468
......0360 Wohlen bei Bern	1343
......0359 Vechigen	561
......0358 Stettlen	489
......0357 Oberbalm	75
......0356 Muri bei Bern	2949
......0355 Köniz	8974
......0354 Kirchlindach	365
......0353 Bremgarten bei Bern	676
......0352 Bolligen	847
......0351 Bern	38222
......0345 Wynau	351
......0344 Ursenbach	53
......0342 Thunstetten	569
......0341 Schwarzhäusern	33
......0340 Rütschelen	26
......0339 Rohrbachgraben	19
......0338 Rohrbach	111
......0337 Roggwil (BE)	688
......0336 Reisiswil	16
......0335 Oeschenbach	12
......0334 Obersteckholz	16
......0333 Melchnau	239
......0332 Madiswil	245
......0331 Lotzwil	418
......0329 Langenthal	3650
......0326 Gondiswil	37
......0325 Busswil bei Melchnau	14
......0324 Bleienbach	43
......0323 Bannwil	91
......0322 Auswil	13
......0321 Aarwangen	752
......0312 Seedorf (BE)	245
......0311 Schüpfen	346
......0310 Rapperswil (BE)	215
......0309 Radelfingen	93
......0307 Meikirch	226
......0306 Lyss	2859
......0305 Kappelen	133
......0304 Kallnach	223
......0303 Grossaffoltern	268
......0302 Bargen (BE)	126
......0301 Aarberg	650
......0298 Wiesendangen	875
......0261 Zürich	159164
......0251 Weiningen (ZH)	1453
......0250 Urdorf	2810
......0249 Unterengstringen	1085
......0248 Uitikon	1036
......0247 Schlieren	8734
......0246 Oetwil an der Limmat	559
......0245 Oberengstringen	2523
......0244 Geroldswil	1386
......0243 Dietikon	11898
......0242 Birmensdorf (ZH)	1801
......0241 Aesch (ZH)	258
......0231 Zell (ZH)	1567
......0230 Winterthur	32293
......0228 Turbenthal	1031
......0227 Seuzach	1438
......0226 Schlatt (ZH)	76
......0225 Rickenbach (ZH)	418
......0224 Pfungen	1116
......0223 Neftenbach	863
......0222 Hofstetten (ZH)	36
......0221 Hettlingen	441
......0220 Hagenbuch	155
......0219 Elsau	728
......0218 Ellikon an der Thur	146
......0217 Elgg	914
......0216 Dinhard	188
......0215 Dättlikon	103
......0214 Dägerlen	119
......0213 Brütten	302
......0211 Altikon	93
......0200 Wangen-Brüttisellen	2490
......0199 Volketswil	5581
......0198 Uster	9253
......0197 Schwerzenbach	1509
......0196 Mönchaltorf	835
......0195 Maur	2792
......0194 Greifensee	1428
......0193 Fällanden	2617
......0192 Egg	2268
......0191 Dübendorf	10105
......0182 Wildberg	120
......0181 Wila	344
......0180 Weisslingen	464
......0179 Sternenberg	42
......0178 Russikon	717
......0177 Pfäffikon	2595
......0176 Lindau	1337
......0175 Kyburg	59
......0174 Illnau-Effretikon	5113
......0173 Hittnau	501
......0172 Fehraltorf	1397
......0171 Bauma	871
......0161 Zollikon	4247
......0160 Zumikon	1715
......0159 Uetikon am See	1527
......0158 Stäfa	3683
......0157 Oetwil am See	1573
......0156 Meilen	3945
......0155 Männedorf	2899
......0154 Küsnacht (ZH)	4801
......0153 Hombrechtikon	2071
......0152 Herrliberg	1955
......0151 Erlenbach (ZH)	1768
......0142 Wädenswil	6291
......0141 Thalwil	5896
......0140 Schönenberg (ZH)	299
......0139 Rüschlikon	2095
......0138 Richterswil	3387
......0137 Oberrieden	1302
......0136 Langnau am Albis	2348
......0135 Kilchberg (ZH)	2975
......0134 Hütten	110
......0133 Horgen	7100
......0132 Hirzel	361
......0131 Adliswil	7368
......0121 Wetzikon (ZH)	7098
......0120 Wald (ZH)	2754
......0119 Seegräben	308
......0118 Rüti (ZH)	3482
......0117 Hinwil	2246
......0116 Grüningen	616
......0115 Gossau (ZH)	1758
......0114 Fischenthal	356
......0113 Dürnten	1658
......0112 Bubikon	1048
......0111 Bäretswil	738
......0102 Weiach	279
......0101 Steinmaur	955
......0100 Stadel	402
......0099 Schöfflisdorf	292
......0098 Schleinikon	88
......0097 Rümlang	2685
......0096 Regensdorf	6640
......0095 Regensberg	112
......0094 Otelfingen	707
......0093 Oberweningen	499
......0092 Oberglatt	2629
......0091 Niederweningen	658
......0090 Niederhasli	2612
......0089 Niederglatt	1297
......0088 Neerach	592
......0087 Hüttikon	146
......0086 Dielsdorf	1918
......0085 Dänikon	559
......0084 Dällikon	1261
......0083 Buchs (ZH)	1786
......0082 Boppelsen	224
......0081 Bachs	81
......0072 Winkel	909
......0071 Wil (ZH)	238
......0070 Wasterkingen	95
......0069 Wallisellen	5708
......0068 Rorbas	835
......0067 Rafz	1090
......0066 Opfikon	8636
......0065 Oberembrach	174
......0064 Nürensdorf	1157
......0063 Lufingen	467
......0062 Kloten	7281
......0061 Hüntwangen	172
......0060 Höri	1008
......0059 Hochfelden	407
......0058 Glattfelden	1315
......0057 Freienstein-Teufen	427
......0056 Embrach	2917
......0055 Eglisau	1367
......0054 Dietlikon	2402
......0053 Bülach	6080
......0052 Bassersdorf	3456
......0051 Bachenbülach	1302
......0044 Waltalingen	78
......0043 Volken	52
......0042 Unterstammheim	135
......0041 Truttikon	57
......0040 Trüllikon	133
......0039 Thalheim an der Thur	131
......0038 Rheinau	355
......0037 Ossingen	207
......0036 Oberstammheim	130
......0035 Marthalen	316
......0034 Laufen-Uhwiesen	311
......0033 Kleinandelfingen	379
......0032 Humlikon	59
......0031 Henggart	346
......0030 Andelfingen	398
......0029 Flurlingen	287
......0028 Flaach	234
......0027 Feuerthalen	965
......0026 Dorf	93
......0025 Dachsen	382
......0024 Buch am Irchel	102
......0023 Berg am Irchel	79
......0022 Benken (ZH)	127
......0021 Adlikon	80
......0014 Wettswil am Albis	1036
......0013 Stallikon	893
......0012 Rifferswil	133
......0011 Ottenbach	424
......0010 Obfelden	1123
......0009 Mettmenstetten	829
......0008 Maschwanden	91
......0007 Knonau	438
......0006 Kappel am Albis	176
......0005 Hedingen	715
......0004 Hausen am Albis	626
......0003 Bonstetten	1057
......0002 Affoltern am Albis	3692
......0001 Aeugst am Albis	392
- Zürich	470751
- Zug	36062
- Vaud	297983
- Valais / Wallis	83169
- Uri	4675
- Ticino	124061
- Thurgau	67526
- St. Gallen	124444
- Solothurn	56424
- Schwyz	32410
- Schaffhausen	23531
- Obwalden	6028
- Nidwalden	7204
- Neuchâtel	53703
- Luzern	80434
- Jura	12935
- Graubünden / Grigioni / Grischun	42680
- Glarus	9360
- Genève	235957
- Fribourg / Freiburg	71404
- Bern / Berne	188591
- Basel-Stadt	77803
- Basel-Landschaft	70983
- Appenzell Innerrhoden	1968
- Appenzell Ausserrhoden	10313
- Aargau	164438
 	
 	
 	
 	
 	
 	
 	
 	
 	
 	
 	
 	
 	
 	
 	
 	
 	
 	
 	
 	
 	
 	
 	
 	
 	
 	
 	
 	
 	
 	
 	
 	
 	
 	
 	
 	
 	
 	
 	
 	
 	
 	
 	
 	
 	
 	
 	
 	
 	
 	
 	
 	
 	
 	
 	
 	
 	
 	
 	
 	
 	
 	
 	
 	
 	
 	
 	
 	
 	
 	
 	
 	
 	
 	
 	
 	
 	
 	
 	
 	
 	
 	
 	
 	
 	
 	
 	
 	
 	
 	
 	
 	
 	
 	
 	
 	
 	
 	
 	
 	
 	
 	
 	
 	
 	
 	
 	
 	
 	
 	
 	
 	
 	
 	
 	
 	
 	
 	
 	
 	
 	
 	
 	
 	
 	
 	
 	
 	
 	
 	
 	
 	
 	
 	
 	
 	
 	
 	
 	
 	
 	
 	
 	
 	
 	
 	
 	
 	
 	
 	
 	
 	
 	
 	
 	
 	
 	
 	
 	
 	
 	
 	
 	
 	
 	
 	
 	
 	
 	
 	
 	
 	
 	
 	
 	
 	
 	
 	
 	
 	
 	
 	
 	
 	
 	
 	
 	
 	
 	
 	
 	
 	
 	
 	
 	
 	
 	
 	
 	
 	
 	
 	
 	
 	
 	
 	
 	
 	
 	
 	
 	
 	
 	
 	
 	
 	
 	
 	
 	
 	
 	
 	
 	
 	
 	
 	
 	
 	
 	
 	
 	
 	
 	
 	
 	
 	
 	
 	
 	
 	
 	
 	
 	
 	
 	
 	
 	
 	
 	
 	
 	
 	
 	
 	
 	
 	
 	
 	
 	
 	
 	
 	
 	
 	
 	
 	
 	
 	
 	
 	
 	
 	
 	
 	
 	
 	
 	
 	
 	
 	
 	
 	
 	
 	
 	
 	
 	
 	
 	
 	
 	
 	
 	
 	
 	
 	
 	
 	
 	
 	
 	
 	
 	
 	
 	
 	
 	
 	
 	
 	
 	
 	
 	
 	
 	
 	
 	
 	
 	
 	
 	
 	
 	
 	
 	
 	
 	
 	
 	
 	
 	
 	
 	
 	
 	
 	
 	
 	
 	
 	
 	
 	
 	
 	
 	
 	
 	
 	
 	
 	
 	
 	
 	
 	
 	
 	
 	
 	
 	
 	
 	
 	
 	
 	
 	
 	
 	
 	
 	
 	
 	
 	
 	
 	
 	
 	
 	
 	
 	
 	
 	
 	
 	
 	
 	
 	
 	
 	
 	
 	
 	
 	
 	
 	
 	
 	
 	
 	
 	
 	
 	
 	
 	
 	
 	
 	
 	
 	
 	
 	
 	
 	
 	
 	
 	
 	
 	
 	
 	
 	
 	
 	
 	
 	
 	
 	
 	
 	
 	
 	
 	
 	
 	
 	
 	
 	
 	
 	
 	
 	
 	
 	
 	
 	
 	
 	
 	
 	
 	
 	
 	
 	
 	
 	
 	
 	
 	
 	
 	
 	
 	
 	
 	
 	
 	
 	
 	
 	
 	
 	
 	
 	
 	
 	
 	
 	
 	
 	
 	
 	
 	
 	
 	
 	
 	
 	
 	
 	
 	
 	
 	
 	
 	
 	
 	
 	
 	
 	
 	
 	
 	
 	
 	
 	
 	
 	
 	
 	
 	
 	
 	
 	
 	
 	
 	
 	
 	
 	
 	
 	
 	
 	
 	
 	
 	
 	
 	
 	
 	
 	
 	
 	
 	
 	
 	
 	
 	
 	
 	
 	
 	
 	
 	
 	
 	
 	
 	
 	
 	
 	
 	
 	
 	
 	
 	
 	
 	
 	
 	
 	
 	
 	
 	
 	
 	
 	
 	
 	
 	
 	
 	
 	
 	
 	
 	
 	
 	
 	
 	
 	
 	
 	
 	
 	
 	
 	
 	
 	
 	
 	
 	
 	
 	
 	
 	
 	
 	
 	
 	
 	
 	
 	
 	
 	
 	
 	
 	
 	
 	
 	
 	
 	
 	
 	
 	
 	
 	
 	
 	
 	
 	
 	
 	
 	
 	
 	
 	
 	
 	
 	
 	
 	
 	
 	
 	
 	
 	
 	
 	
 	
 	
 	
 	
 	
 	
 	
 	
 	
 	
 	
 	
 	
 	
 	
 	
 	
 	
 	
 	
 	
 	
 	
 	
 	
 	
 	
 	
 	
 	
 	
 	
 	
 	
 	
 	
 	
 	
 	
 	
 	
 	
 	
 	
 	
 	
 	
 	
 	
 	
 	
 	
 	
 	
 	
 	
 	
 	
 	
 	
 	
 	
 	
 	
 	
 	
 	
 	
 	
 	
 	
 	
 	
 	
 	
 	
 	
 	
 	
 	
 	
 	
 	
 	
 	
 	
 	
 	
 	
 	
 	
 	
 	
 	
 	
 	
 	
 	
 	
 	
 	
 	
 	
 	
 	
 	
 	
 	
 	
 	
 	
 	
 	
 	
 	
 	
 	
 	
 	
 	
 	
 	
 	
 	
 	
 	
 	
 	
 	
 	
 	
 	
 	
 	
 	
 	
 	
 	
 	
 	
 	
 	
 	
 	
 	
 	
 	
 	
 	
 	
 	
 	
 	
 	
 	
 	
 	
 	
 	
 	
 	
 	
 	
 	
 	
 	
 	
 	
 	
 	
 	
 	
 	
 	
 	
 	
 	
 	
 	
 	
 	
 	
 	
 	
 	
 	
 	
 	
 	
 	
 	
 	
 	
 	
 	
 	
 	
 	
 	
 	
 	
 	
 	
 	
 	
 	
 	
 	
 	
 	
 	
 	
 	
 	
 	
 	
 	
 	
 	
 	
 	
 	
 	
 	
 	
 	
 	
 	
 	
 	
 	
 	
 	
 	
 	
 	
 	
 	
 	
 	
 	
 	
 	
 	
 	
 	
 	
 	
 	
 	
 	
 	
 	
 	
 	
 	
 	
 	
 	
 	
 	
 	
 	
 	
 	
 	
 	
 	
 	
 	
 	
 	
 	
 	
 	
 	
 	
 	
 	
 	
 	
 	
 	
 	
 	
 	
 	
 	
 	
 	
 	
 	
 	
 	
 	
 	
 	
 	
 	
 	
 	
 	
 	
 	
 	
 	
 	
 	
 	
 	
 	
 	
 	
 	
 	
 	
 	
 	
 	
 	
 	
 	
 	
 	
 	
 	
 	
 	
 	
 	
 	
 	
 	
 	
 	
 	
 	
 	
 	
 	
 	
 	
 	
 	
 	
 	
 	
 	
 	
 	
 	
 	
 	
 	
 	
 	
 	
 	
 	
 	
 	
 	
 	
 	
 	
 	
 	
 	
 	
 	
 	
 	
 	
 	
 	
 	
 	
 	
 	
 	
 	
 	
 	
 	
 	
 	
 	
 	
 	
 	
 	
 	
 	
 	
 	
 	
 	
 	
 	
 	
 	
 	
 	
 	
 	
 	
 	
 	
 	
 	
 	
 	
 	
 	
 	
 	
 	
 	
 	
 	
 	
 	
 	
 	
 	
 	
 	
 	
 	
 	
 	
 	
 	
 	
 	
 	
 	
 	
 	
 	
 	
 	
 	
 	
 	
 	
 	
 	
 	
 	
 	
 	
 	
 	
 	
 	
 	
 	
 	
 	
 	
 	
 	
 	
 	
 	
 	
 	
 	
 	
 	
 	
 	
 	
 	
 	
 	
 	
 	
 	
 	
 	
 	
 	
 	
 	
 	
 	
 	
 	
 	
 	
 	
 	
 	
 	
 	
 	
 	
 	
 	
 	
 	
 	
 	
 	
 	
 	
 	
 	
 	
 	
 	
 	
 	
 	
 	
 	
 	
 	
 	
 	
 	
 	
 	
 	
 	
 	
 	
 	
 	
 	
 	
 	
 	
 	
 	
 	
 	
 	
 	
 	
 	
 	
 	
 	
 	
 	
 	
 	
 	
 	
 	
 	
 	
 	
 	
 	
 	
 	
 	
 	
 	
 	
 	
 	
 	
 	
 	
 	
 	
 	
 	
 	
 	
 	
 	
 	
 	
 	
 	
 	
 	
 	
 	
 	
 	
 	
 	
 	
 	
 	
 	
 	
 	
 	
 	
 	
 	
 	
 	
 	
 	
 	
 	
 	
 	
 	
 	
 	
 	
 	
 	
 	
 	
 	
 	
 	
 	
 	
 	
 	
 	
 	
 	
 	
 	
 	
 	
 	
 	
 	
 	
 	
 	
 	
 	
 	
 	
 	
 	
 	
 	
 	
 	
 	
 	
 	
 	
 	
 	
 	
 	
 	
 	
 	
 	
 	
 	
 	
 	
 	
 	
 	
 	
 	
 	
 	
 	
 	
 	
 	
 	
 	
 	
 	
 	
 	
 	
 	
 	
 	
 	
 	
 	
 	
 	
 	
 	
 	
 	
 	
 	
 	
 	
 	
 	
 	
 	
 	
 	
 	
 	
 	
 	
 	
 	
 	
 	
 	
 	
 	
 	
 	
 	
 	
 	
 	
 	
 	
 	
 	
 	
 	
 	
 	
 	
 	
 	
 	
 	
 	
 	
 	
 	
 	
 	
 	
 	
 	
 	
 	
 	
 	
 	
 	
 	
 	
 	
 	
 	
 	
 	
 	
 	
 	
 	
 	
 	
 	
 	
 	
 	
 	
 	
 	
 	
 	
 	
 	
 	
 	
 	
 	
 	
 	
 	
 	
 	
 	
 	
 	
 	
 	
 	
 	
 	
 	
 	
 	
 	
 	
 	
 	
 	
 	
 	
 	
 	
 	
 	
 	
 	
 	
 	
 	
 	
 	
 	
 	
 	
 	
 	
 	
 	
 	
 	
 	
 	
 	
 	
 	
 	
 	
 	
 	
 	
 	
 	
 	
 	
 	
 	
 	
 	
 	
 	
 	
 	
 	
 	
 	
 	
 	
 	
 	
 	
 	
 	
 	
 	
 	
 	
 	
 	
 	
 	
 	
 	
 	
 	
 	
 	
 	
 	
 	
 	
 	
 	
 	
 	
 	
 	
 	
 	
 	
 	
 	
 	
 	
 	
 	
 	
 	
 	
 	
 	
 	
 	
 	
 	
 	
 	
 	
 	
 	
 	
 	
 	
 	
 	
 	
 	
 	
 	
 	
 	
 	
 	
 	
 	
 	
 	
 	
 	
 	
 	
 	
 	
 	
 	
 	
 	
 	
 	
 	
 	
 	
 	
 	
 	
 	
 	
 	
 	
 	
 	
 	
 	
 	
 	
 	
 	
 	
 	
 	
 	
 	
 	
 	
 	
 	
 	
 	
 	
 	
 	
 	
 	
 	
 	
 	
 	
 	
 	
 	
 	
 	
 	
 	
 	
 	
 	
 	
 	
 	
 	
 	
 	
 	
 	
 	
 	
 	
 	
 	
 	
 	
 	
 	
 	
 	
 	
 	
 	
 	
 	
 	
 	
 	
 	
 	
 	
 	
 	
 	
 	
 	
 	
 	
 	
 	
 	
 	
 	
 	
 	
 	
 	
 	
 	
 	
 	
 	
 	
 	
 	
 	
 	
 	
 	
 	
 	
 	
 	
 	
 	
 	
 	
 	
 	
 	
 	
 	
 	
 	
 	
 	
 	
 	
 	
 	
 	
 	
 	
 	
 	
 	
 	
 	
 	
 	
 	
 	
 	
 	
 	
 	
 	
 	
 	
 	
 	
 	
 	
 	
 	
 	
 	
 	
 	
 	
 	
 	
 	
 	
 	
 	
 	
 	
 	
 	
 	
 	
 	
 	
 	
 	
 	
 	
 	
 	
 	
 	
 	
 	
 	
 	
 	
 	
 	
 	
 	
 	
 	
 	
 	
 	
 	
 	
 	
 	
 	
 	
 	
 	
 	
 	
 	
 	
 	
 	
 	
 	
 	
 	
 	
 	
 	
 	
 	
 	
 	
 	
 	
 	
 	
 	
 	
 	
 	
 	
 	
 	
 	
 	
 	
 	
 	
 	
 	
 	
 	
 	
 	
 	
 	
 	
 	
 	
 	
 	
 	
 	
 	
 	
 	
 	
 	
 	
 	
 	
 	
 	
 	
 	
 	
 	
 	
 	
 	
 	
 	
 	
 	
 	
 	
 	
 	
 	
 	
 	
 	
 	
 	
 	
 	
 	
 	
 	
 	
 	
 	
 	
 	
 	
 	
 	
 	
 	
 	
 	
 	
 	
 	
 	
 	
 	
 	
 	
 	
 	
 	
 	
 	
 	
 	
 	
 	
 	
 	
 	
 	
 	
 	
 	
 	
 	
 	
 	
 	
 	
 	
 	
 	
 	
 	
 	
 	
 	
 	
 	
 	
 	
 	
 	
 	
 	
 	
 	
 	
 	
 	
 	
 	
 	
 	
 	
 	
 	
 	
 	
 	
 	
 	
 	
 	
 	
 	
 	
 	
 	
 	
 	
 	
 	
 	
 	
 	
 	
 	
 	
 	
 	
 	
 	
 	
 	
 	
 	
 	
 	
 	
 	
 	
 	
 	
 	
 	
 	
 	
 	
 	
 	
 	
 	
 	
 	
 	
 	
 	
 	
 	
 	
 	
 	
 	
 	
 	
 	
 	
 	
 	
 	
 	
 	
 	
 	
 	
 	
 	
 	
 	
 	
 	
 	
 	
 	
 	
 	
 	
 	
 	
 	
 	
 	
 	
 	
 	
 	
 	
 	
 	
 	
 	
 	
 	
 	
 	
 	
 	
 	
 	
 	
 	
 	
 	
 	
 	
 	
 	
 	
 	
 	
 	
 	
 	
 	
 	
 	
 	
 	
 	
 	
 	
 	
 	
 	
 	
 	
 	
 	
 	
 	
 	
 	
 	
 	
 	
 	
 	
 	
 	
 	
 	
 	
 	
 	
 	
 	
 	
 	
 	
 	
 	
 	
 	
 	
 	
 	
 	
 	
 	
 	
 	
 	
 	
 	
 	
 	
 	
 	
 	
 	
 	
 	
 	
 	
 	
 	
 	
 	
 	
 	
 	
 	
 	
 	
 	
 	
 	
 	
 	
 	
 	
 	
 	
 	
 	
 	
 	
 	
 	
 	
 	
 	
 	
 	
 	
 	
 	
 	
 	
 	
 	
 	
 	
 	
 	
 	
 	
 	
 	
 	
 	
 	
 	
 	
 	
 	
 	
 	
 	
 	
 	
 	
 	
 	
 	
 	
 	
 	
 	
 	
 	
 	
 	
 	
 	
 	
 	
 	
 	
 	
 	
 	
 	
 	
 	
 	
 	
 	
 	
 	
 	
 	
 	
 	
 	
 	
 	
 	
 	
 	
 	
 	
 	
 	
 	
 	
 	
 	
 	
 	
 	
 	
 	
 	
 	
 	
 	
 	
 	
 	
 	
 	
 	
 	
 	
 	
 	
 	
 	
 	
 	
 	
 	
 	
 	
 	
 	
 	
 	
 	
 	
 	
 	
 	
 	
 	
 	
 	
 	
 	
 	
 	
 	
 	
 	
 	
 	
 	
 	
 	
 	
 	
 	
 	
 	
 	
 	
 	
 	
 	
 	
 	
 	
 	
 	
 	
 	
 	
 	
 	
 	
 	
 	
 	
 	
 	
 	
 	
 	
 	
 	
 	
 	
 	
 	
 	
 	
 	
 	
 	
 	
 	
 	
 	
 	
 	
 	
 	
 	
 	
 	
 	
 	
 	
 	
 	
 	
 	
 	
 	
 	
 	
 	
 	
 	
 	
 	
 	
 	
 	
 	
 	
 	
 	
 	
 	
 	
 	
 	
 	
 	
 	
 	
 	
 	
 	
 	
 	
 	
 	
 	
 	
 	
 	
 	
 	
 	
 	
 	
 	
 	
 	
 	
 	
 	
 	
 	
 	
 	
 	
 	
 	
 	
 	
 	
 	
 	
 	
 	
 	
 	
 	
 	
 	
 	
 	
 	
 	
 	
 	
 	
 	
 	
 	
 	
 	
 	
 	
 	
 	
 	
 	
 	
 	
 	
 	
 	
 	
 	
 	
 	
 	
 	
 	
 	
 	
 	
 	
 	
 	
 	
 	
 	
 	
 	
 	
 	
 	
 	
 	
 	
 	
 	
 	
 	
 	
 	
 	
 	
 	
 	
 	
 	
 	
 	
 	
 	
 	
 	
 	
 	
 	
 	
 	
 	
 	
 	
 	
 	
 	
 	
 	
 	
 	
 	
 	
 	
 	
 	
 	
 	
 	
 	
 	
 	
 	
 	
 	
 	
 	
 	
 	
 	
 	
 	
 	
 	
 	
 	
 	
 	
 	
 	
 	
 	
 	
 	
 	
 	
 	
 	
 	
 	
 	
 	
 	
 	
 	
 	
 	
 	
 	
 	
 	
 	
 	
 	
 	
 	
 	
 	
 	
 	
 	
 	
 	
 	
 	
 	
 	
 	
 	
 	
 	
 	
 	
 	
 	
 	
 	
 	
 	
 	
 	
 	
 	
 	
 	
 	
 	
 	
 	
 	
 	
 	
 	
 	
 	
 	
 	
 	
 	
 	
 	
 	
 	
 	
 	
 	
 	
 	
 	
 	
 	
 	
 	
 	
 	
 	
 	
 	
 	
 	
 	
 	
 	
 	
 	
 	
 	
 	
 	
 	
 	
 	
 	
 	
 	
 	
 	
 	
 	
 	
 	
 	
 	
 	
 	
 	
 	
 	
 	
 	
 	
 	
 	
 	
 	
 	
 	
 	
 	
 	
 	
 	
 	
 	
 	
 	
 	
 	
 	
 	
 	
 	
 	
 	
 	
 	
 	
 	
 	
 	
 	
 	
 	
 	
 	
 	
 	
 	
 	
 	
 	
 	
 	
 	
 	
 	
 	
 	
 	
 	
 	
 	
 	
 	
 	
 	
 	
 	
 	
 	
 	
 	
 	
 	
 	
 	
 	
 	
 	
 	
 	
 	
 	
 	
 	
 	
 	
 	
 	
 	
 	
 	
 	
 	
 	
 	
 	
 	
 	
 	
 	
 	
 	
 	
 	
 	
 	
 	
 	
 	
 	
 	
 	
 	
 	
 	
 	
 	
 	
 	
 	
 	
 	
 	
 	
 	
 	
 	
 	
 	
 	
 	
 	
 	
 	
 	
 	
 	
 	
 	
 	
 	
 	
 	
 	
 	
 	
 	
 	
 	
 	
 	
 	
 	
 	
 	
 	
 	
 	
 	
 	
 	
 	
 	
 	
 	
 	
 	
 	
 	
 	
 	
 	
 	
 	
 	
 	
 	
 	
 	
 	
 	
 	
 	
 	
 	
 	
 	
 	
 	
 	
 	
 	
 	
 	
 	
 	
 	
 	
 	
 	
 	
 	
 	
 	
 	
 	
 	
 	
 	
 	
 	
 	
 	
 	
 	
 	
 	
 	
 	
 	
 	
 	
 	
 	
 	
 	
 	
 	
 	
 	
 	
 	
 	
 	
 	
 	
 	
 	
 	
 	
 	
 	
 	
 	
 	
 	
 	
 	
 	
 	
 	
 	
 	
 	
 	
 	
 	
 	
 	
 	
 	
 	
 	
 	
 	
 	
 	
 	
 	
 	
 	
 	
 	
 	
 	
 	
 	
 	
 	
 	
 	
 	
 	
 	
 	
 	
 	
 	
 	
 	
 	
 	
 	
 	
 	
 	
 	
 	
 	
 	
 	
 	
 	
 	
 	
 	
 	
 	
 	
 	
 	
 	
 	
 	
 	
 	
 	
 	
 	
 	
 	
 	
 	
 	
 	
 	
 	
 	
 	
 	
 	
 	
 	
 	
 	
 	
 	
 	
 	
 	
 	
 	
 	
 	
 	
 	
 	
 	
 	
 	
 	
 	
 	
 	
 	
 	
 	
 	
 	
 	
 	
 	
 	
 	
 	
 	
 	
 	
 	
 	
 	
 	
 	
 	
 	
 	
 	
 	
 	
 	
 	
 	
 	
 	
 	
 	
 	
 	
 	
 	
 	
 	
 	
 	
 	
 	
 	
 	
 	
 	
 	
 	
 	
 	
 	
 	
 	
 	
 	
 	
 	
 	
 	
 	
 	
 	
 	
 	
 	
 	
 	
 	
 	
 	
 	
 	
 	
 	
 	
 	
 	
 	
 	
 	
 	
 	
 	
 	
 	
 	
 	
 	
 	
 	
 	
 	
 	
 	
 	
 	
 	
 	
 	
 	
 	
 	
 	
 	
 	
 	
 	
 	
 	
 	
 	
 	
 	
 	
 	
 	
 	
 	
 	
 	
 	
 	
 	
 	
 	
 	
 	
 	
 	
 	
 	
 	
 	
 	
 	
 	
 	
 	
 	
 	
 	
 	
 	
 	
 	
 	
 	
 	
 	
 	
 	
 	
 	
 	
 	
 	
 	
 	
 	
 	
 	
 	
 	
 	
 	
 	
 	
 	
 	
 	
 	
 	
 	
 	
 	
 	
 	
 	
 	
 	
 	
 	
 	
 	
 	
 	
 	
 	
 	
 	
 	
 	
 	
 	
 	
 	
 	
 	
 	
 	
 	
 	
 	
 	
 	
 	
 	
 	
 	
 	
 	
 	
 	
 	
 	
 	
 	
 	
 	
 	
 	
 	
 	
 	
 	
 	
 	
 	
 	
 	
 	
 	
 	
 	
 	
 	
 	
 	
 	
 	
 	
 	
 	
 	
 	
 	
 	
 	
 	
 	
 	
 	
 	
 	
 	
 	
 	
 	
 	
 	
 	
 	
 	
 	
 	
 	
 	
 	
 	
 	
 	
 	
 	
 	
 	
 	
 	
 	
 	
 	
 	
 	
 	
 	
 	
 	
 	
 	
 	
 	
 	
 	
 	
 	
 	
 	
 	
 	
 	
 	
 	
 	
 	
 	
 	
 	
 	
 	
 	
 	
 	
 	
 	
 	
 	
 	
 	
 	
 	
 	
 	
 	
 	
 	
 	
 	
 	
 	
 	
 	
 	
 	
 	
 	
 	
 	
 	
 	
 	
 	
 	
 	
 	
 	
 	
 	
 	
 	
 	
 	
 	
 	
 	
 	
 	
 	
 	
 	
 	
 	
 	
 	
 	
 	
 	
 	
 	
 	
 	
 	
 	
 	
 	
 	
 	
 	
 	
 	
 	
 	
 	
 	
 	
 	
 	
 	
 	
 	
 	
 	
 	
 	
 	
 	
 	
 	
 	
 	
 	
 	
 	
 	
 	
 	
 	
 	
 	
 	
 	
 	
 	
 	
 	
 	
 	
 	
 	
 	
 	
 	
 	
 	
 	
 	
 	
 	
 	
 	
 	
 	
 	
 	
 	
 	
 	
 	
 	
 	
 	
 	
 	
 	
 	
 	
 	
 	
 	
 	
 	
 	
 	
 	
 	
 	
 	
 	
 	
 	
 	
 	
 	
 	
 	
 	
 	
 	
 	
 	
 	
 	
 	
 	
 	
 	
 	
 	
 	
 	
 	
 	
 	
 	
 	
 	
 	
 	
 	
 	
 	
 	
 	
 	
 	
 	
 	
 	
 	
 	
 	
 	
 	
 	
 	
 	
 	
 	
 	
 	
 	
 	
 	
 	
 	
 	
 	
 	
 	
 	
 	
 	
 	
 	
 	
 	
 	
 	
 	
 	
 	
 	
 	
 	
 	
 	
 	
 	
 	
 	
 	
 	
 	
 	
 	
 	
 	
 	
 	
 	
 	
 	
 	
 	
 	
 	
 	
 	
 	
 	
 	
 	
 	
 	
 	
 	
 	
 	
 	
 	
 	
 	
 	
 	
 	
 	
 	
 	
 	
 	
 	
 	
 	
 	
 	
 	
 	
 	
 	
 	
 	
 	
 	
 	
 	
 	
 	
 	
 	
 	
 	
 	
 	
 	
 	
 	
 	
 	
 	
 	
 	
 	
 	
 	
 	
 	
 	
 	
 	
 	
 	
 	
 	
 	
 	
 	
 	
 	
 	
 	
 	
 	
 	
 	
 	
 	
 	
 	
 	
 	
 	
 	
 	
 	
 	
 	
 	
 	
 	
 	
 	
 	
 	
 	
 	
 	
 	
 	
 	
 	
 	
 	
 	
 	
 	
 	
 	
 	
 	
 	
 	
 	
 	
 	
 	
 	
 	
 	
 	
 	
 	
 	
 	
 	
 	
 	
 	
 	
 	
 	
 	
 	
 	
 	
 	
 	
 	
 	
 	
 	
 	
 	
 	
 	
 	
 	
 	
 	
 	
 	
 	
 	
 	
 	
 	
 	
 	
 	
 	
 	
 	
 	
 	
 	
 	
 	
 	
 	
 	
 	
 	
 	
 	
 	
 	
 	
 	
 	
 	
 	
 	
 	
 	
 	
 	
 	
 	
 	
 	
 	
 	
 	
 	
 	
 	
 	
 	
 	
 	
 	
 	
 	
 	
 	
 	
 	
 	
 	
 	
 	
 	
 	
 	
 	
 	
 	
 	
 	
 	
 	
 	
 	
 	
 	
 	
 	
 	
 	
 	
 	
 	
 	
 	
 	
 	
 	
 	
 	
 	
 	
 	
 	
 	
 	
 	
 	
 	
 	
 	
 	
 	
 	
 	
 	
 	
 	
 	
 	
 	
 	
 	
 	
 	
 	
 	
 	
 	
 	
 	
 	
 	
 	
 	
 	
 	
 	
 	
 	
 	
 	
 	
 	
 	
 	
 	
 	
 	
 	
 	
 	
 	
 	
 	
 	
 	
 	
 	
 	
 	
 	
 	
 	
 	
 	
 	
 	
 	
 	
 	
 	
 	
 	
 	
 	
 	
 	
 	
 	
 	
 	
 	
 	
 	
 	
 	
 	
 	
 	
 	
 	
 	
 	
 	
 	
 	
 	
 	
 	
 	
 	
 	
 	
 	
 	
 	
 	
 	
 	
 	
 	
 	
 	
 	
 	
 	
 	
 	
 	
 	
 	
 	
 	
 	
 	
 	
 	
 	
 	
 	
 	
 	
 	
 	
 	
 	
 	
 	
 	
 	
 	
 	
 	
 	
 	
 	
 	
 	
 	
 	
 	
 	
 	
 	
 	
 	
 	
 	
 	
 	
 	
 	
 	
 	
 	
 	
 	
 	
 	
 	
 	
 	
 	
 	
 	
 	
 	
 	
 	
 	
 	
 	
 	
 	
 	
 	
 	
 	
 	
 	
 	
 	
 	
 	
 	
 	
 	
 	
 	
 	
 	
 	
 	
 	
 	
 	
 	
 	
 	
 	
 	
 	
 	
 	
 	
 	
 	
 	
 	
 	
 	
 	
 	
 	
 	
 	
 	
 	
 	
 	
 	
 	
 	
 	
 	
 	
 	
 	
 	
 	
 	
 	
 	
 	
 	
 	
 	
 	
 	
 	
 	
 	
 	
 	
 	
 	
 	
 	
 	
 	
 	
 	
 	
 	
 	
 	
 	
 	
 	
 	
 	
 	
 	
 	
 	
 	
 	
 	
 	
 	
 	
 	
 	
 	
 	
 	
 	
 	
 	
 	
 	
 	
 	
 	
 	
 	
 	
 	
 	
 	
 	
 	
 	
 	
 	
 	
 	
 	
 	
 	
 	
 	
 	
 	
 	
 	
 	
 	
 	
 	
 	
 	
 	
 	
 	
 	
 	
 	
 	
 	
 	
 	
 	
 	
 	
 	
 	
 	
 	
 	
 	
 	
 	
 	
 	
 	
 	
 	
 	
 	
 	
 	
 	
 	
 	
 	
 	
 	
 	
 	
 	
 	
 	
 	
 	
 	
 	
 	
 	
 	
 	
 	
 	
 	
 	
 	
 	
 	
 	
 	
 	
 	
 	
 	
 	
 	
 	
 	
 	
 	
 	
 	
 	
 	
 	
 	
 	
 	
 	
 	
 	
 	
 	
 	
 	
 	
 	
 	
 	
 	
 	
 	
 	
 	
 	
 	
 	
 	
 	
 	
 	
 	
 	
 	
 	
 	
 	
 	
 	
 	
 	
 	
 	
 	
 	
 	
 	
 	
 	
 	
 	
 	
 	
 	
 	
 	
 	
 	
 	
 	
 	
 	
 	
 	
 	
 	
 	
 	
 	
 	
 	
 	
 	
 	
 	
 	
 	
 	
 	
 	
 	
 	
 	
 	
 	
 	
 	
 	
 	
 	
 	
 	
 	
 	
 	
 	
 	
 	
 	
 	
 	
 	
 	
 	
 	
 	
 	
 	
 	
 	
 	
 	
 	
 	
 	
 	
 	
 	
 	
 	
 	
 	
 	
 	
 	
 	
 	
 	
 	
 	
 	
 	
 	
 	
 	
 	
 	
 	
 	
 	
 	
 	
 	
 	
 	
 	
 	
 	
 	
 	
 	
 	
 	
 	
 	
 	
 	
 	
 	
 	
 	
 	
 	
 	
 	
 	
 	
 	
 	
 	
 	
 	
 	
 	
 	
 	
 	
 	
 	
 	
 	
 	
 	
 	
 	
 	
 	
 	
 	
 	
 	
 	
 	
 	
 	
 	
 	
 	
 	
 	
 	
 	
 	
 	
 	
 	
 	
 	
 	
 	
 	
 	
 	
 	
 	
 	
 	
 	
 	
 	
 	
 	
 	
 	
 	
 	
 	
 	
 	
 	
 	
 	
 	
 	
 	
 	
 	
 	
 	
 	
 	
 	
 	
 	
 	
 	
 	
 	
 	
 	
 	
 	
 	
 	
 	
 	
 	
 	
 	
 	
 	
 	
 	
 	
 	
 	
 	
 	
 	
 	
 	
 	
 	
 	
 	
 	
 	
 	
 	
 	
 	
 	
 	
 	
 	
 	
 	
 	
 	
 	
 	
 	
 	
 	
 	
 	
 	
 	
 	
 	
 	
 	
 	
 	
 	
 	
 	
 	
 	
 	
 	
 	
 	
 	
 	
 	
 	
 	
 	
 	
 	
 	
 	
 	
 	
 	
 	
 	
 	
 	
 	
 	
 	
 	
 	
 	
 	
 	
 	
 	
 	
 	
 	
 	
 	
 	
 	
 	
 	
 	
 	
 	
 	
 	
 	
 	
 	
 	
 	
 	
 	
 	
 	
 	
 	
 	
 	
 	
 	
 	
 	
 	
 	
 	
 	
 	
 	
 	
 	
 	
 	
 	
 	
 	
 	
 	
 	
 	
 	
 	
 	
 	
 	
 	
 	
 	
 	
 	
 	
 	
 	
 	
 	
 	
 	
 	
 	
 	
 	
 	
 	
 	
 	
 	
 	
 	
 	
 	
 	
 	
 	
 	
 	
 	
 	
 	
 	
 	
 	
 	
 	
 	
 	
 	
 	
 	
 	
 	
 	
 	
 	
 	
 	
 	
 	
 	
 	
 	
 	
 	
 	
 	
 	
 	
 	
 	
 	
 	
 	
 	
 	
 	
 	
 	
 	
 	
 	
 	
 	
 	
 	
 	
 	
 	
 	
 	
 	
 	
 	
 	
 	
 	
 	
 	
 	
 	
 	
 	
 	
 	
 	
 	
 	
 	
 	
 	
 	
 	
 	
 	
 	
 	
 	
 	
 	
 	
 	
 	
 	
 	
 	
 	
 	
 	
 	
 	
 	
 	
 	
 	
 	
 	
 	
 	
 	
 	
 	
 	
 	
 	
 	
 	
 	
 	
 	
 	
 	
 	
 	
 	
 	
 	
 	
 	
 	
 	
 	
 	
 	
 	
 	
 	
 	
 	
 	
 	
 	
 	
 	
 	
 	
 	
 	
 	
 	
 	
 	
 	
 	
 	
 	
 	
 	
 	
 	
 	
 	
 	
 	
 	
 	
 	
 	
 	
 	
 	
 	
 	
 	
 	
 	
 	
 	
 	
 	
 	
 	
 	
 	
 	
 	
 	
 	
 	
 	
 	
 	
 	
 	
 	
 	
 	
 	
 	
 	
 	
 	
 	
 	
 	
 	
 	
 	
 	
 	
 	
 	
 	
 	
 	
 	
 	
 	
 	
 	
 	
 	
 	
 	
 	
 	
 	
 	
 	
 	
 	
 	
 	
 	
 	
 	
 	
 	
 	
 	
 	
 	
 	
 	
 	
 	
 	
 	
 	
 	
 	
 	
 	
 	
 	
 	
 	
 	
 	
 	
 	
 	
 	
 	
 	
 	
 	
 	
 	
 	
 	
 	
 	
 	
 	
 	
 	
 	
 	
 	
 	
 	
 	
 	
 	
 	
 	
 	
 	
 	
 	
 	
 	
 	
 	
 	
 	
 	
 	
 	
 	
 	
 	
 	
 	
 	
 	
 	
 	
 	
 	
 	
 	
 	
 	
 	
 	
 	
 	
 	
 	
 	
 	
 	
 	
 	
 	
 	
 	
 	
 	
 	
 	
 	
 	
 	
 	
 	
 	
 	
 	
 	
 	
 	
 	
 	
 	
 	
 	
 	
 	
 	
 	
 	
 	
 	
 	
 	
 	
 	
 	
 	
 	
 	
 	
 	
 	
 	
 	
 	
 	
 	
 	
 	
 	
 	
 	
 	
 	
 	
 	
 	
 	
 	
 	
 	
 	
 	
 	
 	
 	
 	
 	
 	
 	
 	
 	
 	
 	
 	
 	
 	
 	
 	
 	
 	
 	
 	
 	
 	
 	
 	
 	
 	
 	
 	
 	
 	
 	
 	
 	
 	
 	
 	
 	
 	
 	
 	
 	
 	
 	
 	
 	
 	
 	
 	
 	
 	
 	
 	
 	
 	
 	
 	
 	
 	
 	
 	
 	
 	
 	
 	
 	
 	
 	
 	
 	
 	
 	
 	
 	
 	
 	
 	
 	
 	
 	
 	
 	
 	
 	
 	
 	
 	
 	
 	
 	
 	
 	
 	
 	
 	
 	
 	
 	
 	
 	
 	
 	
 	
 	
 	
 	
 	
 	
 	
 	
 	
 	
 	
 	